"rank","verdict","tier","confidence","identity_score","inspiration_mode","name","filing_date","state","industry","industry_ko","amount_offered_usd","amount_sold_usd","investors","archetype","total_score","solo_buildability","first_revenue_speed","revenue_profit_potential","korea_business_fit","global_expansion","data_workflow_moat","investment_fit_score","first_revenue_band","product_summary","product_summary_en","opportunity_origin","solo_idea","first_offer","pricing_model","target_customer","acquisition_channel","moat_to_build","korean_analog","korea_strategy","global_strategy","penalties","risk","build_window","official_url","sec_url"
"1","추천","핵심","B","65","direct","Agentio Inc.","2025-11-18","NY","Other Technology","기타 기술","40000000","39999933","8","마케팅·영업·고객운영","95","24","20","19","15","10","7","10","30일","Agentio는 캠페인을 처음부터 끝까지 자동화하여 광고주가 몇 달이 아닌 몇 시간 만에 Meta, YouTube 등에서 크리에이터 프로그램을 확장할 수 있도록 지원하는 동시에 크리에이터를 세계 최고의 브랜드와 연결해 줍니다.","Agentio automates campaigns end to end, enabling advertisers to scale creator programs across Meta, YouTube, and beyond in hours, not months, while connecting creators with the world’s top brands.","콘텐츠·문의·고객대화가 매출 행동으로 연결되지 않고 사람이 채널마다 반복 처리하는 문제","문의·리뷰·콘텐츠를 예약·구매·재방문 행동까지 연결하는 업종 특화 도구","최근 문의·리뷰 200건을 매출 행동으로 분류하고 2주간 후속메시지를 실행하는 유료 파일럿","브랜드/지점당 월 30만~200만원 + 채널·전환 건수","예약·상담·반복구매가 중요한 중소 브랜드와 서비스업체","네이버·카카오·스마트스토어 대행사, 업종 커뮤니티, 매출 사례 직접 영업","채널 연동, 업종별 콘텐츠·대화 성과와 실제 예약·구매 전환 데이터","CRM·채널 상담 도구가 많으므로 업종별 예약·매출 귀속까지 완료해야 차별화","네이버·카카오·인스타그램·스마트스토어 문의를 예약·구매·재방문 결과까지 연결","한국 업종별 전환 데이터를 쌓은 뒤 일본 LINE과 동남아 WhatsApp으로 확장","","공식 제품과 고객 인터뷰로 수요·가격·도입권한을 다시 검증","4~6주 MVP","https://www.agentio.com/","https://www.sec.gov/Archives/edgar/data/2045903/000204590325000002/0002045903-25-000002-index.html"
"2","추천","핵심","B","65","direct","ORNN AI INC","2026-05-27","NY","Other Technology","기타 기술","33717924","33667935","35","마케팅·영업·고객운영","95","24","20","19","15","10","7","12","30일","Ornn은 B2B 팀이 LinkedIn 콘텐츠를 만들고 잠재고객과 소통하며 개인화된 영업 접촉을 한 플랫폼에서 실행하도록 돕는다.","Ornn helps B2B teams create LinkedIn content, engage with their audience, and run personalized outreach - all from one platform","콘텐츠·문의·고객대화가 매출 행동으로 연결되지 않고 사람이 채널마다 반복 처리하는 문제","문의·리뷰·콘텐츠를 예약·구매·재방문 행동까지 연결하는 업종 특화 도구","최근 문의·리뷰 200건을 매출 행동으로 분류하고 2주간 후속메시지를 실행하는 유료 파일럿","브랜드/지점당 월 30만~200만원 + 채널·전환 건수","예약·상담·반복구매가 중요한 중소 브랜드와 서비스업체","네이버·카카오·스마트스토어 대행사, 업종 커뮤니티, 매출 사례 직접 영업","채널 연동, 업종별 콘텐츠·대화 성과와 실제 예약·구매 전환 데이터","CRM·채널 상담 도구가 많으므로 업종별 예약·매출 귀속까지 완료해야 차별화","네이버·카카오·인스타그램·스마트스토어 문의를 예약·구매·재방문 결과까지 연결","한국 업종별 전환 데이터를 쌓은 뒤 일본 LINE과 동남아 WhatsApp으로 확장","","공식 제품과 고객 인터뷰로 수요·가격·도입권한을 다시 검증","4~6주 MVP","https://ornn.io/","https://www.sec.gov/Archives/edgar/data/2133586/000213358626000001/0002133586-26-000001-index.html"
"3","추천","핵심","B","65","direct","GoCombine Corp.","2026-03-31","NC","Other Technology","기타 기술","500000","60000","3","마케팅·영업·고객운영","95","24","20","19","15","10","7","8","30일","마케팅을 중앙 집중화하고 수익 성장을 지켜보세요. 하나의 플랫폼에서 이메일 + SMS 캠페인, 템플릿 및 분석을 수행할 수 있습니다. 베타 대기자 명단에 등록하세요.","Centralize your marketing and watch revenue grow. Email + SMS campaigns, templates, and analytics in one platform. Join the beta waitlist.","콘텐츠·문의·고객대화가 매출 행동으로 연결되지 않고 사람이 채널마다 반복 처리하는 문제","문의·리뷰·콘텐츠를 예약·구매·재방문 행동까지 연결하는 업종 특화 도구","최근 문의·리뷰 200건을 매출 행동으로 분류하고 2주간 후속메시지를 실행하는 유료 파일럿","브랜드/지점당 월 30만~200만원 + 채널·전환 건수","예약·상담·반복구매가 중요한 중소 브랜드와 서비스업체","네이버·카카오·스마트스토어 대행사, 업종 커뮤니티, 매출 사례 직접 영업","채널 연동, 업종별 콘텐츠·대화 성과와 실제 예약·구매 전환 데이터","CRM·채널 상담 도구가 많으므로 업종별 예약·매출 귀속까지 완료해야 차별화","네이버·카카오·인스타그램·스마트스토어 문의를 예약·구매·재방문 결과까지 연결","한국 업종별 전환 데이터를 쌓은 뒤 일본 LINE과 동남아 WhatsApp으로 확장","","공식 제품과 고객 인터뷰로 수요·가격·도입권한을 다시 검증","4~6주 MVP","https://www.gocombine.com/","https://www.sec.gov/Archives/edgar/data/2105778/000210577826000001/0002105778-26-000001-index.html"
"4","추천","핵심","A","78","direct","Counsel Stack, Inc.","2025-11-24","PA","Other Technology","기타 기술","200000","200000","1","법률·전문서비스 운영","94","22","20","20","14","9","9","14","30일","Counsel Stack은 법률 문서의 인용이 실제 판례·법령과 일치하는지 확인하고 허위 인용과 미국 연방민사소송규칙 제11조 위반 위험을 찾아내는 API다.","Enterprise-grade legal citation verification API. Detect hallucinated citations, verify accuracy, and avoid Rule 11 sanctions. Trusted by 500+ legal orgs.","전문가가 사건 접수·자료 회수·문서 검수·기한·청구를 수작업하는 문제","사건 접수·자료회수·증거 타임라인·문서 품질검사·청구 가능 활동 포착 중 하나를 자동화","과거 사건 20건에서 누락 자료·기한·청구 가능 시간을 찾아주는 유료 업무감사","사용자당 월 15만~60만원 + 구축비 또는 복원매출 수수료","로펌·노무·특허·세무·손해사정 사무소 대표와 사건 운영자","전문가 협회·교육·서식 파트너와 복원매출 사례 기반 직접 영업","한국 문서·업무 템플릿, 전문가 수정 이력, 사건·청구 결과 라벨","리걸 AI 경쟁이 강하므로 사건 운영과 청구 가능한 활동 포착 같은 좁은 흐름이 필요","범용 법률답변보다 HWP 문서 QA·자료회수·기한·청구 누수에 집중하고 전문가 승인을 유지","한국 전문서비스에서 검증한 뒤 일본과 영문권 문서·청구 워크플로로 확장","","공식 제품과 고객 인터뷰로 수요·가격·도입권한을 다시 검증","4~6주 MVP","https://www.counselstack.com/","https://www.sec.gov/Archives/edgar/data/2093866/000209386625000001/0002093866-25-000001-index.html"
"5","추천","핵심","B","65","direct","Poodle AI Corp.","2025-03-04","WA","Other Technology","기타 기술","6415000","5964997","11","재무·백오피스","94","22","20","20","14","9","9","12","30일","광고 비용을 지불할 때마다 보상을 받는 마케팅 지출 플랫폼입니다.","The marketing spend platform that rewards you every time you pay for ads.","계약·송장·입금·미수·회계 자료가 맞지 않아 현금 회수와 마감이 늦어지는 문제","계약·송장·입금·미수금의 불일치를 찾아 후속조치 초안을 만들고 사람이 승인","미수·송장 3개월치를 대조해 회수 우선순위와 고객별 후속문안을 제공하는 유료 진단","회사당 월 60만~300만원 + 온보딩비 또는 회수 성과수수료","계약·송장·입금·미수 관리가 복잡한 중소 B2B 기업 대표와 재무 담당자","회계사·세무사·ERP 파트너, 미수 회수·마감 단축 사례 기반 직접 영업","ERP·회계 연동, 예외·승인·회수 결과와 거래처별 지불 패턴","회계·세무 SaaS가 강하므로 불일치 탐지와 실제 회수 성과에 집중","ERP를 교체하지 않고 계약·전자세금계산서·입금 불일치와 후속조치를 연결","한국에서 회수·마감 성과를 검증한 뒤 싱가포르·호주 회계 연동으로 확장","","공식 제품과 고객 인터뷰로 수요·가격·도입권한을 다시 검증","4~6주 MVP","https://trypoodle.com/","https://www.sec.gov/Archives/edgar/data/2058846/000195654325000003/0001956543-25-000003-index.html"
"6","추천","핵심","B","65","direct","VoiceScript, Inc.","2025-01-31","FL","Other","기타","4810105","4255100","21","법률·전문서비스 운영","94","22","20","20","14","9","9","14","30일","VoiceScript는 로펌·속기업체·법원에 AI 법정속기, 증언녹취 준비, 실시간 코칭, 녹취록 제작과 사건 분석을 제공한다.","Transform litigation productivity with AI-powered court reporting, deposition prep, realtime coaching, transcript production, and case analytics for law firms, agencies, and courts","전문가가 사건 접수·자료 회수·문서 검수·기한·청구를 수작업하는 문제","사건 접수·자료회수·증거 타임라인·문서 품질검사·청구 가능 활동 포착 중 하나를 자동화","과거 사건 20건에서 누락 자료·기한·청구 가능 시간을 찾아주는 유료 업무감사","사용자당 월 15만~60만원 + 구축비 또는 복원매출 수수료","로펌·노무·특허·세무·손해사정 사무소 대표와 사건 운영자","전문가 협회·교육·서식 파트너와 복원매출 사례 기반 직접 영업","한국 문서·업무 템플릿, 전문가 수정 이력, 사건·청구 결과 라벨","리걸 AI 경쟁이 강하므로 사건 운영과 청구 가능한 활동 포착 같은 좁은 흐름이 필요","범용 법률답변보다 HWP 문서 QA·자료회수·기한·청구 누수에 집중하고 전문가 승인을 유지","한국 전문서비스에서 검증한 뒤 일본과 영문권 문서·청구 워크플로로 확장","","공식 제품과 고객 인터뷰로 수요·가격·도입권한을 다시 검증","4~6주 MVP","https://voicescript.ai/","https://www.sec.gov/Archives/edgar/data/2054308/000205430825000001/0002054308-25-000001-index.html"
"7","추천","핵심","B","65","direct","Verlo.ai, Inc.","2026-06-12","CA","Business Services","기업 서비스","3500000","1700000","5","음성·프런트데스크","94","24","20","20","14","8","8","16","30일","전화에 응답하고, 약속을 예약하고, 확인 메시지를 자동으로 보내는 AI 기반 접수원","AI-powered receptionist that answers calls, books appointments, and sends confirmations automatically","전화 미응답·예약 변경·반복 문의 때문에 직원 시간이 들고 예약 매출이 새는 문제","전화 접수·예약·미응답 후속연락을 한 업종의 규칙과 사람 전환까지 포함해 자동화","최근 놓친 전화 100건을 분석하고 2주간 예약 완료형 AI 상담원을 운영하는 유료 파일럿","지점당 월 40만~150만원 + 통화량 + 초기 설정비","예약 전화가 매출로 이어지는 치과·정비·수리·전문서비스 사업자","업종별 사업자 명단 직접 영업, 전화·예약 구축 파트너, 협회 사례 발표","업종별 통화 결과, 예약 전환, 실패·사람 전환 규칙과 한국어 대화 평가셋","국내 AICC·보이스봇·예약 솔루션이 인접하므로 범용 상담보다 한 업종의 예약 완료에 집중","국내 전화망·네이버예약·카카오 채널과 존댓말·사람 연결 규칙을 묶어 한 업종에 판매","한국에서 예약 완료율을 검증한 뒤 일본·호주 현지 전화·예약 채널로 확장","","공식 제품과 고객 인터뷰로 수요·가격·도입권한을 다시 검증","4~6주 MVP","https://verloai.com/","https://www.sec.gov/Archives/edgar/data/2108704/000210870426000001/0002108704-26-000001-index.html"
"8","추천","핵심","B","65","direct","CENTSIGHT INC","2026-02-09","MI","Other","기타","1500000","1500000","1","재무·백오피스","94","22","20","20","14","9","9","13","30일","Centsight는 연매출 100만~5천만 달러 기업의 실시간 재무데이터를 쉬운 말로 설명하고 대시보드, 현금소진율과 현금흐름 경보를 제공한다.","AI-powered financial clarity for businesses doing $1M–$50M in revenue. Plain-English answers from your live financial data. Real-time dashboards, burn rate tracking, and proactive cash flow alerts.","계약·송장·입금·미수·회계 자료가 맞지 않아 현금 회수와 마감이 늦어지는 문제","계약·송장·입금·미수금의 불일치를 찾아 후속조치 초안을 만들고 사람이 승인","미수·송장 3개월치를 대조해 회수 우선순위와 고객별 후속문안을 제공하는 유료 진단","회사당 월 60만~300만원 + 온보딩비 또는 회수 성과수수료","계약·송장·입금·미수 관리가 복잡한 중소 B2B 기업 대표와 재무 담당자","회계사·세무사·ERP 파트너, 미수 회수·마감 단축 사례 기반 직접 영업","ERP·회계 연동, 예외·승인·회수 결과와 거래처별 지불 패턴","회계·세무 SaaS가 강하므로 불일치 탐지와 실제 회수 성과에 집중","ERP를 교체하지 않고 계약·전자세금계산서·입금 불일치와 후속조치를 연결","한국에서 회수·마감 성과를 검증한 뒤 싱가포르·호주 회계 연동으로 확장","","공식 제품과 고객 인터뷰로 수요·가격·도입권한을 다시 검증","4~6주 MVP","https://centsight.com/","https://www.sec.gov/Archives/edgar/data/2110318/000211031826000001/0002110318-26-000001-index.html"
"9","추천","핵심","B","70","direct","Haus Analytics Inc.","2025-04-18","CA","Other Technology","기타 기술","20000000","18299934","9","마케팅·영업·고객운영","94","24","20","19","14","10","7","10","30일","Haus의 AI 기반 인과 마케팅 플랫폼과 전문가 가이드를 통해 더욱 스마트한 기업 마케팅 투자를 해보세요.","Make smarter enterprise marketing investments with Haus’ AI-powered causal marketing platform and expert guidance.","콘텐츠·문의·고객대화가 매출 행동으로 연결되지 않고 사람이 채널마다 반복 처리하는 문제","문의·리뷰·콘텐츠를 예약·구매·재방문 행동까지 연결하는 업종 특화 도구","최근 문의·리뷰 200건을 매출 행동으로 분류하고 2주간 후속메시지를 실행하는 유료 파일럿","브랜드/지점당 월 30만~200만원 + 채널·전환 건수","예약·상담·반복구매가 중요한 중소 브랜드와 서비스업체","네이버·카카오·스마트스토어 대행사, 업종 커뮤니티, 매출 사례 직접 영업","채널 연동, 업종별 콘텐츠·대화 성과와 실제 예약·구매 전환 데이터","CRM·채널 상담 도구가 많으므로 업종별 예약·매출 귀속까지 완료해야 차별화","네이버·카카오·인스타그램·스마트스토어 문의를 예약·구매·재방문 결과까지 연결","한국 업종별 전환 데이터를 쌓은 뒤 일본 LINE과 동남아 WhatsApp으로 확장","","공식 제품과 고객 인터뷰로 수요·가격·도입권한을 다시 검증","4~6주 MVP","https://www.haus.io/","https://www.sec.gov/Archives/edgar/data/1893901/000189390125000002/0001893901-25-000002-index.html"
"10","추천","핵심","B","65","direct","Kustomer, Inc.","2025-08-06","NJ","Other","기타","29999994","29999994","7","마케팅·영업·고객운영","94","24","20","19","14","10","7","10","30일","Kustomer의 AI 고객 서비스 CRM을 통해 더 빠르고 개인화된 지원을 제공하세요. 하나의 플랫폼에서 대화를 통합하고, 워크플로를 자동화하고, 옴니채널 CX를 강화하세요.","Deliver faster, personalized support with Kustomer s AI customer service CRM. Unify conversations, automate workflows, and power omnichannel CX in one platform.","콘텐츠·문의·고객대화가 매출 행동으로 연결되지 않고 사람이 채널마다 반복 처리하는 문제","문의·리뷰·콘텐츠를 예약·구매·재방문 행동까지 연결하는 업종 특화 도구","최근 문의·리뷰 200건을 매출 행동으로 분류하고 2주간 후속메시지를 실행하는 유료 파일럿","브랜드/지점당 월 30만~200만원 + 채널·전환 건수","예약·상담·반복구매가 중요한 중소 브랜드와 서비스업체","네이버·카카오·스마트스토어 대행사, 업종 커뮤니티, 매출 사례 직접 영업","채널 연동, 업종별 콘텐츠·대화 성과와 실제 예약·구매 전환 데이터","CRM·채널 상담 도구가 많으므로 업종별 예약·매출 귀속까지 완료해야 차별화","네이버·카카오·인스타그램·스마트스토어 문의를 예약·구매·재방문 결과까지 연결","한국 업종별 전환 데이터를 쌓은 뒤 일본 LINE과 동남아 WhatsApp으로 확장","","공식 제품과 고객 인터뷰로 수요·가격·도입권한을 다시 검증","4~6주 MVP","https://www.kustomer.com/","https://www.sec.gov/Archives/edgar/data/1979406/000123191925000143/0001231919-25-000143-index.html"
"11","추천","핵심","B","65","direct","Variabl, Inc.","2026-02-23","FL","Other Technology","기타 기술","3622697","3622697","5","마케팅·영업·고객운영","94","24","20","19","14","10","7","16","30일","Variabl은 기업의 복잡한 영업 성과급과 수수료 계산을 자동화하는 인센티브 보상관리 소프트웨어다.","Variabl is the leading sales commission software specializing in enterprise commission automation. Ready for modern ICM? Try Variabl today.","콘텐츠·문의·고객대화가 매출 행동으로 연결되지 않고 사람이 채널마다 반복 처리하는 문제","문의·리뷰·콘텐츠를 예약·구매·재방문 행동까지 연결하는 업종 특화 도구","최근 문의·리뷰 200건을 매출 행동으로 분류하고 2주간 후속메시지를 실행하는 유료 파일럿","브랜드/지점당 월 30만~200만원 + 채널·전환 건수","예약·상담·반복구매가 중요한 중소 브랜드와 서비스업체","네이버·카카오·스마트스토어 대행사, 업종 커뮤니티, 매출 사례 직접 영업","채널 연동, 업종별 콘텐츠·대화 성과와 실제 예약·구매 전환 데이터","CRM·채널 상담 도구가 많으므로 업종별 예약·매출 귀속까지 완료해야 차별화","네이버·카카오·인스타그램·스마트스토어 문의를 예약·구매·재방문 결과까지 연결","한국 업종별 전환 데이터를 쌓은 뒤 일본 LINE과 동남아 WhatsApp으로 확장","","공식 제품과 고객 인터뷰로 수요·가격·도입권한을 다시 검증","4~6주 MVP","https://variabl.com/","https://www.sec.gov/Archives/edgar/data/2032328/000203232826000003/0002032328-26-000003-index.html"
"12","추천","핵심","B","65","direct","SetSale, Inc.","2026-03-17","NC","Other Technology","기타 기술","2688000","2617998","9","마케팅·영업·고객운영","94","24","20","19","14","10","7","16","30일","SetSale은 HVAC 판매자가 가격표와 AHRI 조합을 바탕으로 수익성·계약금액·수주율을 높이는 복수 선택형 견적을 AI로 즉시 만들게 한다.","Stop wrestling with pricing spreadsheets and AHRI matchups. Let SetSale s AI instantly build you dynamic multi-option quotes that maximize profitability, ticket sizes, and win rates.","콘텐츠·문의·고객대화가 매출 행동으로 연결되지 않고 사람이 채널마다 반복 처리하는 문제","문의·리뷰·콘텐츠를 예약·구매·재방문 행동까지 연결하는 업종 특화 도구","최근 문의·리뷰 200건을 매출 행동으로 분류하고 2주간 후속메시지를 실행하는 유료 파일럿","브랜드/지점당 월 30만~200만원 + 채널·전환 건수","예약·상담·반복구매가 중요한 중소 브랜드와 서비스업체","네이버·카카오·스마트스토어 대행사, 업종 커뮤니티, 매출 사례 직접 영업","채널 연동, 업종별 콘텐츠·대화 성과와 실제 예약·구매 전환 데이터","CRM·채널 상담 도구가 많으므로 업종별 예약·매출 귀속까지 완료해야 차별화","네이버·카카오·인스타그램·스마트스토어 문의를 예약·구매·재방문 결과까지 연결","한국 업종별 전환 데이터를 쌓은 뒤 일본 LINE과 동남아 WhatsApp으로 확장","","공식 제품과 고객 인터뷰로 수요·가격·도입권한을 다시 검증","4~6주 MVP","https://www.setsale.ai/","https://www.sec.gov/Archives/edgar/data/2115412/000211541226000001/0002115412-26-000001-index.html"
"13","추천","핵심","B","65","direct","SlashExperts Inc","2025-05-20","CA","Other Technology","기타 기술","2099999","2099999","5","마케팅·영업·고객운영","94","24","20","19","14","10","7","14","30일","SlashExperts는 AI 에이전트가 구매 결정 시점에 적합한 고객 성공사례와 레퍼런스를 제시해 B2B 영업의 신뢰를 높이는 플랫폼이다.","SlashExperts is the Trust Layer for B2B Sales. Carly, our AI agent, delivers the right customer proof at the exact moment buyers need confidence to move.","콘텐츠·문의·고객대화가 매출 행동으로 연결되지 않고 사람이 채널마다 반복 처리하는 문제","문의·리뷰·콘텐츠를 예약·구매·재방문 행동까지 연결하는 업종 특화 도구","최근 문의·리뷰 200건을 매출 행동으로 분류하고 2주간 후속메시지를 실행하는 유료 파일럿","브랜드/지점당 월 30만~200만원 + 채널·전환 건수","예약·상담·반복구매가 중요한 중소 브랜드와 서비스업체","네이버·카카오·스마트스토어 대행사, 업종 커뮤니티, 매출 사례 직접 영업","채널 연동, 업종별 콘텐츠·대화 성과와 실제 예약·구매 전환 데이터","CRM·채널 상담 도구가 많으므로 업종별 예약·매출 귀속까지 완료해야 차별화","네이버·카카오·인스타그램·스마트스토어 문의를 예약·구매·재방문 결과까지 연결","한국 업종별 전환 데이터를 쌓은 뒤 일본 LINE과 동남아 WhatsApp으로 확장","","공식 제품과 고객 인터뷰로 수요·가격·도입권한을 다시 검증","4~6주 MVP","https://slashexperts.com/","https://www.sec.gov/Archives/edgar/data/2065880/000206588025000001/0002065880-25-000001-index.html"
"14","추천","핵심","B","65","direct","CommanderAI Inc.","2025-08-26","CA","Other Technology","기타 기술","3500000","1675000","5","마케팅·영업·고객운영","94","24","20","19","14","10","7","14","30일","CommanderAI는 폐기물·재활용 운송업체가 서비스 권역에 맞는 잠재고객을 찾고 영업 이메일과 시장분석을 자동화하는 CRM·영업 인텔리전스 플랫폼이다.","Commander is a sales intelligence platform that makes waste haulers","콘텐츠·문의·고객대화가 매출 행동으로 연결되지 않고 사람이 채널마다 반복 처리하는 문제","문의·리뷰·콘텐츠를 예약·구매·재방문 행동까지 연결하는 업종 특화 도구","최근 문의·리뷰 200건을 매출 행동으로 분류하고 2주간 후속메시지를 실행하는 유료 파일럿","브랜드/지점당 월 30만~200만원 + 채널·전환 건수","예약·상담·반복구매가 중요한 중소 브랜드와 서비스업체","네이버·카카오·스마트스토어 대행사, 업종 커뮤니티, 매출 사례 직접 영업","채널 연동, 업종별 콘텐츠·대화 성과와 실제 예약·구매 전환 데이터","CRM·채널 상담 도구가 많으므로 업종별 예약·매출 귀속까지 완료해야 차별화","네이버·카카오·인스타그램·스마트스토어 문의를 예약·구매·재방문 결과까지 연결","한국 업종별 전환 데이터를 쌓은 뒤 일본 LINE과 동남아 WhatsApp으로 확장","","공식 제품과 고객 인터뷰로 수요·가격·도입권한을 다시 검증","4~6주 MVP","https://www.commanderai.com/","https://www.sec.gov/Archives/edgar/data/2078176/000207817625000003/0002078176-25-000003-index.html"
"15","추천","핵심","B","65","direct","Channel99, Inc.","2025-11-05","CA","Other","기타","2499999","1562862","12","마케팅·영업·고객운영","94","24","20","19","14","10","7","14","30일","Channel99는 B2B 캠페인의 채널별 성과와 기여도를 측정하고 AI로 투자수익률과 영업 파이프라인 개선안을 추천하는 마케팅 분석 소프트웨어다.","B2B marketing attribution software that uses AI to recommend ways to improve campaign ROI and increase pipeline","콘텐츠·문의·고객대화가 매출 행동으로 연결되지 않고 사람이 채널마다 반복 처리하는 문제","문의·리뷰·콘텐츠를 예약·구매·재방문 행동까지 연결하는 업종 특화 도구","최근 문의·리뷰 200건을 매출 행동으로 분류하고 2주간 후속메시지를 실행하는 유료 파일럿","브랜드/지점당 월 30만~200만원 + 채널·전환 건수","예약·상담·반복구매가 중요한 중소 브랜드와 서비스업체","네이버·카카오·스마트스토어 대행사, 업종 커뮤니티, 매출 사례 직접 영업","채널 연동, 업종별 콘텐츠·대화 성과와 실제 예약·구매 전환 데이터","CRM·채널 상담 도구가 많으므로 업종별 예약·매출 귀속까지 완료해야 차별화","네이버·카카오·인스타그램·스마트스토어 문의를 예약·구매·재방문 결과까지 연결","한국 업종별 전환 데이터를 쌓은 뒤 일본 LINE과 동남아 WhatsApp으로 확장","","공식 제품과 고객 인터뷰로 수요·가격·도입권한을 다시 검증","4~6주 MVP","https://www.channel99.com/","https://www.sec.gov/Archives/edgar/data/1936958/000193695825000003/0001936958-25-000003-index.html"
"16","추천","핵심","B","65","direct","Triptych Management, Inc.","2026-06-09","NY","Business Services","기업 서비스","","50000","1","마케팅·영업·고객운영","94","24","20","19","14","10","7","5","30일","Triptych는 구매자의 관심사와 규정 요건을 반영한 마케팅 자료를 제작해 영업 실행과 사업 성장을 돕는다.","We fuel business growth through buyer relevant and compliant marketing materials for effective sales execution","콘텐츠·문의·고객대화가 매출 행동으로 연결되지 않고 사람이 채널마다 반복 처리하는 문제","문의·리뷰·콘텐츠를 예약·구매·재방문 행동까지 연결하는 업종 특화 도구","최근 문의·리뷰 200건을 매출 행동으로 분류하고 2주간 후속메시지를 실행하는 유료 파일럿","브랜드/지점당 월 30만~200만원 + 채널·전환 건수","예약·상담·반복구매가 중요한 중소 브랜드와 서비스업체","네이버·카카오·스마트스토어 대행사, 업종 커뮤니티, 매출 사례 직접 영업","채널 연동, 업종별 콘텐츠·대화 성과와 실제 예약·구매 전환 데이터","CRM·채널 상담 도구가 많으므로 업종별 예약·매출 귀속까지 완료해야 차별화","네이버·카카오·인스타그램·스마트스토어 문의를 예약·구매·재방문 결과까지 연결","한국 업종별 전환 데이터를 쌓은 뒤 일본 LINE과 동남아 WhatsApp으로 확장","","공식 제품과 고객 인터뷰로 수요·가격·도입권한을 다시 검증","4~6주 MVP","https://www.triptych.com/","https://www.sec.gov/Archives/edgar/data/2139730/000213973026000001/0002139730-26-000001-index.html"
"17","추천","핵심","B","65","direct","Sapience AI Corp","2026-06-22","WA","Other Technology","기타 기술","2500000","1500000","3","마케팅·영업·고객운영","93","22","20","19","15","10","7","16","30일","Sapience는 AEO·SEO·콘텐츠·아웃바운드 영업을 하나의 성장 시스템으로 구축하고 운영해 스타트업의 고객획득을 돕는다.","Installing your startup s growth engine — AEO, SEO, content, and outbound, running as one system.","콘텐츠·문의·고객대화가 매출 행동으로 연결되지 않고 사람이 채널마다 반복 처리하는 문제","문의·리뷰·콘텐츠를 예약·구매·재방문 행동까지 연결하는 업종 특화 도구","최근 문의·리뷰 200건을 매출 행동으로 분류하고 2주간 후속메시지를 실행하는 유료 파일럿","브랜드/지점당 월 30만~200만원 + 채널·전환 건수","예약·상담·반복구매가 중요한 중소 브랜드와 서비스업체","네이버·카카오·스마트스토어 대행사, 업종 커뮤니티, 매출 사례 직접 영업","채널 연동, 업종별 콘텐츠·대화 성과와 실제 예약·구매 전환 데이터","CRM·채널 상담 도구가 많으므로 업종별 예약·매출 귀속까지 완료해야 차별화","네이버·카카오·인스타그램·스마트스토어 문의를 예약·구매·재방문 결과까지 연결","한국 업종별 전환 데이터를 쌓은 뒤 일본 LINE과 동남아 WhatsApp으로 확장","범용 플랫폼 전체가 아니라 한 업무와 한 구매자만 선택","범용 플랫폼 전체가 아니라 한 업무와 한 구매자만 선택","4~6주 MVP","https://trysapience.com/","https://www.sec.gov/Archives/edgar/data/2140753/000214075326000001/0002140753-26-000001-index.html"
"18","추천","핵심","B","65","direct","RoadRunner AI LLC","2026-03-31","CA","Other Technology","기타 기술","500000","53000","7","마케팅·영업·고객운영","93","24","20","19","14","9","7","8","30일","CPQ가 싫으세요? Roadrunner를 사용하면 기업 영업팀이 티켓, 로딩 화면, 잘못된 롤아웃 없이 프롬프트에서 견적, 승인까지 단 몇 분 만에 완료할 수 있습니다.","Hate your CPQ? Roadrunner lets enterprise sales teams go from prompt to quote to approval in minutes – no tickets, no loading screens, no bad rollouts.","콘텐츠·문의·고객대화가 매출 행동으로 연결되지 않고 사람이 채널마다 반복 처리하는 문제","문의·리뷰·콘텐츠를 예약·구매·재방문 행동까지 연결하는 업종 특화 도구","최근 문의·리뷰 200건을 매출 행동으로 분류하고 2주간 후속메시지를 실행하는 유료 파일럿","브랜드/지점당 월 30만~200만원 + 채널·전환 건수","예약·상담·반복구매가 중요한 중소 브랜드와 서비스업체","네이버·카카오·스마트스토어 대행사, 업종 커뮤니티, 매출 사례 직접 영업","채널 연동, 업종별 콘텐츠·대화 성과와 실제 예약·구매 전환 데이터","CRM·채널 상담 도구가 많으므로 업종별 예약·매출 귀속까지 완료해야 차별화","네이버·카카오·인스타그램·스마트스토어 문의를 예약·구매·재방문 결과까지 연결","한국 업종별 전환 데이터를 쌓은 뒤 일본 LINE과 동남아 WhatsApp으로 확장","","공식 제품과 고객 인터뷰로 수요·가격·도입권한을 다시 검증","4~6주 MVP","https://roadrunner.ai/","https://www.sec.gov/Archives/edgar/data/2123770/000212377026000001/0002123770-26-000001-index.html"
"19","추천","핵심","B","65","direct","HubSpark Inc.","2025-02-11","FL","Other Technology","기타 기술","5000000","","0","마케팅·영업·고객운영","93","22","20","19","15","10","7","3","30일","HubSpark의 중소기업 관리 소프트웨어는 4~5개의 도구를 CRM, 결제, 리뷰, 메시징, 로컬 SEO 등 하나의 플랫폼으로 대체합니다.","HubSpark’s small business management software replaces 4–5 tools with one platform—CRM, payments, reviews, messaging, and local SEO.","콘텐츠·문의·고객대화가 매출 행동으로 연결되지 않고 사람이 채널마다 반복 처리하는 문제","문의·리뷰·콘텐츠를 예약·구매·재방문 행동까지 연결하는 업종 특화 도구","최근 문의·리뷰 200건을 매출 행동으로 분류하고 2주간 후속메시지를 실행하는 유료 파일럿","브랜드/지점당 월 30만~200만원 + 채널·전환 건수","예약·상담·반복구매가 중요한 중소 브랜드와 서비스업체","네이버·카카오·스마트스토어 대행사, 업종 커뮤니티, 매출 사례 직접 영업","채널 연동, 업종별 콘텐츠·대화 성과와 실제 예약·구매 전환 데이터","CRM·채널 상담 도구가 많으므로 업종별 예약·매출 귀속까지 완료해야 차별화","네이버·카카오·인스타그램·스마트스토어 문의를 예약·구매·재방문 결과까지 연결","한국 업종별 전환 데이터를 쌓은 뒤 일본 LINE과 동남아 WhatsApp으로 확장","범용 플랫폼 전체가 아니라 한 업무와 한 구매자만 선택","범용 플랫폼 전체가 아니라 한 업무와 한 구매자만 선택","4~6주 MVP","https://hubspark.com/","https://www.sec.gov/Archives/edgar/data/2055982/000205598225000001/0002055982-25-000001-index.html"
"20","추천","핵심","B","69","direct","Basa Futura Inc.","2025-03-27","TN","Other Technology","기타 기술","800000","200000","1","마케팅·영업·고객운영","93","24","20","17","15","10","7","11","30일","하나의 플랫폼에서 홍보부터 계약 체결까지 크리에이터 캠페인을 실행하세요. Basa는 대행사와 브랜드의 크리에이터 거래 관리를 중앙 집중화합니다. 메시지 60~80개, 워크플로 1개.","Run creator campaigns from outreach to signed contract on one platform. Basa centralizes creator deal management for agencies and brands. 60-80 messages, one workflow.","콘텐츠·문의·고객대화가 매출 행동으로 연결되지 않고 사람이 채널마다 반복 처리하는 문제","문의·리뷰·콘텐츠를 예약·구매·재방문 행동까지 연결하는 업종 특화 도구","최근 문의·리뷰 200건을 매출 행동으로 분류하고 2주간 후속메시지를 실행하는 유료 파일럿","브랜드/지점당 월 30만~200만원 + 채널·전환 건수","예약·상담·반복구매가 중요한 중소 브랜드와 서비스업체","네이버·카카오·스마트스토어 대행사, 업종 커뮤니티, 매출 사례 직접 영업","채널 연동, 업종별 콘텐츠·대화 성과와 실제 예약·구매 전환 데이터","CRM·채널 상담 도구가 많으므로 업종별 예약·매출 귀속까지 완료해야 차별화","네이버·카카오·인스타그램·스마트스토어 문의를 예약·구매·재방문 결과까지 연결","한국 업종별 전환 데이터를 쌓은 뒤 일본 LINE과 동남아 WhatsApp으로 확장","","공식 제품과 고객 인터뷰로 수요·가격·도입권한을 다시 검증","4~6주 MVP","https://www.basafutura.com/","https://www.sec.gov/Archives/edgar/data/2031076/000203107625000001/0002031076-25-000001-index.html"
"21","추천","핵심","B","58","direct","FOMO Labs Inc.","2026-02-10","NY","Other","기타","19302410","19302410","77","마케팅·영업·고객운영","93","24","20","17","15","10","7","10","30일","Fomo는 실제 고객의 구매·가입 같은 활동을 웹사이트에 표시해 방문자의 신뢰와 전환을 높이는 소셜 프루프 마케팅 플랫폼이다.","Fomo is the world's first social proof marketing platform.","콘텐츠·문의·고객대화가 매출 행동으로 연결되지 않고 사람이 채널마다 반복 처리하는 문제","문의·리뷰·콘텐츠를 예약·구매·재방문 행동까지 연결하는 업종 특화 도구","최근 문의·리뷰 200건을 매출 행동으로 분류하고 2주간 후속메시지를 실행하는 유료 파일럿","브랜드/지점당 월 30만~200만원 + 채널·전환 건수","예약·상담·반복구매가 중요한 중소 브랜드와 서비스업체","네이버·카카오·스마트스토어 대행사, 업종 커뮤니티, 매출 사례 직접 영업","채널 연동, 업종별 콘텐츠·대화 성과와 실제 예약·구매 전환 데이터","CRM·채널 상담 도구가 많으므로 업종별 예약·매출 귀속까지 완료해야 차별화","네이버·카카오·인스타그램·스마트스토어 문의를 예약·구매·재방문 결과까지 연결","한국 업종별 전환 데이터를 쌓은 뒤 일본 LINE과 동남아 WhatsApp으로 확장","","공식 제품과 고객 인터뷰로 수요·가격·도입권한을 다시 검증","4~6주 MVP","https://fomo.com/","https://www.sec.gov/Archives/edgar/data/2097616/000123191926000127/0001231919-26-000127-index.html"
"22","추천","핵심","B","65","direct","FirmPilot AI, Inc.","2026-03-11","FL","Other Technology","기타 기술","15550000","11549991","8","법률·전문서비스 운영","92","22","19","19","14","9","9","14","30일","FirmPilot은 로펌의 SEO·콘텐츠·유료광고를 자동화해 적합한 의뢰인을 타기팅하고 신규 사건 수임을 늘리는 AI 마케팅 플랫폼이다.","The AI-powered law firm marketing platform that gets you more cases. Automate SEO, content, and paid ads to better target qualified clients today.","전문가가 사건 접수·자료 회수·문서 검수·기한·청구를 수작업하는 문제","사건 접수·자료회수·증거 타임라인·문서 품질검사·청구 가능 활동 포착 중 하나를 자동화","과거 사건 20건에서 누락 자료·기한·청구 가능 시간을 찾아주는 유료 업무감사","사용자당 월 15만~60만원 + 구축비 또는 복원매출 수수료","로펌·노무·특허·세무·손해사정 사무소 대표와 사건 운영자","전문가 협회·교육·서식 파트너와 복원매출 사례 기반 직접 영업","한국 문서·업무 템플릿, 전문가 수정 이력, 사건·청구 결과 라벨","리걸 AI 경쟁이 강하므로 사건 운영과 청구 가능한 활동 포착 같은 좁은 흐름이 필요","범용 법률답변보다 HWP 문서 QA·자료회수·기한·청구 누수에 집중하고 전문가 승인을 유지","한국 전문서비스에서 검증한 뒤 일본과 영문권 문서·청구 워크플로로 확장","","공식 제품과 고객 인터뷰로 수요·가격·도입권한을 다시 검증","4~6주 MVP","https://firmpilot.com/","https://www.sec.gov/Archives/edgar/data/1984164/000198416426000002/0001984164-26-000002-index.html"
"23","추천","핵심","B","65","direct","LexMed, Inc.","2025-10-15","AR","Other","기타","1000000","1000000","11","법률·전문서비스 운영","91","22","19","19","14","8","9","14","30일","LexMed는 사회보장 장애 사건의 방대한 SSA 기록을 심리 준비용 연대표·준비서면·감사자료로 몇 분 안에 정리하는 변호사 개발 AI다.","Attorney-built AI for Social Security Disability practice — turn 2,000-page SSA records into hearing-ready chronologies, briefs, and audits in minutes.","전문가가 사건 접수·자료 회수·문서 검수·기한·청구를 수작업하는 문제","사건 접수·자료회수·증거 타임라인·문서 품질검사·청구 가능 활동 포착 중 하나를 자동화","과거 사건 20건에서 누락 자료·기한·청구 가능 시간을 찾아주는 유료 업무감사","사용자당 월 15만~60만원 + 구축비 또는 복원매출 수수료","로펌·노무·특허·세무·손해사정 사무소 대표와 사건 운영자","전문가 협회·교육·서식 파트너와 복원매출 사례 기반 직접 영업","한국 문서·업무 템플릿, 전문가 수정 이력, 사건·청구 결과 라벨","리걸 AI 경쟁이 강하므로 사건 운영과 청구 가능한 활동 포착 같은 좁은 흐름이 필요","범용 법률답변보다 HWP 문서 QA·자료회수·기한·청구 누수에 집중하고 전문가 승인을 유지","한국 전문서비스에서 검증한 뒤 일본과 영문권 문서·청구 워크플로로 확장","","공식 제품과 고객 인터뷰로 수요·가격·도입권한을 다시 검증","4~6주 MVP","https://lexmed.ai/","https://www.sec.gov/Archives/edgar/data/2091701/000209170125000001/0002091701-25-000001-index.html"
"24","추천","핵심","A","79","direct","MEASURE STUDIO, INC.","2025-05-02","PA","Other Technology","기타 기술","2000021","1326295","36","마케팅·영업·고객운영","91","24","19","17","14","10","7","17","30일","Measure Studio 란 무엇입니까? Measure Studio는 소셜 미디어 분석 도구이자 콘텐츠 인텔리전스 플랫폼입니다. 최고의 소셜 미디어 분석 도구 중 하나인 이 도구는 디지털 팀에 소셜 미디어 보고서, 자동 벤치마크 및 AI 콘텐츠 분석을 제공합니다. TikTok, Instagram, Facebook, YouTube, X(Twitter), LinkedIn 및 Snapchat에 대한 데이터를 가져옵니다.","What is Measure Studio? Measure Studio is a social media analytics tool and content intelligence platform. One of the best social media analytics tools, it provides digital teams with social media reports, automatic benchmarks, and AI content analysis. Get data for TikTok, Instagram, Facebook, YouTube, X (Twitter), LinkedIn, and Snapchat.","콘텐츠·문의·고객대화가 매출 행동으로 연결되지 않고 사람이 채널마다 반복 처리하는 문제","문의·리뷰·콘텐츠를 예약·구매·재방문 행동까지 연결하는 업종 특화 도구","최근 문의·리뷰 200건을 매출 행동으로 분류하고 2주간 후속메시지를 실행하는 유료 파일럿","브랜드/지점당 월 30만~200만원 + 채널·전환 건수","예약·상담·반복구매가 중요한 중소 브랜드와 서비스업체","네이버·카카오·스마트스토어 대행사, 업종 커뮤니티, 매출 사례 직접 영업","채널 연동, 업종별 콘텐츠·대화 성과와 실제 예약·구매 전환 데이터","CRM·채널 상담 도구가 많으므로 업종별 예약·매출 귀속까지 완료해야 차별화","네이버·카카오·인스타그램·스마트스토어 문의를 예약·구매·재방문 결과까지 연결","한국 업종별 전환 데이터를 쌓은 뒤 일본 LINE과 동남아 WhatsApp으로 확장","","공식 제품과 고객 인터뷰로 수요·가격·도입권한을 다시 검증","4~6주 MVP","https://www.measure.studio/","https://www.sec.gov/Archives/edgar/data/2066582/000206658225000001/0002066582-25-000001-index.html"
"25","추천","핵심","A","78","direct","Newton Research, Inc.","2025-05-15","MA","Other Technology","기타 기술","9000000","7999999","3","마케팅·영업·고객운영","91","24","19","17","14","10","7","15","30일","마케팅 분석 에이전트 팀인 Newton과 함께 분석 기능을 강화하고 마케팅 결과를 개선하세요.","Supercharge your analytics and improve marketing outcomes with Newton, your team of marketing analytics agents.","콘텐츠·문의·고객대화가 매출 행동으로 연결되지 않고 사람이 채널마다 반복 처리하는 문제","문의·리뷰·콘텐츠를 예약·구매·재방문 행동까지 연결하는 업종 특화 도구","최근 문의·리뷰 200건을 매출 행동으로 분류하고 2주간 후속메시지를 실행하는 유료 파일럿","브랜드/지점당 월 30만~200만원 + 채널·전환 건수","예약·상담·반복구매가 중요한 중소 브랜드와 서비스업체","네이버·카카오·스마트스토어 대행사, 업종 커뮤니티, 매출 사례 직접 영업","채널 연동, 업종별 콘텐츠·대화 성과와 실제 예약·구매 전환 데이터","CRM·채널 상담 도구가 많으므로 업종별 예약·매출 귀속까지 완료해야 차별화","네이버·카카오·인스타그램·스마트스토어 문의를 예약·구매·재방문 결과까지 연결","한국 업종별 전환 데이터를 쌓은 뒤 일본 LINE과 동남아 WhatsApp으로 확장","","공식 제품과 고객 인터뷰로 수요·가격·도입권한을 다시 검증","4~6주 MVP","https://www.newtonresearch.ai/","https://www.sec.gov/Archives/edgar/data/2006375/000200637525000005/0002006375-25-000005-index.html"
"26","추천","핵심","B","69","direct","Fast Forward, Inc.","2025-06-04","NE","Other Technology","기타 기술","3000000","270000","4","마케팅·영업·고객운영","91","24","19","17","14","10","7","14","30일","디지털 영업 및 마케팅을 강화하는 가장 강력한 360° 솔루션 제품군입니다. 전문 전자상거래 솔루션, AI 기반 도구, 기술 지원을 통해 비즈니스 발전을 돕습니다.","The most powerful suite of 360° solutions to empower your digital sales and marketing. Professional e-commerce solutions, AI-powered tools, and technical support to help your business move forward.","콘텐츠·문의·고객대화가 매출 행동으로 연결되지 않고 사람이 채널마다 반복 처리하는 문제","문의·리뷰·콘텐츠를 예약·구매·재방문 행동까지 연결하는 업종 특화 도구","최근 문의·리뷰 200건을 매출 행동으로 분류하고 2주간 후속메시지를 실행하는 유료 파일럿","브랜드/지점당 월 30만~200만원 + 채널·전환 건수","예약·상담·반복구매가 중요한 중소 브랜드와 서비스업체","네이버·카카오·스마트스토어 대행사, 업종 커뮤니티, 매출 사례 직접 영업","채널 연동, 업종별 콘텐츠·대화 성과와 실제 예약·구매 전환 데이터","CRM·채널 상담 도구가 많으므로 업종별 예약·매출 귀속까지 완료해야 차별화","네이버·카카오·인스타그램·스마트스토어 문의를 예약·구매·재방문 결과까지 연결","한국 업종별 전환 데이터를 쌓은 뒤 일본 LINE과 동남아 WhatsApp으로 확장","","공식 제품과 고객 인터뷰로 수요·가격·도입권한을 다시 검증","4~6주 MVP","https://www.fastforward.ai/","https://www.sec.gov/Archives/edgar/data/1953249/000195324925000003/0001953249-25-000003-index.html"
"27","추천","핵심","B","65","direct","Shoutout Technologies Inc.","2025-11-13","IL","Other Technology","기타 기술","1965000","1515000","22","마케팅·영업·고객운영","91","24","19","17","14","10","7","14","30일","Shoutout은 만족한 고객의 사용후기를 수집·관리·게시해 신뢰와 구매전환을 높이는 고객추천 마케팅 도구다.","Collect, manage, and showcase customer testimonials that build trust and drive conversions. Turn your happy customers into your best marketing team with Shoutout.","콘텐츠·문의·고객대화가 매출 행동으로 연결되지 않고 사람이 채널마다 반복 처리하는 문제","문의·리뷰·콘텐츠를 예약·구매·재방문 행동까지 연결하는 업종 특화 도구","최근 문의·리뷰 200건을 매출 행동으로 분류하고 2주간 후속메시지를 실행하는 유료 파일럿","브랜드/지점당 월 30만~200만원 + 채널·전환 건수","예약·상담·반복구매가 중요한 중소 브랜드와 서비스업체","네이버·카카오·스마트스토어 대행사, 업종 커뮤니티, 매출 사례 직접 영업","채널 연동, 업종별 콘텐츠·대화 성과와 실제 예약·구매 전환 데이터","CRM·채널 상담 도구가 많으므로 업종별 예약·매출 귀속까지 완료해야 차별화","네이버·카카오·인스타그램·스마트스토어 문의를 예약·구매·재방문 결과까지 연결","한국 업종별 전환 데이터를 쌓은 뒤 일본 LINE과 동남아 WhatsApp으로 확장","","공식 제품과 고객 인터뷰로 수요·가격·도입권한을 다시 검증","4~6주 MVP","http://shoutout.io/","https://www.sec.gov/Archives/edgar/data/2095493/000209549325000001/0002095493-25-000001-index.html"
"28","추천","핵심","B","65","direct","Streaque, Inc.","2025-09-04","CA","Other Technology","기타 기술","100000","100000","2","마케팅·영업·고객운영","91","24","19","17","14","10","7","14","30일","Streaque는 LMS·SIS·CRM 데이터를 분석해 교육기관의 관리 아래 학생별 상황과 근거에 맞춘 코칭을 제공하는 AI 플랫폼이다.","Institution-governed AI that turns LMS, SIS, and CRM signals into warm, evidence-based coaching for every student.","콘텐츠·문의·고객대화가 매출 행동으로 연결되지 않고 사람이 채널마다 반복 처리하는 문제","문의·리뷰·콘텐츠를 예약·구매·재방문 행동까지 연결하는 업종 특화 도구","최근 문의·리뷰 200건을 매출 행동으로 분류하고 2주간 후속메시지를 실행하는 유료 파일럿","브랜드/지점당 월 30만~200만원 + 채널·전환 건수","예약·상담·반복구매가 중요한 중소 브랜드와 서비스업체","네이버·카카오·스마트스토어 대행사, 업종 커뮤니티, 매출 사례 직접 영업","채널 연동, 업종별 콘텐츠·대화 성과와 실제 예약·구매 전환 데이터","CRM·채널 상담 도구가 많으므로 업종별 예약·매출 귀속까지 완료해야 차별화","네이버·카카오·인스타그램·스마트스토어 문의를 예약·구매·재방문 결과까지 연결","한국 업종별 전환 데이터를 쌓은 뒤 일본 LINE과 동남아 WhatsApp으로 확장","","공식 제품과 고객 인터뷰로 수요·가격·도입권한을 다시 검증","4~6주 MVP","https://streaque.com/","https://www.sec.gov/Archives/edgar/data/2084484/000106299325015299/0001062993-25-015299-index.html"
"29","추천","핵심","B","65","direct","Stargaze Group INC","2025-05-20","NY","Other Technology","기타 기술","400000","40000","2","마케팅·영업·고객운영","91","24","19","17","14","10","7","6","30일","독점 콘텐츠가 포함된 대화형 플랫폼을 만나보세요. 새롭고 독특한 형식으로 좋아하는 크리에이터를 만나보세요 - 오직 Stargaze에서만 가능합니다.","Discover an interactive platform with exclusive content. Your favorite creators in a new, unique format - only on Stargaze.","콘텐츠·문의·고객대화가 매출 행동으로 연결되지 않고 사람이 채널마다 반복 처리하는 문제","문의·리뷰·콘텐츠를 예약·구매·재방문 행동까지 연결하는 업종 특화 도구","최근 문의·리뷰 200건을 매출 행동으로 분류하고 2주간 후속메시지를 실행하는 유료 파일럿","브랜드/지점당 월 30만~200만원 + 채널·전환 건수","예약·상담·반복구매가 중요한 중소 브랜드와 서비스업체","네이버·카카오·스마트스토어 대행사, 업종 커뮤니티, 매출 사례 직접 영업","채널 연동, 업종별 콘텐츠·대화 성과와 실제 예약·구매 전환 데이터","CRM·채널 상담 도구가 많으므로 업종별 예약·매출 귀속까지 완료해야 차별화","네이버·카카오·인스타그램·스마트스토어 문의를 예약·구매·재방문 결과까지 연결","한국 업종별 전환 데이터를 쌓은 뒤 일본 LINE과 동남아 WhatsApp으로 확장","","공식 제품과 고객 인터뷰로 수요·가격·도입권한을 다시 검증","4~6주 MVP","https://stargaze.com/","https://www.sec.gov/Archives/edgar/data/2069136/000206913625000001/0002069136-25-000001-index.html"
"30","추천","핵심","A","85","direct","Shadow Shifts, Inc.","2026-02-17","CA","Other Technology","기타 기술","3000000","3000000","3","재무·백오피스","91","22","18","20","13","9","9","19","30일","건설업용 인력관리 플랫폼으로 GPS 근태, 노동법 준수, 급여 연동과 현장 인력 운영을 지원한다.","Shadow Shifts is a workforce management platform built for construction. GPS time tracking, California labor law compliance, payroll integration, and more.","계약·송장·입금·미수·회계 자료가 맞지 않아 현금 회수와 마감이 늦어지는 문제","계약·송장·입금·미수금의 불일치를 찾아 후속조치 초안을 만들고 사람이 승인","미수·송장 3개월치를 대조해 회수 우선순위와 고객별 후속문안을 제공하는 유료 진단","회사당 월 60만~300만원 + 온보딩비 또는 회수 성과수수료","계약·송장·입금·미수 관리가 복잡한 중소 B2B 기업 대표와 재무 담당자","회계사·세무사·ERP 파트너, 미수 회수·마감 단축 사례 기반 직접 영업","ERP·회계 연동, 예외·승인·회수 결과와 거래처별 지불 패턴","회계·세무 SaaS가 강하므로 불일치 탐지와 실제 회수 성과에 집중","ERP를 교체하지 않고 계약·전자세금계산서·입금 불일치와 후속조치를 연결","한국에서 회수·마감 성과를 검증한 뒤 싱가포르·호주 회계 연동으로 확장","","공식 제품과 고객 인터뷰로 수요·가격·도입권한을 다시 검증","4~6주 MVP","https://www.shadowshifts.com/","https://www.sec.gov/Archives/edgar/data/2110054/000211005426000001/0002110054-26-000001-index.html"
"31","추천","핵심","B","65","direct","Revin Inc.","2025-08-18","NY","Other Technology","기타 기술","10723747","10698747","41","음성·프런트데스크","91","22","18","20","14","9","8","12","30일","Revin은 콜센터 전반에 음성·문자·이메일 AI 에이전트를 배치해 문의 응대·예약·후속연락을 자동화하고 매출을 높인다.","Increase revenue and cut costs by launching agents across your entire call center","전화 미응답·예약 변경·반복 문의 때문에 직원 시간이 들고 예약 매출이 새는 문제","전화 접수·예약·미응답 후속연락을 한 업종의 규칙과 사람 전환까지 포함해 자동화","최근 놓친 전화 100건을 분석하고 2주간 예약 완료형 AI 상담원을 운영하는 유료 파일럿","지점당 월 40만~150만원 + 통화량 + 초기 설정비","예약 전화가 매출로 이어지는 치과·정비·수리·전문서비스 사업자","업종별 사업자 명단 직접 영업, 전화·예약 구축 파트너, 협회 사례 발표","업종별 통화 결과, 예약 전환, 실패·사람 전환 규칙과 한국어 대화 평가셋","국내 AICC·보이스봇·예약 솔루션이 인접하므로 범용 상담보다 한 업종의 예약 완료에 집중","국내 전화망·네이버예약·카카오 채널과 존댓말·사람 연결 규칙을 묶어 한 업종에 판매","한국에서 예약 완료율을 검증한 뒤 일본·호주 현지 전화·예약 채널로 확장","범용 플랫폼 전체가 아니라 한 업무와 한 구매자만 선택","범용 플랫폼 전체가 아니라 한 업무와 한 구매자만 선택","4~6주 MVP","https://revin.ai/","https://www.sec.gov/Archives/edgar/data/2079919/000207991925000001/0002079919-25-000001-index.html"
"32","추천","핵심","B","65","direct","Qumis Inc.","2026-02-24","IL","Other Technology","기타 기술","4300009","4300009","6","법률·전문서비스 운영","91","22","18","20","13","9","9","16","30일","Qumis는 변호사가 만든 상업 손해보험 분석 플랫폼으로, 인용 근거가 있는 약관 분석과 보험종목별 전문 AI 에이전트, 판단 감사기록을 제공한다.","Qumis is the attorney-built Coverage Intelligence platform for commercial P&C — citation-backed policy analysis, specialist agents for every line, and a defensible trail behind every recommendation.","전문가가 사건 접수·자료 회수·문서 검수·기한·청구를 수작업하는 문제","사건 접수·자료회수·증거 타임라인·문서 품질검사·청구 가능 활동 포착 중 하나를 자동화","과거 사건 20건에서 누락 자료·기한·청구 가능 시간을 찾아주는 유료 업무감사","사용자당 월 15만~60만원 + 구축비 또는 복원매출 수수료","로펌·노무·특허·세무·손해사정 사무소 대표와 사건 운영자","전문가 협회·교육·서식 파트너와 복원매출 사례 기반 직접 영업","한국 문서·업무 템플릿, 전문가 수정 이력, 사건·청구 결과 라벨","리걸 AI 경쟁이 강하므로 사건 운영과 청구 가능한 활동 포착 같은 좁은 흐름이 필요","범용 법률답변보다 HWP 문서 QA·자료회수·기한·청구 누수에 집중하고 전문가 승인을 유지","한국 전문서비스에서 검증한 뒤 일본과 영문권 문서·청구 워크플로로 확장","","공식 제품과 고객 인터뷰로 수요·가격·도입권한을 다시 검증","4~6주 MVP","https://qumis.com/","https://www.sec.gov/Archives/edgar/data/2051184/000205118426000001/0002051184-26-000001-index.html"
"33","추천","핵심","B","65","direct","Veritec AI Inc.","2025-02-27","TX","Other Technology","기타 기술","5024984","4144572","41","법률·전문서비스 운영","91","22","18","20","13","9","9","14","30일","법률 및 에너지 산업을 위한 AI 기반 문서 인텔리전스입니다. 문서 자동화, 소송 도구 및 토지 워크플로 솔루션.","AI-powered document intelligence for legal and energy industries. Document automation, litigation tools, and land workflow solutions.","전문가가 사건 접수·자료 회수·문서 검수·기한·청구를 수작업하는 문제","사건 접수·자료회수·증거 타임라인·문서 품질검사·청구 가능 활동 포착 중 하나를 자동화","과거 사건 20건에서 누락 자료·기한·청구 가능 시간을 찾아주는 유료 업무감사","사용자당 월 15만~60만원 + 구축비 또는 복원매출 수수료","로펌·노무·특허·세무·손해사정 사무소 대표와 사건 운영자","전문가 협회·교육·서식 파트너와 복원매출 사례 기반 직접 영업","한국 문서·업무 템플릿, 전문가 수정 이력, 사건·청구 결과 라벨","리걸 AI 경쟁이 강하므로 사건 운영과 청구 가능한 활동 포착 같은 좁은 흐름이 필요","범용 법률답변보다 HWP 문서 QA·자료회수·기한·청구 누수에 집중하고 전문가 승인을 유지","한국 전문서비스에서 검증한 뒤 일본과 영문권 문서·청구 워크플로로 확장","","공식 제품과 고객 인터뷰로 수요·가격·도입권한을 다시 검증","4~6주 MVP","https://veritecai.com/","https://www.sec.gov/Archives/edgar/data/2058174/000205817425000001/0002058174-25-000001-index.html"
"34","추천","핵심","B","65","direct","DAPTA Inc.","2025-05-12","DE","Other Technology","기타 기술","4000000","4000000","5","음성·프런트데스크","91","22","18","20","14","9","8","14","30일","SMB 판매 자동화를 위해 구축된 Dapta의 대화형 AI 음성 에이전트 및 텍스트 에이전트를 사용하여 더 많은 거래를 더 빠르게 성사시키세요.","Close more deals faster with Dapta's conversational AI voice agents and text agents built to automate sales for SMBs.","전화 미응답·예약 변경·반복 문의 때문에 직원 시간이 들고 예약 매출이 새는 문제","전화 접수·예약·미응답 후속연락을 한 업종의 규칙과 사람 전환까지 포함해 자동화","최근 놓친 전화 100건을 분석하고 2주간 예약 완료형 AI 상담원을 운영하는 유료 파일럿","지점당 월 40만~150만원 + 통화량 + 초기 설정비","예약 전화가 매출로 이어지는 치과·정비·수리·전문서비스 사업자","업종별 사업자 명단 직접 영업, 전화·예약 구축 파트너, 협회 사례 발표","업종별 통화 결과, 예약 전환, 실패·사람 전환 규칙과 한국어 대화 평가셋","국내 AICC·보이스봇·예약 솔루션이 인접하므로 범용 상담보다 한 업종의 예약 완료에 집중","국내 전화망·네이버예약·카카오 채널과 존댓말·사람 연결 규칙을 묶어 한 업종에 판매","한국에서 예약 완료율을 검증한 뒤 일본·호주 현지 전화·예약 채널로 확장","범용 플랫폼 전체가 아니라 한 업무와 한 구매자만 선택","범용 플랫폼 전체가 아니라 한 업무와 한 구매자만 선택","4~6주 MVP","https://dapta.ai/","https://www.sec.gov/Archives/edgar/data/2067456/000206745625000001/0002067456-25-000001-index.html"
"35","추천","핵심","B","65","direct","Terial Inc.","2025-03-25","NY","Other Technology","기타 기술","3500000","3024999","4","재무·백오피스","91","22","18","20","13","9","9","14","30일","실시간 데이터와 AI 기반 워크플로를 통해 현장 및 사무실 운영을 통합하세요. 주당 40시간 이상을 절약하고, 1분 이내에 청구서를 작성하고, 마진을 보호하세요.","Unify field and office operations with real-time data and AI-powered workflows. Save 40+ hours per week, invoice in under 1 minute, and protect margins.","계약·송장·입금·미수·회계 자료가 맞지 않아 현금 회수와 마감이 늦어지는 문제","계약·송장·입금·미수금의 불일치를 찾아 후속조치 초안을 만들고 사람이 승인","미수·송장 3개월치를 대조해 회수 우선순위와 고객별 후속문안을 제공하는 유료 진단","회사당 월 60만~300만원 + 온보딩비 또는 회수 성과수수료","계약·송장·입금·미수 관리가 복잡한 중소 B2B 기업 대표와 재무 담당자","회계사·세무사·ERP 파트너, 미수 회수·마감 단축 사례 기반 직접 영업","ERP·회계 연동, 예외·승인·회수 결과와 거래처별 지불 패턴","회계·세무 SaaS가 강하므로 불일치 탐지와 실제 회수 성과에 집중","ERP를 교체하지 않고 계약·전자세금계산서·입금 불일치와 후속조치를 연결","한국에서 회수·마감 성과를 검증한 뒤 싱가포르·호주 회계 연동으로 확장","","공식 제품과 고객 인터뷰로 수요·가격·도입권한을 다시 검증","4~6주 MVP","https://www.terial.com/","https://www.sec.gov/Archives/edgar/data/2062651/000206265125000001/0002062651-25-000001-index.html"
"36","추천","핵심","B","65","direct","Fluint, Inc.","2025-08-12","CO","Other","기타","3000000","2400000","1","재무·백오피스","91","22","18","20","13","9","9","11","30일","Fluint는 AI 에이전트의 각 행동을 매출에 연결하고 자체 머신러닝 모델로 MCP 맥락을 제공해 토큰 비용을 30% 줄이며 실제 성과 데이터에 맞춰 학습한다.","Attribute every AI agent action to revenue. Private ML models deliver pre-enriched context via MCP. Cut token spend 30%, prove ROI, train on your outcomes.","계약·송장·입금·미수·회계 자료가 맞지 않아 현금 회수와 마감이 늦어지는 문제","계약·송장·입금·미수금의 불일치를 찾아 후속조치 초안을 만들고 사람이 승인","미수·송장 3개월치를 대조해 회수 우선순위와 고객별 후속문안을 제공하는 유료 진단","회사당 월 60만~300만원 + 온보딩비 또는 회수 성과수수료","계약·송장·입금·미수 관리가 복잡한 중소 B2B 기업 대표와 재무 담당자","회계사·세무사·ERP 파트너, 미수 회수·마감 단축 사례 기반 직접 영업","ERP·회계 연동, 예외·승인·회수 결과와 거래처별 지불 패턴","회계·세무 SaaS가 강하므로 불일치 탐지와 실제 회수 성과에 집중","ERP를 교체하지 않고 계약·전자세금계산서·입금 불일치와 후속조치를 연결","한국에서 회수·마감 성과를 검증한 뒤 싱가포르·호주 회계 연동으로 확장","","공식 제품과 고객 인터뷰로 수요·가격·도입권한을 다시 검증","4~6주 MVP","https://www.fluint.io/","https://www.sec.gov/Archives/edgar/data/2003880/000200388025000002/0002003880-25-000002-index.html"
"37","추천","핵심","B","65","direct","Stationwise, Inc.","2025-11-12","CA","Other Technology","기타 기술","2200000","2000000","1","재무·백오피스","91","22","18","20","13","9","9","11","30일","Stationwise는 소방서의 교대일정과 인력 공석을 관리하고 근무시간 입력과 급여 분석을 자동화하는 소프트웨어다.","Learn about Stationwise, a fire department scheduling and staffing software that fills vacancies, automates time entry, and builds payroll analytics.","계약·송장·입금·미수·회계 자료가 맞지 않아 현금 회수와 마감이 늦어지는 문제","계약·송장·입금·미수금의 불일치를 찾아 후속조치 초안을 만들고 사람이 승인","미수·송장 3개월치를 대조해 회수 우선순위와 고객별 후속문안을 제공하는 유료 진단","회사당 월 60만~300만원 + 온보딩비 또는 회수 성과수수료","계약·송장·입금·미수 관리가 복잡한 중소 B2B 기업 대표와 재무 담당자","회계사·세무사·ERP 파트너, 미수 회수·마감 단축 사례 기반 직접 영업","ERP·회계 연동, 예외·승인·회수 결과와 거래처별 지불 패턴","회계·세무 SaaS가 강하므로 불일치 탐지와 실제 회수 성과에 집중","ERP를 교체하지 않고 계약·전자세금계산서·입금 불일치와 후속조치를 연결","한국에서 회수·마감 성과를 검증한 뒤 싱가포르·호주 회계 연동으로 확장","","공식 제품과 고객 인터뷰로 수요·가격·도입권한을 다시 검증","4~6주 MVP","https://www.stationwise.com/","https://www.sec.gov/Archives/edgar/data/2043151/000204315125000002/0002043151-25-000002-index.html"
"38","추천","핵심","B","60","direct","Clear Draft, Inc.","2026-03-31","CA","Other Technology","기타 기술","1358900","1358900","1","법률·전문서비스 운영","91","22","18","20","13","9","9","13","30일","ClearDraft는 미디어법 특화 AI와 전문 변호사 검토를 결합해 콘텐츠 공개 전 저작권·명예훼손 등 법적 위험을 신속하게 확인한다.","Identify legal risk before publishing. ClearDraft is the content clearance platform that combines bespoke media law AI with expert lawyer review, enabling fast clearance you can trust.","전문가가 사건 접수·자료 회수·문서 검수·기한·청구를 수작업하는 문제","사건 접수·자료회수·증거 타임라인·문서 품질검사·청구 가능 활동 포착 중 하나를 자동화","과거 사건 20건에서 누락 자료·기한·청구 가능 시간을 찾아주는 유료 업무감사","사용자당 월 15만~60만원 + 구축비 또는 복원매출 수수료","로펌·노무·특허·세무·손해사정 사무소 대표와 사건 운영자","전문가 협회·교육·서식 파트너와 복원매출 사례 기반 직접 영업","한국 문서·업무 템플릿, 전문가 수정 이력, 사건·청구 결과 라벨","리걸 AI 경쟁이 강하므로 사건 운영과 청구 가능한 활동 포착 같은 좁은 흐름이 필요","범용 법률답변보다 HWP 문서 QA·자료회수·기한·청구 누수에 집중하고 전문가 승인을 유지","한국 전문서비스에서 검증한 뒤 일본과 영문권 문서·청구 워크플로로 확장","","공식 제품과 고객 인터뷰로 수요·가격·도입권한을 다시 검증","4~6주 MVP","https://www.cleardraft.com/","https://www.sec.gov/Archives/edgar/data/2124811/000212481126000001/0002124811-26-000001-index.html"
"39","추천","핵심","B","58","direct","Hexa Management Group LLC","2026-05-11","WA","Other","기타","1000","1000","1","재무·백오피스","91","22","18","20","13","9","9","5","30일","Hexa는 중소기업의 거래·현금흐름·가격 데이터를 AI로 분석해 재무 대시보드와 가격 최적화·비용 절감 인사이트를 제공한다.","Business financial analysis with artificial intelligence","계약·송장·입금·미수·회계 자료가 맞지 않아 현금 회수와 마감이 늦어지는 문제","계약·송장·입금·미수금의 불일치를 찾아 후속조치 초안을 만들고 사람이 승인","미수·송장 3개월치를 대조해 회수 우선순위와 고객별 후속문안을 제공하는 유료 진단","회사당 월 60만~300만원 + 온보딩비 또는 회수 성과수수료","계약·송장·입금·미수 관리가 복잡한 중소 B2B 기업 대표와 재무 담당자","회계사·세무사·ERP 파트너, 미수 회수·마감 단축 사례 기반 직접 영업","ERP·회계 연동, 예외·승인·회수 결과와 거래처별 지불 패턴","회계·세무 SaaS가 강하므로 불일치 탐지와 실제 회수 성과에 집중","ERP를 교체하지 않고 계약·전자세금계산서·입금 불일치와 후속조치를 연결","한국에서 회수·마감 성과를 검증한 뒤 싱가포르·호주 회계 연동으로 확장","","공식 제품과 고객 인터뷰로 수요·가격·도입권한을 다시 검증","4~6주 MVP","https://tryhexa.com/en","https://www.sec.gov/Archives/edgar/data/2134216/000213421626000001/0002134216-26-000001-index.html"
"40","추천","핵심","A","78","direct","Scale Social AI, Inc.","2026-03-06","NC","Other Technology","기타 기술","1261900","1261900","16","마케팅·영업·고객운영","90","24","19","17","14","9","7","19","30일","Scale Social은 예측 가능한 콘텐츠 성능을 위해 구축된 AI 기반 UGC 인프라를 통해 고객을 최고의 스토리텔러로 전환합니다.","Scale Social turns customers into your greatest storytellers with an AI-powered UGC infrastructure built for predictable content performance.","콘텐츠·문의·고객대화가 매출 행동으로 연결되지 않고 사람이 채널마다 반복 처리하는 문제","문의·리뷰·콘텐츠를 예약·구매·재방문 행동까지 연결하는 업종 특화 도구","최근 문의·리뷰 200건을 매출 행동으로 분류하고 2주간 후속메시지를 실행하는 유료 파일럿","브랜드/지점당 월 30만~200만원 + 채널·전환 건수","예약·상담·반복구매가 중요한 중소 브랜드와 서비스업체","네이버·카카오·스마트스토어 대행사, 업종 커뮤니티, 매출 사례 직접 영업","채널 연동, 업종별 콘텐츠·대화 성과와 실제 예약·구매 전환 데이터","CRM·채널 상담 도구가 많으므로 업종별 예약·매출 귀속까지 완료해야 차별화","네이버·카카오·인스타그램·스마트스토어 문의를 예약·구매·재방문 결과까지 연결","한국 업종별 전환 데이터를 쌓은 뒤 일본 LINE과 동남아 WhatsApp으로 확장","","공식 제품과 고객 인터뷰로 수요·가격·도입권한을 다시 검증","4~6주 MVP","https://scalesocial.ai/","https://www.sec.gov/Archives/edgar/data/2106485/000210648526000001/0002106485-26-000001-index.html"
"41","추천","핵심","A","78","direct","Tavern Research Inc","2025-02-20","IL","Other Technology","기타 기술","1250000","1224500","2","마케팅·영업·고객운영","90","24","19","17","14","9","7","17","30일","Tavern Research는 여론조사, AI 콘텐츠 제작, 메시지 테스트와 전략 인사이트를 제공해 캠페인 의사결정과 여론 형성을 돕는다.","Tavern Research specializes in opinion research, AI-powered content creation, message testing, and strategic insights to inform campaigns and influence public opinion effectively.","콘텐츠·문의·고객대화가 매출 행동으로 연결되지 않고 사람이 채널마다 반복 처리하는 문제","문의·리뷰·콘텐츠를 예약·구매·재방문 행동까지 연결하는 업종 특화 도구","최근 문의·리뷰 200건을 매출 행동으로 분류하고 2주간 후속메시지를 실행하는 유료 파일럿","브랜드/지점당 월 30만~200만원 + 채널·전환 건수","예약·상담·반복구매가 중요한 중소 브랜드와 서비스업체","네이버·카카오·스마트스토어 대행사, 업종 커뮤니티, 매출 사례 직접 영업","채널 연동, 업종별 콘텐츠·대화 성과와 실제 예약·구매 전환 데이터","CRM·채널 상담 도구가 많으므로 업종별 예약·매출 귀속까지 완료해야 차별화","네이버·카카오·인스타그램·스마트스토어 문의를 예약·구매·재방문 결과까지 연결","한국 업종별 전환 데이터를 쌓은 뒤 일본 LINE과 동남아 WhatsApp으로 확장","","공식 제품과 고객 인터뷰로 수요·가격·도입권한을 다시 검증","4~6주 MVP","https://www.tavernresearch.com/","https://www.sec.gov/Archives/edgar/data/2055531/000205553125000001/0002055531-25-000001-index.html"
"42","추천","핵심","B","65","direct","Clarify Inc./DE","2025-07-10","DE","Other Technology","기타 기술","14999998","14999998","9","마케팅·영업·고객운영","90","24","19","17","14","9","7","12","30일","Clarify는 업데이트·후속조치·영업 파이프라인 데이터 정리를 자동화해 초기 스타트업 팀이 영업에 집중하게 하는 AI 네이티브 CRM이다.","Clarify is the AI-native CRM that automates updates, follow-ups, and pipeline hygiene — so founders and early-stage startup teams can focus on selling, not CRM upkeep.","콘텐츠·문의·고객대화가 매출 행동으로 연결되지 않고 사람이 채널마다 반복 처리하는 문제","문의·리뷰·콘텐츠를 예약·구매·재방문 행동까지 연결하는 업종 특화 도구","최근 문의·리뷰 200건을 매출 행동으로 분류하고 2주간 후속메시지를 실행하는 유료 파일럿","브랜드/지점당 월 30만~200만원 + 채널·전환 건수","예약·상담·반복구매가 중요한 중소 브랜드와 서비스업체","네이버·카카오·스마트스토어 대행사, 업종 커뮤니티, 매출 사례 직접 영업","채널 연동, 업종별 콘텐츠·대화 성과와 실제 예약·구매 전환 데이터","CRM·채널 상담 도구가 많으므로 업종별 예약·매출 귀속까지 완료해야 차별화","네이버·카카오·인스타그램·스마트스토어 문의를 예약·구매·재방문 결과까지 연결","한국 업종별 전환 데이터를 쌓은 뒤 일본 LINE과 동남아 WhatsApp으로 확장","","공식 제품과 고객 인터뷰로 수요·가격·도입권한을 다시 검증","4~6주 MVP","https://www.clarify.ai/","https://www.sec.gov/Archives/edgar/data/2060363/000206036325000002/0002060363-25-000002-index.html"
"43","추천","핵심","B","65","direct","Evertune Inc.","2025-08-13","NY","Other Technology","기타 기술","14999977","14999977","13","마케팅·영업·고객운영","90","22","19","17","15","10","7","12","30일","Evertune은 ChatGPT, Perplexity, Gemini 및 10개 이상의 AI 모델이 고객사의 브랜드를 어떻게 언급하는지 추적합니다. AI 가시성을 측정하고, GEO를 개선하고, ChatGPT에 광고하세요.","Evertune tracks how ChatGPT, Perplexity, Gemini and 10+ AI models mention your brand. Measure AI visibility, improve your GEO, advertise in ChatGPT.","콘텐츠·문의·고객대화가 매출 행동으로 연결되지 않고 사람이 채널마다 반복 처리하는 문제","문의·리뷰·콘텐츠를 예약·구매·재방문 행동까지 연결하는 업종 특화 도구","최근 문의·리뷰 200건을 매출 행동으로 분류하고 2주간 후속메시지를 실행하는 유료 파일럿","브랜드/지점당 월 30만~200만원 + 채널·전환 건수","예약·상담·반복구매가 중요한 중소 브랜드와 서비스업체","네이버·카카오·스마트스토어 대행사, 업종 커뮤니티, 매출 사례 직접 영업","채널 연동, 업종별 콘텐츠·대화 성과와 실제 예약·구매 전환 데이터","CRM·채널 상담 도구가 많으므로 업종별 예약·매출 귀속까지 완료해야 차별화","네이버·카카오·인스타그램·스마트스토어 문의를 예약·구매·재방문 결과까지 연결","한국 업종별 전환 데이터를 쌓은 뒤 일본 LINE과 동남아 WhatsApp으로 확장","범용 플랫폼 전체가 아니라 한 업무와 한 구매자만 선택","범용 플랫폼 전체가 아니라 한 업무와 한 구매자만 선택","4~6주 MVP","https://www.evertune.ai/","https://www.sec.gov/Archives/edgar/data/2039404/000203940425000001/0002039404-25-000001-index.html"
"44","추천","핵심","B","65","direct","Battr AI, Inc.","2026-06-09","UT","Other Technology","기타 기술","50000","50000","1","마케팅·영업·고객운영","90","24","19","17","14","9","7","5","30일","Battr는 CRM을 매일 점검해 방치된 리드를 찾아 성과 기준을 지키는 상담원에게 재배정하고 영업팀의 후속조치 준수를 자동 관리한다.","Sweep neglected leads to engaged agents and create true accountability with Battr’s AI-powered CRM monitoring and real-time performance enforcement.","콘텐츠·문의·고객대화가 매출 행동으로 연결되지 않고 사람이 채널마다 반복 처리하는 문제","문의·리뷰·콘텐츠를 예약·구매·재방문 행동까지 연결하는 업종 특화 도구","최근 문의·리뷰 200건을 매출 행동으로 분류하고 2주간 후속메시지를 실행하는 유료 파일럿","브랜드/지점당 월 30만~200만원 + 채널·전환 건수","예약·상담·반복구매가 중요한 중소 브랜드와 서비스업체","네이버·카카오·스마트스토어 대행사, 업종 커뮤니티, 매출 사례 직접 영업","채널 연동, 업종별 콘텐츠·대화 성과와 실제 예약·구매 전환 데이터","CRM·채널 상담 도구가 많으므로 업종별 예약·매출 귀속까지 완료해야 차별화","네이버·카카오·인스타그램·스마트스토어 문의를 예약·구매·재방문 결과까지 연결","한국 업종별 전환 데이터를 쌓은 뒤 일본 LINE과 동남아 WhatsApp으로 확장","","공식 제품과 고객 인터뷰로 수요·가격·도입권한을 다시 검증","4~6주 MVP","https://www.battr.ai/","https://www.sec.gov/Archives/edgar/data/2139391/000213939126000001/0002139391-26-000001-index.html"
"45","추천","핵심","B","65","direct","yTools, Inc.","2026-06-15","CA","Other Technology","기타 기술","3000000","50000","14","마케팅·영업·고객운영","90","24","19","17","14","9","7","8","30일","yTools는 얼굴을 노출하지 않고 YouTube 영상과 Shorts를 만들도록 대본·음성·썸네일·게시 자동화 도구를 제공한다.","Create faceless YouTube videos & automate Shorts with AI. Discover tools for script writing, voiceovers, thumbnails & content automation without showing your face.","콘텐츠·문의·고객대화가 매출 행동으로 연결되지 않고 사람이 채널마다 반복 처리하는 문제","문의·리뷰·콘텐츠를 예약·구매·재방문 행동까지 연결하는 업종 특화 도구","최근 문의·리뷰 200건을 매출 행동으로 분류하고 2주간 후속메시지를 실행하는 유료 파일럿","브랜드/지점당 월 30만~200만원 + 채널·전환 건수","예약·상담·반복구매가 중요한 중소 브랜드와 서비스업체","네이버·카카오·스마트스토어 대행사, 업종 커뮤니티, 매출 사례 직접 영업","채널 연동, 업종별 콘텐츠·대화 성과와 실제 예약·구매 전환 데이터","CRM·채널 상담 도구가 많으므로 업종별 예약·매출 귀속까지 완료해야 차별화","네이버·카카오·인스타그램·스마트스토어 문의를 예약·구매·재방문 결과까지 연결","한국 업종별 전환 데이터를 쌓은 뒤 일본 LINE과 동남아 WhatsApp으로 확장","","공식 제품과 고객 인터뷰로 수요·가격·도입권한을 다시 검증","4~6주 MVP","https://ytools.io/","https://www.sec.gov/Archives/edgar/data/2139284/000213928426000003/0002139284-26-000003-index.html"
"46","추천","핵심","A","85","direct","Nest Veterinary, Inc.","2025-09-16","ME","Other Technology","기타 기술","3500000","3449998","9","재무·백오피스","90","20","18","20","14","9","9","17","30일","동물병원이 예방관리 구독상품을 출시하도록 요금청구·병원시스템 연동·성과보고를 지원한다.","Launch pet wellness plans at your veterinary hospital in four weeks. Nest Veterinary handles billing, PIMS integration, and reporting so you can focus on care","계약·송장·입금·미수·회계 자료가 맞지 않아 현금 회수와 마감이 늦어지는 문제","계약·송장·입금·미수금의 불일치를 찾아 후속조치 초안을 만들고 사람이 승인","미수·송장 3개월치를 대조해 회수 우선순위와 고객별 후속문안을 제공하는 유료 진단","회사당 월 60만~300만원 + 온보딩비 또는 회수 성과수수료","계약·송장·입금·미수 관리가 복잡한 중소 B2B 기업 대표와 재무 담당자","회계사·세무사·ERP 파트너, 미수 회수·마감 단축 사례 기반 직접 영업","ERP·회계 연동, 예외·승인·회수 결과와 거래처별 지불 패턴","회계·세무 SaaS가 강하므로 불일치 탐지와 실제 회수 성과에 집중","ERP를 교체하지 않고 계약·전자세금계산서·입금 불일치와 후속조치를 연결","한국에서 회수·마감 성과를 검증한 뒤 싱가포르·호주 회계 연동으로 확장","범용 플랫폼 전체가 아니라 한 업무와 한 구매자만 선택","범용 플랫폼 전체가 아니라 한 업무와 한 구매자만 선택","6~8주 MVP","https://www.nestveterinary.com/","https://www.sec.gov/Archives/edgar/data/2048222/000204822225000002/0002048222-25-000002-index.html"
"47","추천","핵심","A","78","direct","Justice Bid Inc.","2025-04-15","IL","Other Technology","기타 기술","3000000","2000000","1","법률·전문서비스 운영","90","20","18","20","14","9","9","14","30일","Justice Bid는 외부 변호사 선정을 위한 AI 기반 플랫폼입니다. RFP, 요율 검토, 인력 분석을 실행하여 법률 비용을 절감하고 로펌의 가치를 입증합니다.","Justice Bid is the AI-driven platform for outside counsel selection—run RFPs, rate reviews, and staffing analytics to cut legal spend and prove law firm value.","전문가가 사건 접수·자료 회수·문서 검수·기한·청구를 수작업하는 문제","사건 접수·자료회수·증거 타임라인·문서 품질검사·청구 가능 활동 포착 중 하나를 자동화","과거 사건 20건에서 누락 자료·기한·청구 가능 시간을 찾아주는 유료 업무감사","사용자당 월 15만~60만원 + 구축비 또는 복원매출 수수료","로펌·노무·특허·세무·손해사정 사무소 대표와 사건 운영자","전문가 협회·교육·서식 파트너와 복원매출 사례 기반 직접 영업","한국 문서·업무 템플릿, 전문가 수정 이력, 사건·청구 결과 라벨","리걸 AI 경쟁이 강하므로 사건 운영과 청구 가능한 활동 포착 같은 좁은 흐름이 필요","범용 법률답변보다 HWP 문서 QA·자료회수·기한·청구 누수에 집중하고 전문가 승인을 유지","한국 전문서비스에서 검증한 뒤 일본과 영문권 문서·청구 워크플로로 확장","범용 플랫폼 전체가 아니라 한 업무와 한 구매자만 선택","범용 플랫폼 전체가 아니라 한 업무와 한 구매자만 선택","6~8주 MVP","https://www.justicebid.com/","https://www.sec.gov/Archives/edgar/data/2063332/000202480925000001/0002024809-25-000001-index.html"
"48","추천","핵심","A","78","direct","Agri-Trak, Inc.","2025-03-13","NY","Other","기타","1380000","1380000","15","재무·백오피스","90","20","18","20","14","9","9","17","30일","올인원 솔루션으로 농장의 인력 관리를 최적화하세요. 근무 시간을 추적하고, H-2A 규정을 준수하며, 급여를 간소화하세요. 오늘 시간과 돈을 절약하세요! 우리는 가족과 소규모 농장을 위해 만들어진 유일한 솔루션입니다.","Optimize your farm s labor management with our all-in-one solution. Track hours, ensure H-2A compliance, and streamline payroll. Save time and money today! We re the only solution that was built for family and small farms.","계약·송장·입금·미수·회계 자료가 맞지 않아 현금 회수와 마감이 늦어지는 문제","계약·송장·입금·미수금의 불일치를 찾아 후속조치 초안을 만들고 사람이 승인","미수·송장 3개월치를 대조해 회수 우선순위와 고객별 후속문안을 제공하는 유료 진단","회사당 월 60만~300만원 + 온보딩비 또는 회수 성과수수료","계약·송장·입금·미수 관리가 복잡한 중소 B2B 기업 대표와 재무 담당자","회계사·세무사·ERP 파트너, 미수 회수·마감 단축 사례 기반 직접 영업","ERP·회계 연동, 예외·승인·회수 결과와 거래처별 지불 패턴","회계·세무 SaaS가 강하므로 불일치 탐지와 실제 회수 성과에 집중","ERP를 교체하지 않고 계약·전자세금계산서·입금 불일치와 후속조치를 연결","한국에서 회수·마감 성과를 검증한 뒤 싱가포르·호주 회계 연동으로 확장","범용 플랫폼 전체가 아니라 한 업무와 한 구매자만 선택","범용 플랫폼 전체가 아니라 한 업무와 한 구매자만 선택","6~8주 MVP","https://www.agri-trak.com/","https://www.sec.gov/Archives/edgar/data/2055019/000205501925000001/0002055019-25-000001-index.html"
"49","추천","핵심","B","65","direct","CareFlo, Inc.","2026-01-12","FL","Business Services","기업 서비스","600000","30000","1","재무·백오피스","90","22","18","20","13","8","9","5","30일","CareFlo는 돌봄 서비스 기관의 접수·일정·청구·규정준수 업무를 자동화해 직원이 개인 맞춤형 돌봄에 집중하게 한다.","CareFlo AI App frees staff from admin work with intake, scheduling, billing & compliance automation—empowering agencies to deliver better & more personalized care.","계약·송장·입금·미수·회계 자료가 맞지 않아 현금 회수와 마감이 늦어지는 문제","계약·송장·입금·미수금의 불일치를 찾아 후속조치 초안을 만들고 사람이 승인","미수·송장 3개월치를 대조해 회수 우선순위와 고객별 후속문안을 제공하는 유료 진단","회사당 월 60만~300만원 + 온보딩비 또는 회수 성과수수료","계약·송장·입금·미수 관리가 복잡한 중소 B2B 기업 대표와 재무 담당자","회계사·세무사·ERP 파트너, 미수 회수·마감 단축 사례 기반 직접 영업","ERP·회계 연동, 예외·승인·회수 결과와 거래처별 지불 패턴","회계·세무 SaaS가 강하므로 불일치 탐지와 실제 회수 성과에 집중","ERP를 교체하지 않고 계약·전자세금계산서·입금 불일치와 후속조치를 연결","한국에서 회수·마감 성과를 검증한 뒤 싱가포르·호주 회계 연동으로 확장","","공식 제품과 고객 인터뷰로 수요·가격·도입권한을 다시 검증","4~6주 MVP","https://careflo.ai/","https://www.sec.gov/Archives/edgar/data/2103592/000210359226000001/0002103592-26-000001-index.html"
"50","추천","핵심","B","65","direct","Credtent, Inc.","2025-09-02","CA","Other Technology","기타 기술","1500000","12500","2","법률·전문서비스 운영","90","20","18","20","14","9","9","6","30일","Credtent는 AI 기업에 권리 허가와 출처 검증이 끝난 학습데이터를 제공하고 콘텐츠 권리자에게 사용료를 배분하는 중립적 라이선싱 플랫폼이다.","Credtent connects AI companies with pre-cleared, provenance-verified training data and pays the rights holders who created it. One neutral platform. Ethical, legal, and profitable.","전문가가 사건 접수·자료 회수·문서 검수·기한·청구를 수작업하는 문제","사건 접수·자료회수·증거 타임라인·문서 품질검사·청구 가능 활동 포착 중 하나를 자동화","과거 사건 20건에서 누락 자료·기한·청구 가능 시간을 찾아주는 유료 업무감사","사용자당 월 15만~60만원 + 구축비 또는 복원매출 수수료","로펌·노무·특허·세무·손해사정 사무소 대표와 사건 운영자","전문가 협회·교육·서식 파트너와 복원매출 사례 기반 직접 영업","한국 문서·업무 템플릿, 전문가 수정 이력, 사건·청구 결과 라벨","리걸 AI 경쟁이 강하므로 사건 운영과 청구 가능한 활동 포착 같은 좁은 흐름이 필요","범용 법률답변보다 HWP 문서 QA·자료회수·기한·청구 누수에 집중하고 전문가 승인을 유지","한국 전문서비스에서 검증한 뒤 일본과 영문권 문서·청구 워크플로로 확장","범용 플랫폼 전체가 아니라 한 업무와 한 구매자만 선택","범용 플랫폼 전체가 아니라 한 업무와 한 구매자만 선택","6~8주 MVP","https://credtent.org/","https://www.sec.gov/Archives/edgar/data/2022194/000202219425000002/0002022194-25-000002-index.html"
"51","추천","핵심","B","65","direct","Redo Tech, Inc.","2026-06-25","UT","Other Technology","기타 기술","29999951","25999968","2","마케팅·영업·고객운영","90","22","18","19","14","10","7","12","30일","Redo는 전자상거래의 반품·주문추적·물류처리와 AI 마케팅을 통합해 구매 이후 고객경험을 추가 매출로 연결한다.","The all-in-one ecommerce platform for returns, order tracking, fulfillment, and AI-powered marketing. Turn every post-purchase moment into revenue.","콘텐츠·문의·고객대화가 매출 행동으로 연결되지 않고 사람이 채널마다 반복 처리하는 문제","문의·리뷰·콘텐츠를 예약·구매·재방문 행동까지 연결하는 업종 특화 도구","최근 문의·리뷰 200건을 매출 행동으로 분류하고 2주간 후속메시지를 실행하는 유료 파일럿","브랜드/지점당 월 30만~200만원 + 채널·전환 건수","예약·상담·반복구매가 중요한 중소 브랜드와 서비스업체","네이버·카카오·스마트스토어 대행사, 업종 커뮤니티, 매출 사례 직접 영업","채널 연동, 업종별 콘텐츠·대화 성과와 실제 예약·구매 전환 데이터","CRM·채널 상담 도구가 많으므로 업종별 예약·매출 귀속까지 완료해야 차별화","네이버·카카오·인스타그램·스마트스토어 문의를 예약·구매·재방문 결과까지 연결","한국 업종별 전환 데이터를 쌓은 뒤 일본 LINE과 동남아 WhatsApp으로 확장","범용 플랫폼 전체가 아니라 한 업무와 한 구매자만 선택","범용 플랫폼 전체가 아니라 한 업무와 한 구매자만 선택","4~6주 MVP","https://redo.com/","https://www.sec.gov/Archives/edgar/data/1938705/000193870526000001/0001938705-26-000001-index.html"
"52","추천","핵심","B","65","direct","anana group, Inc.","2026-02-04","TX","Other","기타","500000","330000","18","마케팅·영업·고객운영","90","22","18","19","14","10","7","16","30일","anana는 투숙객 상호작용을 매출·영업·운영팀이 활용할 수 있는 인사이트로 바꾸는 호스피탈리티 상업 인텔리전스 플랫폼이다.","A hospitality commercial intelligence platform that turns guest interactions into visible insights for revenue, sales, and operations teams.","콘텐츠·문의·고객대화가 매출 행동으로 연결되지 않고 사람이 채널마다 반복 처리하는 문제","문의·리뷰·콘텐츠를 예약·구매·재방문 행동까지 연결하는 업종 특화 도구","최근 문의·리뷰 200건을 매출 행동으로 분류하고 2주간 후속메시지를 실행하는 유료 파일럿","브랜드/지점당 월 30만~200만원 + 채널·전환 건수","예약·상담·반복구매가 중요한 중소 브랜드와 서비스업체","네이버·카카오·스마트스토어 대행사, 업종 커뮤니티, 매출 사례 직접 영업","채널 연동, 업종별 콘텐츠·대화 성과와 실제 예약·구매 전환 데이터","CRM·채널 상담 도구가 많으므로 업종별 예약·매출 귀속까지 완료해야 차별화","네이버·카카오·인스타그램·스마트스토어 문의를 예약·구매·재방문 결과까지 연결","한국 업종별 전환 데이터를 쌓은 뒤 일본 LINE과 동남아 WhatsApp으로 확장","범용 플랫폼 전체가 아니라 한 업무와 한 구매자만 선택","범용 플랫폼 전체가 아니라 한 업무와 한 구매자만 선택","4~6주 MVP","https://getanana.com/","https://www.sec.gov/Archives/edgar/data/2107985/000210798526000001/0002107985-26-000001-index.html"
"53","추천","핵심","B","65","direct","WineView, Inc.","2025-09-10","AL","Other Technology","기타 기술","155000","50000","3","마케팅·영업·고객운영","90","22","18","19","14","10","7","6","30일","WineView는 와인클럽의 회원제·등급·배송처리·CRM·POS 연동을 월 사용료 없이 제공하는 운영 플랫폼이다.","WineView is the all-in-one platform to launch and grow your wine club - memberships, tiers, fulfillment, CRM, and POS integrations, with no monthly fees.","콘텐츠·문의·고객대화가 매출 행동으로 연결되지 않고 사람이 채널마다 반복 처리하는 문제","문의·리뷰·콘텐츠를 예약·구매·재방문 행동까지 연결하는 업종 특화 도구","최근 문의·리뷰 200건을 매출 행동으로 분류하고 2주간 후속메시지를 실행하는 유료 파일럿","브랜드/지점당 월 30만~200만원 + 채널·전환 건수","예약·상담·반복구매가 중요한 중소 브랜드와 서비스업체","네이버·카카오·스마트스토어 대행사, 업종 커뮤니티, 매출 사례 직접 영업","채널 연동, 업종별 콘텐츠·대화 성과와 실제 예약·구매 전환 데이터","CRM·채널 상담 도구가 많으므로 업종별 예약·매출 귀속까지 완료해야 차별화","네이버·카카오·인스타그램·스마트스토어 문의를 예약·구매·재방문 결과까지 연결","한국 업종별 전환 데이터를 쌓은 뒤 일본 LINE과 동남아 WhatsApp으로 확장","범용 플랫폼 전체가 아니라 한 업무와 한 구매자만 선택","범용 플랫폼 전체가 아니라 한 업무와 한 구매자만 선택","4~6주 MVP","https://www.wineview.com/","https://www.sec.gov/Archives/edgar/data/1874096/000187409625000003/0001874096-25-000003-index.html"
"54","추천","핵심","B","65","direct","PATHWAIZE INC.","2026-06-29","DE","Other Technology","기타 기술","750000","45000","2","마케팅·영업·고객운영","90","22","18","19","14","10","7","8","30일","Pathwaize는 부동산 투자자의 전화를 받고 잠재고객을 선별하며 후속연락을 자동화하는 AI 운영체제다.","Replace your CRM with Pathwaize, the AI Operating System for real estate investors that answers calls, qualifies leads, and automates follow-up for investors. Scale now.","콘텐츠·문의·고객대화가 매출 행동으로 연결되지 않고 사람이 채널마다 반복 처리하는 문제","문의·리뷰·콘텐츠를 예약·구매·재방문 행동까지 연결하는 업종 특화 도구","최근 문의·리뷰 200건을 매출 행동으로 분류하고 2주간 후속메시지를 실행하는 유료 파일럿","브랜드/지점당 월 30만~200만원 + 채널·전환 건수","예약·상담·반복구매가 중요한 중소 브랜드와 서비스업체","네이버·카카오·스마트스토어 대행사, 업종 커뮤니티, 매출 사례 직접 영업","채널 연동, 업종별 콘텐츠·대화 성과와 실제 예약·구매 전환 데이터","CRM·채널 상담 도구가 많으므로 업종별 예약·매출 귀속까지 완료해야 차별화","네이버·카카오·인스타그램·스마트스토어 문의를 예약·구매·재방문 결과까지 연결","한국 업종별 전환 데이터를 쌓은 뒤 일본 LINE과 동남아 WhatsApp으로 확장","범용 플랫폼 전체가 아니라 한 업무와 한 구매자만 선택","범용 플랫폼 전체가 아니라 한 업무와 한 구매자만 선택","4~6주 MVP","https://pathwaize.com/","https://www.sec.gov/Archives/edgar/data/2142240/000214224026000001/0002142240-26-000001-index.html"
"55","추천","핵심","B","65","direct","Piston Technologies, Inc.","2026-06-01","CA","Other","기타","14999991","14999991","4","재무·백오피스","90","22","17","20","13","9","9","14","30일","PistonPay는 주유소에서 카드 없이 빠르고 규정에 맞게 결제하도록 지원하는 안전한 디지털 결제 플랫폼이다.","PistonPay delivers a secure, cardless digital payment platform with fast, compliant, and reliable transactions for modern fueling needs.","계약·송장·입금·미수·회계 자료가 맞지 않아 현금 회수와 마감이 늦어지는 문제","계약·송장·입금·미수금의 불일치를 찾아 후속조치 초안을 만들고 사람이 승인","미수·송장 3개월치를 대조해 회수 우선순위와 고객별 후속문안을 제공하는 유료 진단","회사당 월 60만~300만원 + 온보딩비 또는 회수 성과수수료","계약·송장·입금·미수 관리가 복잡한 중소 B2B 기업 대표와 재무 담당자","회계사·세무사·ERP 파트너, 미수 회수·마감 단축 사례 기반 직접 영업","ERP·회계 연동, 예외·승인·회수 결과와 거래처별 지불 패턴","회계·세무 SaaS가 강하므로 불일치 탐지와 실제 회수 성과에 집중","ERP를 교체하지 않고 계약·전자세금계산서·입금 불일치와 후속조치를 연결","한국에서 회수·마감 성과를 검증한 뒤 싱가포르·호주 회계 연동으로 확장","","공식 제품과 고객 인터뷰로 수요·가격·도입권한을 다시 검증","4~6주 MVP","https://piston.com/","https://www.sec.gov/Archives/edgar/data/2070089/000207008926000002/0002070089-26-000002-index.html"
"56","추천","핵심","B","65","direct","Skillmaker, Inc.","2025-07-10","NC","Other Technology","기타 기술","1900000","900000","7","인력·교육·온보딩","89","22","20","17","13","9","8","14","30일","Skillmaker의 AI 기반 XR 플랫폼으로 교육을 혁신하세요. 온보딩 시간을 줄이고, 유지율을 높이며, 몇 달이 아닌 며칠 만에 업무 준비 팀을 구축하세요.","Transform training with Skillmaker’s AI-driven XR platform. Reduce onboarding time, boost retention, and build job-ready teams in days—not months.","채용·교육·온보딩이 문서 전달에 머물러 실제 업무 수행과 규정 이수를 측정하기 어려운 문제","한 직군의 실제 업무 문서로 온보딩·역할별 코칭·이수·업무수행 증빙을 자동화","신규직원 한 역할의 문서·상황 20개를 평가형 온보딩으로 바꾸는 유료 제작 파일럿","사용자당 월 2만~10만원 + 콘텐츠 구축비 200만~1,000만원","현장·서비스 직군을 반복 채용하는 중소·중견기업의 인사·교육 책임자","직군 협회, HR·LMS 파트너, 교육기관과 역할별 평가 콘텐츠","직군별 평가·성과 데이터, 사내문서 연동과 실제 업무수행 결과","채용·교육 도구가 많으므로 콘텐츠 전달보다 실제 업무수행 측정에 집중","한 직군의 역할극·업무 증빙을 국내 규정과 조직 용어에 맞게 제공","한국에서 한 직군을 검증한 뒤 일본·동남아 현지 언어·규정 평가팩으로 확장","","공식 제품과 고객 인터뷰로 수요·가격·도입권한을 다시 검증","4~6주 MVP","https://skillmaker.ai/","https://www.sec.gov/Archives/edgar/data/2076353/000207635325000001/0002076353-25-000001-index.html"
"57","조건부","응용","A","85","adjacent","Finch Legal Inc.","2025-06-16","NY","Other Technology","기타 기술","23749980","23699985","18","법률·전문서비스 운영","89","20","18","20","14","9","8","13","30일","개인상해 로펌의 사건 접수부터 자료수집·합의요구서 작성까지 소송 전 업무를 AI와 전문인력이 처리한다.","More cases, less busy work. Upgrade your personal injury firm’s pre-litigation playbook with elite paralegals and next generation AI tools.","전문가가 사건 접수·자료 회수·문서 검수·기한·청구를 수작업하는 문제","사건 접수·자료회수·증거 타임라인·문서 품질검사·청구 가능 활동 포착 중 하나를 자동화","과거 사건 20건에서 누락 자료·기한·청구 가능 시간을 찾아주는 유료 업무감사","사용자당 월 15만~60만원 + 구축비 또는 복원매출 수수료","로펌·노무·특허·세무·손해사정 사무소 대표와 사건 운영자","전문가 협회·교육·서식 파트너와 복원매출 사례 기반 직접 영업","한국 문서·업무 템플릿, 전문가 수정 이력, 사건·청구 결과 라벨","리걸 AI 경쟁이 강하므로 사건 운영과 청구 가능한 활동 포착 같은 좁은 흐름이 필요","범용 법률답변보다 HWP 문서 QA·자료회수·기한·청구 누수에 집중하고 전문가 승인을 유지","한국 전문서비스에서 검증한 뒤 일본과 영문권 문서·청구 워크플로로 확장","원회사는 소프트웨어 전용이 아니므로 AI 업무전환 가설을 추가 검증","원회사는 소프트웨어 전용이 아니므로 AI 업무전환 가설을 추가 검증","6~8주 MVP","https://www.finchlegal.com/","https://www.sec.gov/Archives/edgar/data/2073379/000123191925000076/0001231919-25-000076-index.html"
"58","조건부","응용","B","69","adjacent","Faster Outcomes, Inc.","2025-04-18","MA","Other Technology","기타 기술","3000000","550000","1","법률·전문서비스 운영","89","20","18","20","14","9","8","11","30일","Faster Outcomes는 우수 직원처럼 반복업무를 수행하는 AI로 업무흐름을 간소화하고 단순작업을 줄여 처리 속도를 높인다.","Streamline Workflows, Reduce Busywork, and Accelerate Outcomes with AI that performs like Your Best Team Member.","전문가가 사건 접수·자료 회수·문서 검수·기한·청구를 수작업하는 문제","사건 접수·자료회수·증거 타임라인·문서 품질검사·청구 가능 활동 포착 중 하나를 자동화","과거 사건 20건에서 누락 자료·기한·청구 가능 시간을 찾아주는 유료 업무감사","사용자당 월 15만~60만원 + 구축비 또는 복원매출 수수료","로펌·노무·특허·세무·손해사정 사무소 대표와 사건 운영자","전문가 협회·교육·서식 파트너와 복원매출 사례 기반 직접 영업","한국 문서·업무 템플릿, 전문가 수정 이력, 사건·청구 결과 라벨","리걸 AI 경쟁이 강하므로 사건 운영과 청구 가능한 활동 포착 같은 좁은 흐름이 필요","범용 법률답변보다 HWP 문서 QA·자료회수·기한·청구 누수에 집중하고 전문가 승인을 유지","한국 전문서비스에서 검증한 뒤 일본과 영문권 문서·청구 워크플로로 확장","원회사는 소프트웨어 전용이 아니므로 AI 업무전환 가설을 추가 검증","원회사는 소프트웨어 전용이 아니므로 AI 업무전환 가설을 추가 검증","6~8주 MVP","https://www.fasteroutcomes.com/","https://www.sec.gov/Archives/edgar/data/2042054/000204205425000001/0002042054-25-000001-index.html"
"59","추천","핵심","B","65","direct","Alaro Inc.","2026-02-17","NY","Other Technology","기타 기술","7000000","7000000","2","법률·전문서비스 운영","89","20","18","20","14","8","9","14","30일","Alaro는 빠르고 정밀한 중요 계약 검토와 명확한 담당·책임 체계를 제공해 법률 의사결정이 사업을 지연하지 않게 한다.","Alaro delivers high-stakes contract review with speed, precision, and clear ownership - so legal decisions stop slowing the business.","전문가가 사건 접수·자료 회수·문서 검수·기한·청구를 수작업하는 문제","사건 접수·자료회수·증거 타임라인·문서 품질검사·청구 가능 활동 포착 중 하나를 자동화","과거 사건 20건에서 누락 자료·기한·청구 가능 시간을 찾아주는 유료 업무감사","사용자당 월 15만~60만원 + 구축비 또는 복원매출 수수료","로펌·노무·특허·세무·손해사정 사무소 대표와 사건 운영자","전문가 협회·교육·서식 파트너와 복원매출 사례 기반 직접 영업","한국 문서·업무 템플릿, 전문가 수정 이력, 사건·청구 결과 라벨","리걸 AI 경쟁이 강하므로 사건 운영과 청구 가능한 활동 포착 같은 좁은 흐름이 필요","범용 법률답변보다 HWP 문서 QA·자료회수·기한·청구 누수에 집중하고 전문가 승인을 유지","한국 전문서비스에서 검증한 뒤 일본과 영문권 문서·청구 워크플로로 확장","범용 플랫폼 전체가 아니라 한 업무와 한 구매자만 선택","범용 플랫폼 전체가 아니라 한 업무와 한 구매자만 선택","6~8주 MVP","https://alaro.com/","https://www.sec.gov/Archives/edgar/data/2110787/000211078726000001/0002110787-26-000001-index.html"
"60","조건부","응용","B","65","adjacent","Attribution, Inc.","2025-02-11","CA","Other Technology","기타 기술","500000","120000","4","재무·백오피스","89","20","18","20","14","9","8","14","30일","Attribution.ai는 Shopify 주문·광고비·픽셀 이벤트·설문과 데이터 준비상태를 통합해 DTC 팀의 채널별 매출 기여 주장을 실제 데이터로 검증한다.","Attribution.ai combines Shopify orders, paid-media spend, pixel events, surveys, and readiness labels so DTC teams can see which channel claims the available data supports.","계약·송장·입금·미수·회계 자료가 맞지 않아 현금 회수와 마감이 늦어지는 문제","계약·송장·입금·미수금의 불일치를 찾아 후속조치 초안을 만들고 사람이 승인","미수·송장 3개월치를 대조해 회수 우선순위와 고객별 후속문안을 제공하는 유료 진단","회사당 월 60만~300만원 + 온보딩비 또는 회수 성과수수료","계약·송장·입금·미수 관리가 복잡한 중소 B2B 기업 대표와 재무 담당자","회계사·세무사·ERP 파트너, 미수 회수·마감 단축 사례 기반 직접 영업","ERP·회계 연동, 예외·승인·회수 결과와 거래처별 지불 패턴","회계·세무 SaaS가 강하므로 불일치 탐지와 실제 회수 성과에 집중","ERP를 교체하지 않고 계약·전자세금계산서·입금 불일치와 후속조치를 연결","한국에서 회수·마감 성과를 검증한 뒤 싱가포르·호주 회계 연동으로 확장","원회사는 소프트웨어 전용이 아니므로 AI 업무전환 가설을 추가 검증","원회사는 소프트웨어 전용이 아니므로 AI 업무전환 가설을 추가 검증","6~8주 MVP","https://attribution.ai/","https://www.sec.gov/Archives/edgar/data/2055688/000205568825000001/0002055688-25-000001-index.html"
"61","추천","핵심","B","65","direct","Scowtt Inc.","2025-12-08","WA","Other","기타","12000000","10179968","8","마케팅·영업·고객운영","89","22","18","19","14","9","7","12","30일","Scowtt는 활용도가 낮은 CRM 및 웹 신호를 마케팅 최적화와 AI 기반 판매를 촉진하는 예측 모델로 전환하여 가치를 실현합니다.","Scowtt unlocks the value by turning underutilized CRM and web signals into predictive models that fuel both marketing optimization and AI-powered sales.","콘텐츠·문의·고객대화가 매출 행동으로 연결되지 않고 사람이 채널마다 반복 처리하는 문제","문의·리뷰·콘텐츠를 예약·구매·재방문 행동까지 연결하는 업종 특화 도구","최근 문의·리뷰 200건을 매출 행동으로 분류하고 2주간 후속메시지를 실행하는 유료 파일럿","브랜드/지점당 월 30만~200만원 + 채널·전환 건수","예약·상담·반복구매가 중요한 중소 브랜드와 서비스업체","네이버·카카오·스마트스토어 대행사, 업종 커뮤니티, 매출 사례 직접 영업","채널 연동, 업종별 콘텐츠·대화 성과와 실제 예약·구매 전환 데이터","CRM·채널 상담 도구가 많으므로 업종별 예약·매출 귀속까지 완료해야 차별화","네이버·카카오·인스타그램·스마트스토어 문의를 예약·구매·재방문 결과까지 연결","한국 업종별 전환 데이터를 쌓은 뒤 일본 LINE과 동남아 WhatsApp으로 확장","범용 플랫폼 전체가 아니라 한 업무와 한 구매자만 선택","범용 플랫폼 전체가 아니라 한 업무와 한 구매자만 선택","4~6주 MVP","https://www.scowtt.com/","https://www.sec.gov/Archives/edgar/data/2095819/000209581925000002/0002095819-25-000002-index.html"
"62","추천","핵심","B","65","direct","LumoPath, Inc.","2025-05-08","CA","Other Technology","기타 기술","5288285","5237058","16","마케팅·영업·고객운영","89","22","18","19","14","9","7","12","30일","Lumopath는 고객성공팀의 이메일·회의·티켓·CRM 활동을 유지율·확장매출·마진과 연결하고 AI가 계정별 다음 행동을 추천한다.","Lumopath passively connects every hour your post-sales team works, across every tool, to the revenue it drives. AI agents tell each person what to do next — and show you whether it","콘텐츠·문의·고객대화가 매출 행동으로 연결되지 않고 사람이 채널마다 반복 처리하는 문제","문의·리뷰·콘텐츠를 예약·구매·재방문 행동까지 연결하는 업종 특화 도구","최근 문의·리뷰 200건을 매출 행동으로 분류하고 2주간 후속메시지를 실행하는 유료 파일럿","브랜드/지점당 월 30만~200만원 + 채널·전환 건수","예약·상담·반복구매가 중요한 중소 브랜드와 서비스업체","네이버·카카오·스마트스토어 대행사, 업종 커뮤니티, 매출 사례 직접 영업","채널 연동, 업종별 콘텐츠·대화 성과와 실제 예약·구매 전환 데이터","CRM·채널 상담 도구가 많으므로 업종별 예약·매출 귀속까지 완료해야 차별화","네이버·카카오·인스타그램·스마트스토어 문의를 예약·구매·재방문 결과까지 연결","한국 업종별 전환 데이터를 쌓은 뒤 일본 LINE과 동남아 WhatsApp으로 확장","범용 플랫폼 전체가 아니라 한 업무와 한 구매자만 선택","범용 플랫폼 전체가 아니라 한 업무와 한 구매자만 선택","4~6주 MVP","https://www.lumopath.ai/Home","https://www.sec.gov/Archives/edgar/data/2067187/000206718725000001/0002067187-25-000001-index.html"
"63","조건부","응용","A","85","adjacent","Language IO, Inc.","2026-01-14","WY","Other Technology","기타 기술","3000000","1499982","24","마케팅·영업·고객운영","88","22","18","18","14","10","6","19","30일","Language IO는 기업과 고객이 150개 이상의 언어로 소통할 수 있도록 기존 업무도구에 연동되는 실시간 AI 번역을 제공한다.","Powered by AI, Language IO delivers real-time, accurate translations for you and your customers in 150+ languages through seamless integrations with Salesforce, Zendesk, Oracle, ServiceNow, and more.","콘텐츠·문의·고객대화가 매출 행동으로 연결되지 않고 사람이 채널마다 반복 처리하는 문제","문의·리뷰·콘텐츠를 예약·구매·재방문 행동까지 연결하는 업종 특화 도구","최근 문의·리뷰 200건을 매출 행동으로 분류하고 2주간 후속메시지를 실행하는 유료 파일럿","브랜드/지점당 월 30만~200만원 + 채널·전환 건수","예약·상담·반복구매가 중요한 중소 브랜드와 서비스업체","네이버·카카오·스마트스토어 대행사, 업종 커뮤니티, 매출 사례 직접 영업","채널 연동, 업종별 콘텐츠·대화 성과와 실제 예약·구매 전환 데이터","CRM·채널 상담 도구가 많으므로 업종별 예약·매출 귀속까지 완료해야 차별화","네이버·카카오·인스타그램·스마트스토어 문의를 예약·구매·재방문 결과까지 연결","한국 업종별 전환 데이터를 쌓은 뒤 일본 LINE과 동남아 WhatsApp으로 확장","원회사는 소프트웨어 전용이 아니므로 AI 업무전환 가설을 추가 검증","원회사는 소프트웨어 전용이 아니므로 AI 업무전환 가설을 추가 검증","4~6주 MVP","https://languageio.com/","https://www.sec.gov/Archives/edgar/data/1904270/000190427026000001/0001904270-26-000001-index.html"
"64","추천","핵심","B","65","direct","Emblematic, Inc.","2025-08-12","DE","Other Technology","기타 기술","1999995","1944426","11","재무·백오피스","88","20","16","20","13","9","10","14","1~3개월","Emblematic은 회계와 매입·매출채권의 문서처리, 분류, 조정, 분개, 이상탐지와 IFRS·GAAP 준수를 자동화하는 금융 AI 에이전트 플랫폼이다.","The first AI-driven Agentic Automation platform, designed to fully automate and enhance the accuracy of Finance Operations, including Bookkeeping, IFRS/GAAP Compliance, Reconciliations, and more.","계약·송장·입금·미수·회계 자료가 맞지 않아 현금 회수와 마감이 늦어지는 문제","계약·송장·입금·미수금의 불일치를 찾아 후속조치 초안을 만들고 사람이 승인","미수·송장 3개월치를 대조해 회수 우선순위와 고객별 후속문안을 제공하는 유료 진단","회사당 월 60만~300만원 + 온보딩비 또는 회수 성과수수료","계약·송장·입금·미수 관리가 복잡한 중소 B2B 기업 대표와 재무 담당자","회계사·세무사·ERP 파트너, 미수 회수·마감 단축 사례 기반 직접 영업","ERP·회계 연동, 예외·승인·회수 결과와 거래처별 지불 패턴","회계·세무 SaaS가 강하므로 불일치 탐지와 실제 회수 성과에 집중","ERP를 교체하지 않고 계약·전자세금계산서·입금 불일치와 후속조치를 연결","한국에서 회수·마감 성과를 검증한 뒤 싱가포르·호주 회계 연동으로 확장","핵심 시스템 연동 전 파일·이메일 입력으로 먼저 검증","핵심 시스템 연동 전 파일·이메일 입력으로 먼저 검증","6~8주 MVP","https://www.emblematic.ai/","https://www.sec.gov/Archives/edgar/data/2081162/000208116225000001/0002081162-25-000001-index.html"
"65","조건부","응용","B","73","adjacent","Bamboo Creative Solutions LLC","2026-06-24","FL","Other Technology","기타 기술","5750000","5000000","3","마케팅·영업·고객운영","87","22","19","16","15","9","6","16","30일","Bamboo는 브랜드의 온라인 입지를 키우고 디지털 마케팅 성과를 높이는 마케팅 대행사다.","Bamboo is a digital marketing agency helping brands take new ground. Accelerate your presence online and harness it to a vibrant future.","콘텐츠·문의·고객대화가 매출 행동으로 연결되지 않고 사람이 채널마다 반복 처리하는 문제","문의·리뷰·콘텐츠를 예약·구매·재방문 행동까지 연결하는 업종 특화 도구","최근 문의·리뷰 200건을 매출 행동으로 분류하고 2주간 후속메시지를 실행하는 유료 파일럿","브랜드/지점당 월 30만~200만원 + 채널·전환 건수","예약·상담·반복구매가 중요한 중소 브랜드와 서비스업체","네이버·카카오·스마트스토어 대행사, 업종 커뮤니티, 매출 사례 직접 영업","채널 연동, 업종별 콘텐츠·대화 성과와 실제 예약·구매 전환 데이터","CRM·채널 상담 도구가 많으므로 업종별 예약·매출 귀속까지 완료해야 차별화","네이버·카카오·인스타그램·스마트스토어 문의를 예약·구매·재방문 결과까지 연결","한국 업종별 전환 데이터를 쌓은 뒤 일본 LINE과 동남아 WhatsApp으로 확장","원회사는 소프트웨어 전용이 아니므로 AI 업무전환 가설을 추가 검증","원회사는 소프트웨어 전용이 아니므로 AI 업무전환 가설을 추가 검증","4~6주 MVP","https://bamboocreative.com/","https://www.sec.gov/Archives/edgar/data/2038583/000203858326000002/0002038583-26-000002-index.html"
"66","조건부","응용","A","85","adjacent","OTTO dms, Inc.","2026-03-05","FL","Other Technology","기타 기술","2500000","1000000","2","마케팅·영업·고객운영","87","22","18","18","14","9","6","19","30일","제조사가 영업을 늘리고 비용을 줄이며 이익을 높일 수 있도록 판매·운영 업무를 관리하는 플랫폼이다.","Making growth easy for manufacturers​ Thousands of manufacturers use OTTO dms to grow sales, reduce costs, and maximize profit. Get started How OTTO dms works How manufacturers grow using OTTO dms OTTO dms equips you with the same powerful tools that top manufacturers use to grow sales, reduce costs, and maximize profit. We’ve learned what [ ]","콘텐츠·문의·고객대화가 매출 행동으로 연결되지 않고 사람이 채널마다 반복 처리하는 문제","문의·리뷰·콘텐츠를 예약·구매·재방문 행동까지 연결하는 업종 특화 도구","최근 문의·리뷰 200건을 매출 행동으로 분류하고 2주간 후속메시지를 실행하는 유료 파일럿","브랜드/지점당 월 30만~200만원 + 채널·전환 건수","예약·상담·반복구매가 중요한 중소 브랜드와 서비스업체","네이버·카카오·스마트스토어 대행사, 업종 커뮤니티, 매출 사례 직접 영업","채널 연동, 업종별 콘텐츠·대화 성과와 실제 예약·구매 전환 데이터","CRM·채널 상담 도구가 많으므로 업종별 예약·매출 귀속까지 완료해야 차별화","네이버·카카오·인스타그램·스마트스토어 문의를 예약·구매·재방문 결과까지 연결","한국 업종별 전환 데이터를 쌓은 뒤 일본 LINE과 동남아 WhatsApp으로 확장","원회사는 소프트웨어 전용이 아니므로 AI 업무전환 가설을 추가 검증","원회사는 소프트웨어 전용이 아니므로 AI 업무전환 가설을 추가 검증","4~6주 MVP","https://www.ottodms.ai/","https://www.sec.gov/Archives/edgar/data/2025422/000202542226000001/0002025422-26-000001-index.html"
"67","조건부","응용","B","65","adjacent","Demand AI Group Inc","2025-10-21","CO","Other","기타","2726437","2226437","17","마케팅·영업·고객운영","87","22","18","18","14","9","6","14","30일","Demand.com은 100% 사내 운영, 자사 데이터 및 전체 퍼널 마케팅 전략을 통해 고품질 B2B 수요 창출 솔루션을 제공합니다.","Demand.com delivers high-quality B2B demand generation solutions with 100% in-house operations, first-party data, and full-funnel marketing strategies.","콘텐츠·문의·고객대화가 매출 행동으로 연결되지 않고 사람이 채널마다 반복 처리하는 문제","문의·리뷰·콘텐츠를 예약·구매·재방문 행동까지 연결하는 업종 특화 도구","최근 문의·리뷰 200건을 매출 행동으로 분류하고 2주간 후속메시지를 실행하는 유료 파일럿","브랜드/지점당 월 30만~200만원 + 채널·전환 건수","예약·상담·반복구매가 중요한 중소 브랜드와 서비스업체","네이버·카카오·스마트스토어 대행사, 업종 커뮤니티, 매출 사례 직접 영업","채널 연동, 업종별 콘텐츠·대화 성과와 실제 예약·구매 전환 데이터","CRM·채널 상담 도구가 많으므로 업종별 예약·매출 귀속까지 완료해야 차별화","네이버·카카오·인스타그램·스마트스토어 문의를 예약·구매·재방문 결과까지 연결","한국 업종별 전환 데이터를 쌓은 뒤 일본 LINE과 동남아 WhatsApp으로 확장","원회사는 소프트웨어 전용이 아니므로 AI 업무전환 가설을 추가 검증","원회사는 소프트웨어 전용이 아니므로 AI 업무전환 가설을 추가 검증","4~6주 MVP","https://demand.com/","https://www.sec.gov/Archives/edgar/data/2090458/000209045825000001/0002090458-25-000001-index.html"
"68","조건부","응용","B","65","adjacent","Snowise Technologies, Inc.","2026-04-20","WA","Other Technology","기타 기술","500000","27000","1","마케팅·영업·고객운영","87","22","18","18","14","9","6","5","30일","Snowise의 Monocle은 고객계약 이후 팀의 메모를 할 일로, 회의를 실행계획으로 전환해 후속업무를 체계화하는 AI 시스템이다.","Snowise Technologies is building Monocle — a structured AI system for post-sales teams. Built for the people doing the real work after the deal closes, Monocle turns notes into tasks, meetings into action, and chaos into clarity. You. But scaled.","콘텐츠·문의·고객대화가 매출 행동으로 연결되지 않고 사람이 채널마다 반복 처리하는 문제","문의·리뷰·콘텐츠를 예약·구매·재방문 행동까지 연결하는 업종 특화 도구","최근 문의·리뷰 200건을 매출 행동으로 분류하고 2주간 후속메시지를 실행하는 유료 파일럿","브랜드/지점당 월 30만~200만원 + 채널·전환 건수","예약·상담·반복구매가 중요한 중소 브랜드와 서비스업체","네이버·카카오·스마트스토어 대행사, 업종 커뮤니티, 매출 사례 직접 영업","채널 연동, 업종별 콘텐츠·대화 성과와 실제 예약·구매 전환 데이터","CRM·채널 상담 도구가 많으므로 업종별 예약·매출 귀속까지 완료해야 차별화","네이버·카카오·인스타그램·스마트스토어 문의를 예약·구매·재방문 결과까지 연결","한국 업종별 전환 데이터를 쌓은 뒤 일본 LINE과 동남아 WhatsApp으로 확장","원회사는 소프트웨어 전용이 아니므로 AI 업무전환 가설을 추가 검증","원회사는 소프트웨어 전용이 아니므로 AI 업무전환 가설을 추가 검증","4~6주 MVP","https://www.snowisetech.com/","https://www.sec.gov/Archives/edgar/data/2130110/000213011026000001/0002130110-26-000001-index.html"
"69","추천","핵심","B","74","direct","Platformr.Cloud Inc.","2026-01-14","OR","Other Technology","기타 기술","2750000","1775000","3","개발도구·데이터","87","21","17","19","11","10","9","16","30일","Platformr.Cloud는 AWS Landing Zone을 빠르게 구축하고 보안·안정성 모범사례에 따라 여러 AWS 계정과 클라우드 운영을 중앙관리하게 한다.","Launch an AWS Landing Zone in minutes and centralize AWS Cloud operations with best practices for secure, reliable cloud infrastructure that scales as you grow.","코드·데이터·클라우드 맥락이 파편화돼 개발·분석·AI 배포의 오류와 대기시간이 늘어나는 문제","코드·티켓·문서 맥락, 생성코드 QA, 데이터 품질 중 평가 가능한 한 문제를 해결","고객 저장소·데이터셋 한 곳에서 오류 20건을 재현·분류하는 2주 유료 파일럿","개발자/데이터 사용자당 월 3만~20만원 + 기업 온보딩비","AI 기능을 운영하는 국내외 개발·데이터 팀과 소프트웨어 회사","오픈소스·기술 콘텐츠, 개발자 커뮤니티, 클라우드·SI 파트너","저장소·티켓 연동, 조직별 평가셋, 오류·수정·배포 결과 데이터","글로벌 개발도구와 국내 MSP가 강하므로 특정 평가셋이나 레거시 연동이 필요","한국 레거시·SI 스택의 코드·티켓·문서와 생성코드 QA처럼 현지 맥락이 필요한 문제로 진입","영문 제품과 API를 먼저 제공하고 평가셋·연동팩을 산업별로 확장","","공식 제품과 고객 인터뷰로 수요·가격·도입권한을 다시 검증","6~8주 MVP","https://platformr.cloud/","https://www.sec.gov/Archives/edgar/data/2034305/000203430526000004/0002034305-26-000004-index.html"
"70","추천","핵심","B","65","direct","Enzy Technologies LLC","2025-11-18","UT","Other Technology","기타 기술","4000000","2000000","5","마케팅·영업·고객운영","87","22","17","17","14","10","7","14","30일","Enzy는 영업팀의 숨은 성과 개선 기회를 찾아 보여주는 성과 운영체제다.","Performance is the largest untapped lever in your business. Enzy is the operating system that surfaces it.","콘텐츠·문의·고객대화가 매출 행동으로 연결되지 않고 사람이 채널마다 반복 처리하는 문제","문의·리뷰·콘텐츠를 예약·구매·재방문 행동까지 연결하는 업종 특화 도구","최근 문의·리뷰 200건을 매출 행동으로 분류하고 2주간 후속메시지를 실행하는 유료 파일럿","브랜드/지점당 월 30만~200만원 + 채널·전환 건수","예약·상담·반복구매가 중요한 중소 브랜드와 서비스업체","네이버·카카오·스마트스토어 대행사, 업종 커뮤니티, 매출 사례 직접 영업","채널 연동, 업종별 콘텐츠·대화 성과와 실제 예약·구매 전환 데이터","CRM·채널 상담 도구가 많으므로 업종별 예약·매출 귀속까지 완료해야 차별화","네이버·카카오·인스타그램·스마트스토어 문의를 예약·구매·재방문 결과까지 연결","한국 업종별 전환 데이터를 쌓은 뒤 일본 LINE과 동남아 WhatsApp으로 확장","범용 플랫폼 전체가 아니라 한 업무와 한 구매자만 선택","범용 플랫폼 전체가 아니라 한 업무와 한 구매자만 선택","4~6주 MVP","https://enzy.ai/","https://www.sec.gov/Archives/edgar/data/2026950/000202695025000004/0002026950-25-000004-index.html"
"71","추천","핵심","A","78","direct","Bot Mediation, Inc.","2025-07-15","CA","Other Technology","기타 기술","500000","95000","5","법률·전문서비스 운영","87","20","16","20","13","9","9","9","1~3개월","Bot Mediation은 원고와 피고가 시간과 장소에 구애받지 않고 법적 분쟁을 중재·합의하도록 돕는 AI 기반 온라인 대체분쟁해결 플랫폼이다.","The AI Powered ADR Solution Bot Mediation™ is an AI startup that offers plaintiffs and defendants a speedy, fair, and effective way to resolve legal disputes. Our AI-driven software empowers litigants to mediate and settle their cases whenever they want to, wherever they want to, and on their own terms. Get Started https://botmediation.com/wp-content/uploads/2024/09/Home-Page-Avatar-Intro-Video.mp4Subscribe to Stay","전문가가 사건 접수·자료 회수·문서 검수·기한·청구를 수작업하는 문제","사건 접수·자료회수·증거 타임라인·문서 품질검사·청구 가능 활동 포착 중 하나를 자동화","과거 사건 20건에서 누락 자료·기한·청구 가능 시간을 찾아주는 유료 업무감사","사용자당 월 15만~60만원 + 구축비 또는 복원매출 수수료","로펌·노무·특허·세무·손해사정 사무소 대표와 사건 운영자","전문가 협회·교육·서식 파트너와 복원매출 사례 기반 직접 영업","한국 문서·업무 템플릿, 전문가 수정 이력, 사건·청구 결과 라벨","리걸 AI 경쟁이 강하므로 사건 운영과 청구 가능한 활동 포착 같은 좁은 흐름이 필요","범용 법률답변보다 HWP 문서 QA·자료회수·기한·청구 누수에 집중하고 전문가 승인을 유지","한국 전문서비스에서 검증한 뒤 일본과 영문권 문서·청구 워크플로로 확장","범용 플랫폼 전체가 아니라 한 업무와 한 구매자만 선택","범용 플랫폼 전체가 아니라 한 업무와 한 구매자만 선택","6~8주 MVP","https://botmediation.com/","https://www.sec.gov/Archives/edgar/data/2020914/000202091425000002/0002020914-25-000002-index.html"
"72","조건부","응용","B","65","direct","Develo Inc.","2026-02-19","CA","Other Technology","기타 기술","13999989","9999992","5","재무·백오피스","87","18","16","20","14","9","10","14","1~3개월","Develo는 독립 소아과의 예약·진료기록·청구·가족 소통을 한곳에서 처리하고 수익 성장을 돕는 소아과 전용 소프트웨어다.","Develo sets the new standard for pediatric software tailor-built for independent pediatric practices. For the first time, practices can go beyond the traditional EMR and streamline scheduling, charting, billing, family engagement, and more, while achieving average net revenue growth of 20%. Delightful workflow experiences are paired with technical foundations unlocking long-term growth and performance for…","계약·송장·입금·미수·회계 자료가 맞지 않아 현금 회수와 마감이 늦어지는 문제","계약·송장·입금·미수금의 불일치를 찾아 후속조치 초안을 만들고 사람이 승인","미수·송장 3개월치를 대조해 회수 우선순위와 고객별 후속문안을 제공하는 유료 진단","회사당 월 60만~300만원 + 온보딩비 또는 회수 성과수수료","계약·송장·입금·미수 관리가 복잡한 중소 B2B 기업 대표와 재무 담당자","회계사·세무사·ERP 파트너, 미수 회수·마감 단축 사례 기반 직접 영업","ERP·회계 연동, 예외·승인·회수 결과와 거래처별 지불 패턴","회계·세무 SaaS가 강하므로 불일치 탐지와 실제 회수 성과에 집중","ERP를 교체하지 않고 계약·전자세금계산서·입금 불일치와 후속조치를 연결","한국에서 회수·마감 성과를 검증한 뒤 싱가포르·호주 회계 연동으로 확장","핵심 시스템 연동 전 파일·이메일 입력으로 먼저 검증 | 범용 플랫폼 전체가 아니라 한 업무와 한 구매자만 선택","핵심 시스템 연동 전 파일·이메일 입력으로 먼저 검증","6~8주 MVP","https://develo.com/","https://www.sec.gov/Archives/edgar/data/1996053/000147083126000198/0001470831-26-000198-index.html"
"73","추천","핵심","B","65","direct","Sequifi, Inc","2025-07-17","UT","Other Technology","기타 기술","6702430","6702430","14","재무·백오피스","87","20","16","20","13","9","9","12","1~3개월","Sequifi는 모기지·태양광·지붕·광통신망·냉난방·잔디·방제업체의 인사·급여·영업수수료를 통합 관리하는 플랫폼이다.","Sequifi is the all-in-one platform that helps growing teams consolidate HR, payroll, and commissions — and scale with confidence. Used by mortgage, solar, roofing, fiber, HVAC, turf, and pest control teams.","계약·송장·입금·미수·회계 자료가 맞지 않아 현금 회수와 마감이 늦어지는 문제","계약·송장·입금·미수금의 불일치를 찾아 후속조치 초안을 만들고 사람이 승인","미수·송장 3개월치를 대조해 회수 우선순위와 고객별 후속문안을 제공하는 유료 진단","회사당 월 60만~300만원 + 온보딩비 또는 회수 성과수수료","계약·송장·입금·미수 관리가 복잡한 중소 B2B 기업 대표와 재무 담당자","회계사·세무사·ERP 파트너, 미수 회수·마감 단축 사례 기반 직접 영업","ERP·회계 연동, 예외·승인·회수 결과와 거래처별 지불 패턴","회계·세무 SaaS가 강하므로 불일치 탐지와 실제 회수 성과에 집중","ERP를 교체하지 않고 계약·전자세금계산서·입금 불일치와 후속조치를 연결","한국에서 회수·마감 성과를 검증한 뒤 싱가포르·호주 회계 연동으로 확장","범용 플랫폼 전체가 아니라 한 업무와 한 구매자만 선택","범용 플랫폼 전체가 아니라 한 업무와 한 구매자만 선택","6~8주 MVP","https://sequifi.com/","https://www.sec.gov/Archives/edgar/data/2075172/000207517225000002/0002075172-25-000002-index.html"
"74","조건부","응용","B","65","direct","KONSTRUCTIQ, INC.","2026-05-01","CA","Other Technology","기타 기술","6001856","4783106","14","현장·건설·산업 운영","87","19","16","20","15","8","9","16","1~3개월","KonstructIQ는 주거용 계약업체가 하나의 연결된 플랫폼에서 프로젝트를 견적, 관리하고 대금을 받을 수 있도록 도와줍니다. 리모델링 업체, 주택 건설업자, 일반 건설업체를 위해 제작되었습니다.","KonstructIQ helps residential contractors estimate, manage projects, and get paid — in one connected platform. Built for remodelers, home builders, and general contractors.","현장 사진·완료서·견적·규정 증빙이 흩어져 청구와 공정 결정이 늦어지는 문제","작업사진·완료서·자재·견적을 청구와 규정 증빙으로 바꾸는 공종 하나의 도구","한 현장의 사진·작업일보를 기성·청구 증빙으로 변환하는 4주 유료 파일럿","업체당 월 70만~350만원 + 현장 수 + 초기 문서설정비","전문건설사·설비사·정비업체의 현장소장과 공무·청구 담당자","공종 협회, 세무·ERP·장비 파트너, 현장 사례 기반 직접 영업","공종별 문서·사진 판정, 청구 결과, 현장 시스템 연동과 예외 규칙","건설 공무·적산·견적 자동화가 인접하므로 전 공종 ERP보다 작업→청구 흐름에 집중","카카오톡 사진·HWP·세금계산서·공종 용어를 연결해 작업 완료→청구 한 공종으로 제한","한국 공종에서 검증한 뒤 일본·호주의 유사 현장 문서와 청구 흐름으로 확장","","공식 제품과 고객 인터뷰로 수요·가격·도입권한을 다시 검증","6~8주 MVP","https://konstructiq.com/","https://www.sec.gov/Archives/edgar/data/1989361/000198936126000003/0001989361-26-000003-index.html"
"75","추천","핵심","B","65","direct","Streamline Technologies Inc.","2025-10-16","OH","Other","기타","5000000","1367500","39","법률·전문서비스 운영","87","20","16","20","13","9","9","14","1~3개월","Streamline은 법무팀의 의뢰 접수와 업무 관제를 한곳에 모으고 AI로 접수 분류를 자동화해 전략적 성과를 보여주는 법무 운영 플랫폼이다.","The purpose-built legal front door & mission control for busy teams. Get insights to prove strategic value. Use AI to automate intake. Empower high-value work.","전문가가 사건 접수·자료 회수·문서 검수·기한·청구를 수작업하는 문제","사건 접수·자료회수·증거 타임라인·문서 품질검사·청구 가능 활동 포착 중 하나를 자동화","과거 사건 20건에서 누락 자료·기한·청구 가능 시간을 찾아주는 유료 업무감사","사용자당 월 15만~60만원 + 구축비 또는 복원매출 수수료","로펌·노무·특허·세무·손해사정 사무소 대표와 사건 운영자","전문가 협회·교육·서식 파트너와 복원매출 사례 기반 직접 영업","한국 문서·업무 템플릿, 전문가 수정 이력, 사건·청구 결과 라벨","리걸 AI 경쟁이 강하므로 사건 운영과 청구 가능한 활동 포착 같은 좁은 흐름이 필요","범용 법률답변보다 HWP 문서 QA·자료회수·기한·청구 누수에 집중하고 전문가 승인을 유지","한국 전문서비스에서 검증한 뒤 일본과 영문권 문서·청구 워크플로로 확장","범용 플랫폼 전체가 아니라 한 업무와 한 구매자만 선택","범용 플랫폼 전체가 아니라 한 업무와 한 구매자만 선택","6~8주 MVP","https://www.streamline.ai/","https://www.sec.gov/Archives/edgar/data/2090419/000209041925000001/0002090419-25-000001-index.html"
"76","조건부","응용","B","65","direct","4rivrs, Inc.","2026-04-09","NC","Other Technology","기타 기술","1500000","200000","1","현장·건설·산업 운영","87","19","16","20","15","8","9","13","1~3개월","4RIVRS는 산업체와 엔지니어링 회사가 컨설팅 비용 부담 없이 점검 가능한 우수오염방지계획을 만들고 SWPPP 준수 업무를 관리하게 돕는다.","4RIVRS makes SWPPP compliance simple for industrial businesses and engineering firms. Get inspection-ready stormwater plans without the consultant price tag.","현장 사진·완료서·견적·규정 증빙이 흩어져 청구와 공정 결정이 늦어지는 문제","작업사진·완료서·자재·견적을 청구와 규정 증빙으로 바꾸는 공종 하나의 도구","한 현장의 사진·작업일보를 기성·청구 증빙으로 변환하는 4주 유료 파일럿","업체당 월 70만~350만원 + 현장 수 + 초기 문서설정비","전문건설사·설비사·정비업체의 현장소장과 공무·청구 담당자","공종 협회, 세무·ERP·장비 파트너, 현장 사례 기반 직접 영업","공종별 문서·사진 판정, 청구 결과, 현장 시스템 연동과 예외 규칙","건설 공무·적산·견적 자동화가 인접하므로 전 공종 ERP보다 작업→청구 흐름에 집중","카카오톡 사진·HWP·세금계산서·공종 용어를 연결해 작업 완료→청구 한 공종으로 제한","한국 공종에서 검증한 뒤 일본·호주의 유사 현장 문서와 청구 흐름으로 확장","","공식 제품과 고객 인터뷰로 수요·가격·도입권한을 다시 검증","6~8주 MVP","https://www.4rivrs.com/","https://www.sec.gov/Archives/edgar/data/2127986/000212798626000001/0002127986-26-000001-index.html"
"77","조건부","응용","B","65","direct","Judicaid, Inc.","2026-06-03","CA","Other Technology","기타 기술","100000","15000","3","현장·건설·산업 운영","87","19","16","20","15","8","9","8","1~3개월","Judicaid는 법원에 제출하지 않고도 소액 청구, 집주인/임차인, 계약자 등의 분쟁을 단 $35의 비용으로 며칠 만에 해결하는 데 도움이 되는 온라인 AI 지원 중재 플랫폼입니다. 캘리포니아에서 12개 언어로 제공됩니다.","Judicaid is an online AI-assisted mediation platform that helps you resolve disputes — small claims, landlord/tenant, contractor, and more — in days for a flat $35, without filing in court. Available in California in 12 languages.","현장 사진·완료서·견적·규정 증빙이 흩어져 청구와 공정 결정이 늦어지는 문제","작업사진·완료서·자재·견적을 청구와 규정 증빙으로 바꾸는 공종 하나의 도구","한 현장의 사진·작업일보를 기성·청구 증빙으로 변환하는 4주 유료 파일럿","업체당 월 70만~350만원 + 현장 수 + 초기 문서설정비","전문건설사·설비사·정비업체의 현장소장과 공무·청구 담당자","공종 협회, 세무·ERP·장비 파트너, 현장 사례 기반 직접 영업","공종별 문서·사진 판정, 청구 결과, 현장 시스템 연동과 예외 규칙","건설 공무·적산·견적 자동화가 인접하므로 전 공종 ERP보다 작업→청구 흐름에 집중","카카오톡 사진·HWP·세금계산서·공종 용어를 연결해 작업 완료→청구 한 공종으로 제한","한국 공종에서 검증한 뒤 일본·호주의 유사 현장 문서와 청구 흐름으로 확장","","공식 제품과 고객 인터뷰로 수요·가격·도입권한을 다시 검증","6~8주 MVP","https://judicaid.com/","https://www.sec.gov/Archives/edgar/data/2115209/000211520926000002/0002115209-26-000002-index.html"
"78","조건부","응용","B","65","direct","Ceretax, Inc.","2025-04-17","GA","Other Technology","기타 기술","7964987","7914989","8","마케팅·영업·고객운영","87","21","14","19","14","10","9","12","1~3개월","복잡한 산업을 위해 구축된 판매세 자동화. 취약한 세금 엔진을 혼란 없이 대용량, 복잡도가 높은 거래를 처리하는 확장 가능한 ERP 기반 자동화로 교체하세요.","Sales tax automation built for complex industries. Replace fragile tax engines with scalable, ERP-native automation that handles high-volume, high-complexity transactions without the chaos.","콘텐츠·문의·고객대화가 매출 행동으로 연결되지 않고 사람이 채널마다 반복 처리하는 문제","문의·리뷰·콘텐츠를 예약·구매·재방문 행동까지 연결하는 업종 특화 도구","최근 문의·리뷰 200건을 매출 행동으로 분류하고 2주간 후속메시지를 실행하는 유료 파일럿","브랜드/지점당 월 30만~200만원 + 채널·전환 건수","예약·상담·반복구매가 중요한 중소 브랜드와 서비스업체","네이버·카카오·스마트스토어 대행사, 업종 커뮤니티, 매출 사례 직접 영업","채널 연동, 업종별 콘텐츠·대화 성과와 실제 예약·구매 전환 데이터","CRM·채널 상담 도구가 많으므로 업종별 예약·매출 귀속까지 완료해야 차별화","네이버·카카오·인스타그램·스마트스토어 문의를 예약·구매·재방문 결과까지 연결","한국 업종별 전환 데이터를 쌓은 뒤 일본 LINE과 동남아 WhatsApp으로 확장","대기업·공공 조달과 보안심사로 첫 매출이 느릴 수 있음 | 핵심 시스템 연동 전 파일·이메일 입력으로 먼저 검증","대기업·공공 조달과 보안심사로 첫 매출이 느릴 수 있음","6~8주 MVP","https://www.ceretax.com/","https://www.sec.gov/Archives/edgar/data/2011423/000201142325000002/0002011423-25-000002-index.html"
"79","추천","핵심","B","65","direct","Yoodli, Inc.","2025-12-05","WA","Other Technology","기타 기술","33999963","33999963","4","인력·교육·온보딩","86","22","19","15","13","9","8","10","30일","Yoodli는 영업 피치·제품 시연·중요 대화를 AI 역할극으로 반복 연습하고 실시간 코칭을 받는 기업용 교육 플랫폼이다.","Enterprise AI roleplay platform for sales enablement, partner training, and L&D. Practice pitches, demos & crucial conversations. Trusted by Google, Sandler, Korn Ferry + more.","채용·교육·온보딩이 문서 전달에 머물러 실제 업무 수행과 규정 이수를 측정하기 어려운 문제","한 직군의 실제 업무 문서로 온보딩·역할별 코칭·이수·업무수행 증빙을 자동화","신규직원 한 역할의 문서·상황 20개를 평가형 온보딩으로 바꾸는 유료 제작 파일럿","사용자당 월 2만~10만원 + 콘텐츠 구축비 200만~1,000만원","현장·서비스 직군을 반복 채용하는 중소·중견기업의 인사·교육 책임자","직군 협회, HR·LMS 파트너, 교육기관과 역할별 평가 콘텐츠","직군별 평가·성과 데이터, 사내문서 연동과 실제 업무수행 결과","채용·교육 도구가 많으므로 콘텐츠 전달보다 실제 업무수행 측정에 집중","한 직군의 역할극·업무 증빙을 국내 규정과 조직 용어에 맞게 제공","한국에서 한 직군을 검증한 뒤 일본·동남아 현지 언어·규정 평가팩으로 확장","","공식 제품과 고객 인터뷰로 수요·가격·도입권한을 다시 검증","4~6주 MVP","https://yoodli.ai/","https://www.sec.gov/Archives/edgar/data/1865148/000186514825000004/0001865148-25-000004-index.html"
"80","추천","핵심","B","65","direct","GovWorx, Inc.","2025-09-18","CO","Other Technology","기타 기술","8949998","8949998","14","인력·교육·온보딩","86","22","18","17","12","9","8","12","30일","CommsCoach는 911 QA 및 평가, 911 교육, 911 파견자 테스트, 911 통화 안내 등 911 인력 성과 및 효율성을 관리하기 위한 통합 플랫폼입니다.","CommsCoach is a unified platform for managing 911 workforce performance and efficiency: 911 QA & evaluations, 911 training, 911 dispatcher testing, and 911 call guidance.","채용·교육·온보딩이 문서 전달에 머물러 실제 업무 수행과 규정 이수를 측정하기 어려운 문제","한 직군의 실제 업무 문서로 온보딩·역할별 코칭·이수·업무수행 증빙을 자동화","신규직원 한 역할의 문서·상황 20개를 평가형 온보딩으로 바꾸는 유료 제작 파일럿","사용자당 월 2만~10만원 + 콘텐츠 구축비 200만~1,000만원","현장·서비스 직군을 반복 채용하는 중소·중견기업의 인사·교육 책임자","직군 협회, HR·LMS 파트너, 교육기관과 역할별 평가 콘텐츠","직군별 평가·성과 데이터, 사내문서 연동과 실제 업무수행 결과","채용·교육 도구가 많으므로 콘텐츠 전달보다 실제 업무수행 측정에 집중","한 직군의 역할극·업무 증빙을 국내 규정과 조직 용어에 맞게 제공","한국에서 한 직군을 검증한 뒤 일본·동남아 현지 언어·규정 평가팩으로 확장","","공식 제품과 고객 인터뷰로 수요·가격·도입권한을 다시 검증","4~6주 MVP","https://www.govworx.ai/","https://www.sec.gov/Archives/edgar/data/2074154/000207415425000002/0002074154-25-000002-index.html"
"81","추천","핵심","B","65","direct","RELAI, Inc.","2026-04-14","MD","Other","기타","6559000","4559000","4","인력·교육·온보딩","86","22","18","17","12","9","8","16","30일","RELAI는 AI 에이전트의 실패와 피드백을 재현 가능한 학습환경으로 바꿔 기존 성능을 떨어뜨리지 않고 지속적으로 개선한다.","Continual learning platform for AI agents. Turn failures and feedback into replayable environments that optimize agent performance without regressions.","채용·교육·온보딩이 문서 전달에 머물러 실제 업무 수행과 규정 이수를 측정하기 어려운 문제","한 직군의 실제 업무 문서로 온보딩·역할별 코칭·이수·업무수행 증빙을 자동화","신규직원 한 역할의 문서·상황 20개를 평가형 온보딩으로 바꾸는 유료 제작 파일럿","사용자당 월 2만~10만원 + 콘텐츠 구축비 200만~1,000만원","현장·서비스 직군을 반복 채용하는 중소·중견기업의 인사·교육 책임자","직군 협회, HR·LMS 파트너, 교육기관과 역할별 평가 콘텐츠","직군별 평가·성과 데이터, 사내문서 연동과 실제 업무수행 결과","채용·교육 도구가 많으므로 콘텐츠 전달보다 실제 업무수행 측정에 집중","한 직군의 역할극·업무 증빙을 국내 규정과 조직 용어에 맞게 제공","한국에서 한 직군을 검증한 뒤 일본·동남아 현지 언어·규정 평가팩으로 확장","","공식 제품과 고객 인터뷰로 수요·가격·도입권한을 다시 검증","4~6주 MVP","https://relai.ai/","https://www.sec.gov/Archives/edgar/data/2127846/000212784626000001/0002127846-26-000001-index.html"
"82","추천","핵심","B","65","direct","Fegmo Inc","2026-02-06","CA","Computers","컴퓨터","2000000","1350000","5","인력·교육·온보딩","86","22","18","17","12","9","8","16","30일","Fegmo는 AI 에이전트가 제품 데이터와 리치미디어를 생성·보강하고 판매채널별로 배포·최적화하는 자율학습형 PIM·DAM 플랫폼이다.","Autonomous self-learning PIM & DAM driven by AI agents that create, enrich, syndicate and optimize product data and rich media, for personalized omnichannel growth.","채용·교육·온보딩이 문서 전달에 머물러 실제 업무 수행과 규정 이수를 측정하기 어려운 문제","한 직군의 실제 업무 문서로 온보딩·역할별 코칭·이수·업무수행 증빙을 자동화","신규직원 한 역할의 문서·상황 20개를 평가형 온보딩으로 바꾸는 유료 제작 파일럿","사용자당 월 2만~10만원 + 콘텐츠 구축비 200만~1,000만원","현장·서비스 직군을 반복 채용하는 중소·중견기업의 인사·교육 책임자","직군 협회, HR·LMS 파트너, 교육기관과 역할별 평가 콘텐츠","직군별 평가·성과 데이터, 사내문서 연동과 실제 업무수행 결과","채용·교육 도구가 많으므로 콘텐츠 전달보다 실제 업무수행 측정에 집중","한 직군의 역할극·업무 증빙을 국내 규정과 조직 용어에 맞게 제공","한국에서 한 직군을 검증한 뒤 일본·동남아 현지 언어·규정 평가팩으로 확장","","공식 제품과 고객 인터뷰로 수요·가격·도입권한을 다시 검증","4~6주 MVP","https://www.fegmo.com/","https://www.sec.gov/Archives/edgar/data/2108825/000210882526000001/0002108825-26-000001-index.html"
"83","추천","핵심","A","85","direct","Heartbeat Chat, Inc.","2025-09-22","NY","Other Technology","기타 기술","4017498","3017498","15","마케팅·영업·고객운영","86","21","17","19","12","10","7","17","30일","자체 도메인에서 대화·이벤트·콘텐츠·커뮤니티를 운영할 수 있도록 필요한 기능을 조립식으로 제공한다.","Host conversations, events, content, and more on your own domain. Heartbeat gives you the building blocks to create a perfectly personalized and profitable online community business.","콘텐츠·문의·고객대화가 매출 행동으로 연결되지 않고 사람이 채널마다 반복 처리하는 문제","문의·리뷰·콘텐츠를 예약·구매·재방문 행동까지 연결하는 업종 특화 도구","최근 문의·리뷰 200건을 매출 행동으로 분류하고 2주간 후속메시지를 실행하는 유료 파일럿","브랜드/지점당 월 30만~200만원 + 채널·전환 건수","예약·상담·반복구매가 중요한 중소 브랜드와 서비스업체","네이버·카카오·스마트스토어 대행사, 업종 커뮤니티, 매출 사례 직접 영업","채널 연동, 업종별 콘텐츠·대화 성과와 실제 예약·구매 전환 데이터","CRM·채널 상담 도구가 많으므로 업종별 예약·매출 귀속까지 완료해야 차별화","네이버·카카오·인스타그램·스마트스토어 문의를 예약·구매·재방문 결과까지 연결","한국 업종별 전환 데이터를 쌓은 뒤 일본 LINE과 동남아 WhatsApp으로 확장","규제 판단을 제외하고 사람 승인형 운영 보조로 제한","규제 판단을 제외하고 사람 승인형 운영 보조로 제한","6~8주 MVP","https://www.heartbeat.chat/","https://www.sec.gov/Archives/edgar/data/2087481/000208748125000001/0002087481-25-000001-index.html"
"84","조건부","응용","B","65","adjacent","Thub, Inc.","2026-01-27","WA","Other Technology","기타 기술","2000000","1000000","1","재무·백오피스","86","18","16","20","14","8","10","13","1~3개월","Thub는 첫 문의부터 최종 결제까지 환자 여정의 수요와 병목을 찾아내고 의료기관의 실행과 매출 회수를 개선한다.","Thub captures demand, surfaces friction, and improves execution across the patient journey-from first contact through final payment.","계약·송장·입금·미수·회계 자료가 맞지 않아 현금 회수와 마감이 늦어지는 문제","계약·송장·입금·미수금의 불일치를 찾아 후속조치 초안을 만들고 사람이 승인","미수·송장 3개월치를 대조해 회수 우선순위와 고객별 후속문안을 제공하는 유료 진단","회사당 월 60만~300만원 + 온보딩비 또는 회수 성과수수료","계약·송장·입금·미수 관리가 복잡한 중소 B2B 기업 대표와 재무 담당자","회계사·세무사·ERP 파트너, 미수 회수·마감 단축 사례 기반 직접 영업","ERP·회계 연동, 예외·승인·회수 결과와 거래처별 지불 패턴","회계·세무 SaaS가 강하므로 불일치 탐지와 실제 회수 성과에 집중","ERP를 교체하지 않고 계약·전자세금계산서·입금 불일치와 후속조치를 연결","한국에서 회수·마감 성과를 검증한 뒤 싱가포르·호주 회계 연동으로 확장","핵심 시스템 연동 전 파일·이메일 입력으로 먼저 검증 | 원회사는 소프트웨어 전용이 아니므로 AI 업무전환 가설을 추가 검증","핵심 시스템 연동 전 파일·이메일 입력으로 먼저 검증","6~8주 MVP","https://thub.ai/","https://www.sec.gov/Archives/edgar/data/2104711/000210471126000001/0002104711-26-000001-index.html"
"85","조건부","응용","A","85","adjacent","Indie Health Inc.","2025-05-27","NY","Other Health Care","기타 헬스케어","5496388","5496388","21","음성·프런트데스크","86","18","16","19","15","9","9","15","1~3개월","근골격계 진료기관을 위한 프런트데스크 운영체제로, 환자 수요를 더 많이 접수하고 행정업무와 운영비를 줄인다.","The Front Desk Operating System for MSK Practices. Capture more patient demand. Reduce administrative overhead. Improve practice margins.","전화 미응답·예약 변경·반복 문의 때문에 직원 시간이 들고 예약 매출이 새는 문제","전화 접수·예약·미응답 후속연락을 한 업종의 규칙과 사람 전환까지 포함해 자동화","최근 놓친 전화 100건을 분석하고 2주간 예약 완료형 AI 상담원을 운영하는 유료 파일럿","지점당 월 40만~150만원 + 통화량 + 초기 설정비","예약 전화가 매출로 이어지는 치과·정비·수리·전문서비스 사업자","업종별 사업자 명단 직접 영업, 전화·예약 구축 파트너, 협회 사례 발표","업종별 통화 결과, 예약 전환, 실패·사람 전환 규칙과 한국어 대화 평가셋","국내 AICC·보이스봇·예약 솔루션이 인접하므로 범용 상담보다 한 업종의 예약 완료에 집중","국내 전화망·네이버예약·카카오 채널과 존댓말·사람 연결 규칙을 묶어 한 업종에 판매","한국에서 예약 완료율을 검증한 뒤 일본·호주 현지 전화·예약 채널로 확장","핵심 시스템 연동 전 파일·이메일 입력으로 먼저 검증 | 범용 플랫폼 전체가 아니라 한 업무와 한 구매자만 선택 | 원회사는 소프트웨어 전용이 아니므로 AI 업무전환 가설을 추가 검증","핵심 시스템 연동 전 파일·이메일 입력으로 먼저 검증","6~8주 MVP","https://www.indie.health/","https://www.sec.gov/Archives/edgar/data/2067741/000206774125000001/0002067741-25-000001-index.html"
"86","추천","핵심","A","85","direct","TEAM PROCURE, INC.","2026-06-02","ID","Other Technology","기타 기술","100000","100000","2","조달·물류·공급망","86","20","15","20","13","9","9","19","1~3개월","구매요청·발주서·승인·견적요청·공급사를 한곳에서 관리하는 클라우드 조달 소프트웨어다.","Team Procure is a cloud-based procurement suite that helps businesses manage purchase requests, purchase orders, approvals, RFQs, and suppliers.","RFQ·견적·발주·선적 문서가 흩어져 가격·납기·승인 예외를 놓치는 문제","RFQ·견적·발주·선적 문서를 읽고 누락·가격변경·납기 예외를 한 품목군에서 처리","최근 RFQ·견적 100건을 표준화해 누락·가격차·미응답을 찾아주는 유료 업무진단","업체당 월 80만~400만원 + 문서/거래 건수 + 온보딩비","중소 제조·수출기업의 구매·영업·물류 책임자","ERP·관세·물류 파트너, 산업단지와 품목별 직접 영업","거래처별 예외, 품목 매핑, 견적·납기 결과와 승인 데이터","ERP는 강하지만 중소 제조업의 이메일·엑셀 예외 처리는 수작업인 경우가 많음","이메일·엑셀·거래처 품목명을 국내 RFQ·발주 문서 형식에 맞게 처리","한국 수출기업에서 시작해 일본·동남아 공급사 문서와 이메일·WhatsApp으로 확장","","공식 제품과 고객 인터뷰로 수요·가격·도입권한을 다시 검증","6~8주 MVP","https://www.teamprocure.com/","https://www.sec.gov/Archives/edgar/data/2133949/000213394926000001/0002133949-26-000001-index.html"
"87","추천","핵심","B","65","direct","DwellFi, Inc.","2025-05-07","CA","Other Technology","기타 기술","","1367000","3","재무·백오피스","86","20","15","20","13","9","9","14","1~3개월","DwellFi는 외부망과 분리된 자체 환경에서 기관급 AI 에이전트가 출자금 납입요청, NAV 대사와 LP 보고를 자동화하는 펀드 운영체제다.","Dwellfi is the sovereign agentic OS for fund operations. Institutional-grade AI agents automate capital calls, NAV reconciliation, and LP reporting inside your own air-gapped environment — where 100% accuracy is the only acceptable outcome.","계약·송장·입금·미수·회계 자료가 맞지 않아 현금 회수와 마감이 늦어지는 문제","계약·송장·입금·미수금의 불일치를 찾아 후속조치 초안을 만들고 사람이 승인","미수·송장 3개월치를 대조해 회수 우선순위와 고객별 후속문안을 제공하는 유료 진단","회사당 월 60만~300만원 + 온보딩비 또는 회수 성과수수료","계약·송장·입금·미수 관리가 복잡한 중소 B2B 기업 대표와 재무 담당자","회계사·세무사·ERP 파트너, 미수 회수·마감 단축 사례 기반 직접 영업","ERP·회계 연동, 예외·승인·회수 결과와 거래처별 지불 패턴","회계·세무 SaaS가 강하므로 불일치 탐지와 실제 회수 성과에 집중","ERP를 교체하지 않고 계약·전자세금계산서·입금 불일치와 후속조치를 연결","한국에서 회수·마감 성과를 검증한 뒤 싱가포르·호주 회계 연동으로 확장","범용 플랫폼 전체가 아니라 한 업무와 한 구매자만 선택","범용 플랫폼 전체가 아니라 한 업무와 한 구매자만 선택","6~8주 MVP","https://dwellfi.ai/","https://www.sec.gov/Archives/edgar/data/2034072/000203407225000005/0002034072-25-000005-index.html"
"88","추천","핵심","B","65","direct","Oaken, Inc.","2025-11-19","IN","Other Technology","기타 기술","200000","200000","1","재무·백오피스","86","20","15","20","13","9","9","11","1~3개월","Oaken은 농지 임대계약·회계·토지주 관계와 임대료 지급을 통합 관리하는 농업용 계약 인텔리전스 플랫폼이다.","Oaken is the all-in-one digital platform for farmland lease management and agribusiness contract intelligence. Automate agricultural lease accounting, track landowner relationships, and streamline farm payments with our secure, scalable software. Empower your farm management or asset investment team today.","계약·송장·입금·미수·회계 자료가 맞지 않아 현금 회수와 마감이 늦어지는 문제","계약·송장·입금·미수금의 불일치를 찾아 후속조치 초안을 만들고 사람이 승인","미수·송장 3개월치를 대조해 회수 우선순위와 고객별 후속문안을 제공하는 유료 진단","회사당 월 60만~300만원 + 온보딩비 또는 회수 성과수수료","계약·송장·입금·미수 관리가 복잡한 중소 B2B 기업 대표와 재무 담당자","회계사·세무사·ERP 파트너, 미수 회수·마감 단축 사례 기반 직접 영업","ERP·회계 연동, 예외·승인·회수 결과와 거래처별 지불 패턴","회계·세무 SaaS가 강하므로 불일치 탐지와 실제 회수 성과에 집중","ERP를 교체하지 않고 계약·전자세금계산서·입금 불일치와 후속조치를 연결","한국에서 회수·마감 성과를 검증한 뒤 싱가포르·호주 회계 연동으로 확장","범용 플랫폼 전체가 아니라 한 업무와 한 구매자만 선택","범용 플랫폼 전체가 아니라 한 업무와 한 구매자만 선택","6~8주 MVP","https://www.oaken.ag/","https://www.sec.gov/Archives/edgar/data/2041529/000204152925000002/0002041529-25-000002-index.html"
"89","추천","핵심","B","65","direct","Gamera, Inc.","2025-11-04","DE","Other Technology","기타 기술","1500000","130000","6","조달·물류·공급망","86","20","15","20","13","9","9","14","1~3개월","Gamera는 매체사와 광고구매자가 검증된 고품질 광고지면을 거래해 프로그래매틱·직접광고 판매와 캠페인 성과를 높이는 인벤토리 품질 플랫폼이다.","The number one inventory quality platform for publishers and buyers. Publishers accelerate programmatic and direct sales through verified high-quality inventory. Buyers increase campaign performance with verified high-quality inventory.","RFQ·견적·발주·선적 문서가 흩어져 가격·납기·승인 예외를 놓치는 문제","RFQ·견적·발주·선적 문서를 읽고 누락·가격변경·납기 예외를 한 품목군에서 처리","최근 RFQ·견적 100건을 표준화해 누락·가격차·미응답을 찾아주는 유료 업무진단","업체당 월 80만~400만원 + 문서/거래 건수 + 온보딩비","중소 제조·수출기업의 구매·영업·물류 책임자","ERP·관세·물류 파트너, 산업단지와 품목별 직접 영업","거래처별 예외, 품목 매핑, 견적·납기 결과와 승인 데이터","ERP는 강하지만 중소 제조업의 이메일·엑셀 예외 처리는 수작업인 경우가 많음","이메일·엑셀·거래처 품목명을 국내 RFQ·발주 문서 형식에 맞게 처리","한국 수출기업에서 시작해 일본·동남아 공급사 문서와 이메일·WhatsApp으로 확장","","공식 제품과 고객 인터뷰로 수요·가격·도입권한을 다시 검증","6~8주 MVP","https://www.gamera.ai/","https://www.sec.gov/Archives/edgar/data/2094085/000209408525000001/0002094085-25-000001-index.html"
"90","조건부","응용","B","65","direct","NuTiliti Inc.","2025-06-26","TX","Other Technology","기타 기술","10499999","10499999","4","재무·백오피스","86","21","14","20","13","9","9","12","1~3개월","NuTiliti는 부동산 관리회사의 공공요금 개통·청구·세입자 비용 재청구와 회계 대사를 처리한다.","Nutiliti handles utility activations, billing, tenant chargebacks, and accounting reconciliation for property managers.","계약·송장·입금·미수·회계 자료가 맞지 않아 현금 회수와 마감이 늦어지는 문제","계약·송장·입금·미수금의 불일치를 찾아 후속조치 초안을 만들고 사람이 승인","미수·송장 3개월치를 대조해 회수 우선순위와 고객별 후속문안을 제공하는 유료 진단","회사당 월 60만~300만원 + 온보딩비 또는 회수 성과수수료","계약·송장·입금·미수 관리가 복잡한 중소 B2B 기업 대표와 재무 담당자","회계사·세무사·ERP 파트너, 미수 회수·마감 단축 사례 기반 직접 영업","ERP·회계 연동, 예외·승인·회수 결과와 거래처별 지불 패턴","회계·세무 SaaS가 강하므로 불일치 탐지와 실제 회수 성과에 집중","ERP를 교체하지 않고 계약·전자세금계산서·입금 불일치와 후속조치를 연결","한국에서 회수·마감 성과를 검증한 뒤 싱가포르·호주 회계 연동으로 확장","대기업·공공 조달과 보안심사로 첫 매출이 느릴 수 있음","대기업·공공 조달과 보안심사로 첫 매출이 느릴 수 있음","6~8주 MVP","https://www.nutiliti.com/","https://www.sec.gov/Archives/edgar/data/2003264/000200326425000003/0002003264-25-000003-index.html"
"91","조건부","응용","B","65","direct","Rivvun AI Inc.","2026-06-08","WA","Other Technology","기타 기술","450000","450000","2","재무·백오피스","86","21","14","20","13","9","9","16","1~3개월","Rivvun은 기업 P&L 워크플로우 전반에서 지출 누수, 수익 누수 및 마진 침식을 감지, 확인 및 조치하는 자율 에이전트 실행 계층입니다.","Rivvun is an autonomous agentic execution layer that detects, verifies, and acts on spend leakage, revenue leakage, and margin erosion across enterprise P&L workflows.","계약·송장·입금·미수·회계 자료가 맞지 않아 현금 회수와 마감이 늦어지는 문제","계약·송장·입금·미수금의 불일치를 찾아 후속조치 초안을 만들고 사람이 승인","미수·송장 3개월치를 대조해 회수 우선순위와 고객별 후속문안을 제공하는 유료 진단","회사당 월 60만~300만원 + 온보딩비 또는 회수 성과수수료","계약·송장·입금·미수 관리가 복잡한 중소 B2B 기업 대표와 재무 담당자","회계사·세무사·ERP 파트너, 미수 회수·마감 단축 사례 기반 직접 영업","ERP·회계 연동, 예외·승인·회수 결과와 거래처별 지불 패턴","회계·세무 SaaS가 강하므로 불일치 탐지와 실제 회수 성과에 집중","ERP를 교체하지 않고 계약·전자세금계산서·입금 불일치와 후속조치를 연결","한국에서 회수·마감 성과를 검증한 뒤 싱가포르·호주 회계 연동으로 확장","대기업·공공 조달과 보안심사로 첫 매출이 느릴 수 있음","대기업·공공 조달과 보안심사로 첫 매출이 느릴 수 있음","6~8주 MVP","https://rivvun.ai/","https://www.sec.gov/Archives/edgar/data/2136648/000119983526000227/0001199835-26-000227-index.html"
"92","추천","핵심","B","70","direct","Freckle.io, Inc.","2025-05-14","MA","Other Technology","기타 기술","4000000","1550000","2","마케팅·영업·고객운영","85","21","18","17","13","9","7","14","30일","Freckle은 자연어 요청만으로 웹과 40개 이상의 데이터 제공처에서 원하는 회사·담당자 정보를 찾아 HubSpot과 Salesforce를 보강한다.","Modern CRM enrichment for HubSpot & Salesforce. Freckle’s AI agents find any data point on company and contact data across the web and 40+ data providers, all through natural language inputs.","콘텐츠·문의·고객대화가 매출 행동으로 연결되지 않고 사람이 채널마다 반복 처리하는 문제","문의·리뷰·콘텐츠를 예약·구매·재방문 행동까지 연결하는 업종 특화 도구","최근 문의·리뷰 200건을 매출 행동으로 분류하고 2주간 후속메시지를 실행하는 유료 파일럿","브랜드/지점당 월 30만~200만원 + 채널·전환 건수","예약·상담·반복구매가 중요한 중소 브랜드와 서비스업체","네이버·카카오·스마트스토어 대행사, 업종 커뮤니티, 매출 사례 직접 영업","채널 연동, 업종별 콘텐츠·대화 성과와 실제 예약·구매 전환 데이터","CRM·채널 상담 도구가 많으므로 업종별 예약·매출 귀속까지 완료해야 차별화","네이버·카카오·인스타그램·스마트스토어 문의를 예약·구매·재방문 결과까지 연결","한국 업종별 전환 데이터를 쌓은 뒤 일본 LINE과 동남아 WhatsApp으로 확장","규제 판단을 제외하고 사람 승인형 운영 보조로 제한","규제 판단을 제외하고 사람 승인형 운영 보조로 제한","6~8주 MVP","https://www.freckle.io/","https://www.sec.gov/Archives/edgar/data/1973111/000197311125000002/0001973111-25-000002-index.html"
"93","추천","핵심","B","69","direct","Engin Sciences Inc.","2025-03-28","NY","Other","기타","1000000","700000","4","인력·교육·온보딩","85","20","18","17","13","9","8","14","30일","engin은 채용, 채용 마케팅, 관리용으로 설계된 채용 소프트웨어로 CRM과 유연한 지원자 추적 시스템을 제공합니다.","engin is recruiting software designed for hiring, recruitment marketing, and management —offering CRM and a flexible applicant tracking system.","채용·교육·온보딩이 문서 전달에 머물러 실제 업무 수행과 규정 이수를 측정하기 어려운 문제","한 직군의 실제 업무 문서로 온보딩·역할별 코칭·이수·업무수행 증빙을 자동화","신규직원 한 역할의 문서·상황 20개를 평가형 온보딩으로 바꾸는 유료 제작 파일럿","사용자당 월 2만~10만원 + 콘텐츠 구축비 200만~1,000만원","현장·서비스 직군을 반복 채용하는 중소·중견기업의 인사·교육 책임자","직군 협회, HR·LMS 파트너, 교육기관과 역할별 평가 콘텐츠","직군별 평가·성과 데이터, 사내문서 연동과 실제 업무수행 결과","채용·교육 도구가 많으므로 콘텐츠 전달보다 실제 업무수행 측정에 집중","한 직군의 역할극·업무 증빙을 국내 규정과 조직 용어에 맞게 제공","한국에서 한 직군을 검증한 뒤 일본·동남아 현지 언어·규정 평가팩으로 확장","범용 플랫폼 전체가 아니라 한 업무와 한 구매자만 선택","범용 플랫폼 전체가 아니라 한 업무와 한 구매자만 선택","6~8주 MVP","http://enginsciences.com/","https://www.sec.gov/Archives/edgar/data/1945247/000194524725000001/0001945247-25-000001-index.html"
"94","추천","핵심","B","65","direct","Attuned Corp.","2026-05-29","CA","Other Technology","기타 기술","24777489","24777489","55","인력·교육·온보딩","85","20","18","17","13","9","8","10","30일","Attuned는 관리자가 각 팀 구성원의 원동력을 이해하는 데 도움이 되는 내재적 동기 부여 평가 및 직원 참여 플랫폼입니다. AI 기반 동기 부여 통찰력을 통해 참여도를 높이고 이직률을 줄이며 성과가 뛰어난 팀을 구축하세요.","Attuned is an intrinsic motivation assessment and employee engagement platform that helps managers understand what drives each team member. Boost engagement, reduce turnover, and build high-performing teams with AI-powered motivational insights.","채용·교육·온보딩이 문서 전달에 머물러 실제 업무 수행과 규정 이수를 측정하기 어려운 문제","한 직군의 실제 업무 문서로 온보딩·역할별 코칭·이수·업무수행 증빙을 자동화","신규직원 한 역할의 문서·상황 20개를 평가형 온보딩으로 바꾸는 유료 제작 파일럿","사용자당 월 2만~10만원 + 콘텐츠 구축비 200만~1,000만원","현장·서비스 직군을 반복 채용하는 중소·중견기업의 인사·교육 책임자","직군 협회, HR·LMS 파트너, 교육기관과 역할별 평가 콘텐츠","직군별 평가·성과 데이터, 사내문서 연동과 실제 업무수행 결과","채용·교육 도구가 많으므로 콘텐츠 전달보다 실제 업무수행 측정에 집중","한 직군의 역할극·업무 증빙을 국내 규정과 조직 용어에 맞게 제공","한국에서 한 직군을 검증한 뒤 일본·동남아 현지 언어·규정 평가팩으로 확장","범용 플랫폼 전체가 아니라 한 업무와 한 구매자만 선택","범용 플랫폼 전체가 아니라 한 업무와 한 구매자만 선택","6~8주 MVP","https://www.attuned.ai/","https://www.sec.gov/Archives/edgar/data/2125497/000212549726000001/0002125497-26-000001-index.html"
"95","추천","핵심","B","65","direct","Pete Inc.","2026-04-17","FL","Other Technology","기타 기술","1000000","500000","5","인력·교육·온보딩","85","20","18","17","13","9","8","16","30일","PETE는 맞춤형 콘텐츠로 창작자와 학생을 위한 수업을 최적화하는 유일한 AI 기반 학습 플랫폼입니다. PETE의 AI 기반 학습 플랫폼으로 강좌 생성을 가속화하고 학습 효과를 높이세요.","PETE is the only AI-powered learning platform that optimizes lessons for creators and students with customized content. Accelerate course creation and boost learning effectiveness with PETE s AI-powered Learning Platform.","채용·교육·온보딩이 문서 전달에 머물러 실제 업무 수행과 규정 이수를 측정하기 어려운 문제","한 직군의 실제 업무 문서로 온보딩·역할별 코칭·이수·업무수행 증빙을 자동화","신규직원 한 역할의 문서·상황 20개를 평가형 온보딩으로 바꾸는 유료 제작 파일럿","사용자당 월 2만~10만원 + 콘텐츠 구축비 200만~1,000만원","현장·서비스 직군을 반복 채용하는 중소·중견기업의 인사·교육 책임자","직군 협회, HR·LMS 파트너, 교육기관과 역할별 평가 콘텐츠","직군별 평가·성과 데이터, 사내문서 연동과 실제 업무수행 결과","채용·교육 도구가 많으므로 콘텐츠 전달보다 실제 업무수행 측정에 집중","한 직군의 역할극·업무 증빙을 국내 규정과 조직 용어에 맞게 제공","한국에서 한 직군을 검증한 뒤 일본·동남아 현지 언어·규정 평가팩으로 확장","범용 플랫폼 전체가 아니라 한 업무와 한 구매자만 선택","범용 플랫폼 전체가 아니라 한 업무와 한 구매자만 선택","6~8주 MVP","https://www.pete.com/","https://www.sec.gov/Archives/edgar/data/2022572/000202257226000003/0002022572-26-000003-index.html"
"96","비추천","관찰","C","58","direct","Deeptune, Inc.","2026-02-23","NY","Other Technology","기타 기술","42165998","42165998","19","인력·교육·온보딩","85","22","18","15","13","9","8","12","30일","Deeptune은 AI 에이전트가 Slack·Salesforce 같은 업무 환경에서 과제를 연습하고 학습하도록 시뮬레이션 환경·데이터셋·인프라를 제공한다.","Training gyms for AI agents","채용·교육·온보딩이 문서 전달에 머물러 실제 업무 수행과 규정 이수를 측정하기 어려운 문제","한 직군의 실제 업무 문서로 온보딩·역할별 코칭·이수·업무수행 증빙을 자동화","신규직원 한 역할의 문서·상황 20개를 평가형 온보딩으로 바꾸는 유료 제작 파일럿","사용자당 월 2만~10만원 + 콘텐츠 구축비 200만~1,000만원","현장·서비스 직군을 반복 채용하는 중소·중견기업의 인사·교육 책임자","직군 협회, HR·LMS 파트너, 교육기관과 역할별 평가 콘텐츠","직군별 평가·성과 데이터, 사내문서 연동과 실제 업무수행 결과","채용·교육 도구가 많으므로 콘텐츠 전달보다 실제 업무수행 측정에 집중","한 직군의 역할극·업무 증빙을 국내 규정과 조직 용어에 맞게 제공","한국에서 한 직군을 검증한 뒤 일본·동남아 현지 언어·규정 평가팩으로 확장","공식 제품 설명이 짧아 고객 인터뷰 전 제품 범위 확인 필요","공식 제품 설명이 짧아 고객 인터뷰 전 제품 범위 확인 필요","4~6주 MVP","https://deeptune.com/","https://www.sec.gov/Archives/edgar/data/2110959/000211095926000001/0002110959-26-000001-index.html"
"97","조건부","응용","B","65","adjacent","Rhofin Inc.","2026-03-02","DE","Other Technology","기타 기술","150000","150000","1","재무·백오피스","85","20","16","20","13","8","8","13","1~3개월","Rhofin은 미국 수입업체·유통업체·브랜드가 물류 서비스 안에서 이용하는 공급업체 직결 재고금융을 제공한다.","Supplier-direct inventory finance for US importers, distributors and brands, built into your logistics provider","계약·송장·입금·미수·회계 자료가 맞지 않아 현금 회수와 마감이 늦어지는 문제","계약·송장·입금·미수금의 불일치를 찾아 후속조치 초안을 만들고 사람이 승인","미수·송장 3개월치를 대조해 회수 우선순위와 고객별 후속문안을 제공하는 유료 진단","회사당 월 60만~300만원 + 온보딩비 또는 회수 성과수수료","계약·송장·입금·미수 관리가 복잡한 중소 B2B 기업 대표와 재무 담당자","회계사·세무사·ERP 파트너, 미수 회수·마감 단축 사례 기반 직접 영업","ERP·회계 연동, 예외·승인·회수 결과와 거래처별 지불 패턴","회계·세무 SaaS가 강하므로 불일치 탐지와 실제 회수 성과에 집중","ERP를 교체하지 않고 계약·전자세금계산서·입금 불일치와 후속조치를 연결","한국에서 회수·마감 성과를 검증한 뒤 싱가포르·호주 회계 연동으로 확장","원회사는 소프트웨어 전용이 아니므로 AI 업무전환 가설을 추가 검증","원회사는 소프트웨어 전용이 아니므로 AI 업무전환 가설을 추가 검증","6~8주 MVP","https://www.rhofin.com/","https://www.sec.gov/Archives/edgar/data/2113404/000211340426000001/0002113404-26-000001-index.html"
"98","조건부","응용","B","65","adjacent","Zebantra, Inc.","2026-04-23","AZ","Business Services","기업 서비스","1000000","25000","1","재무·백오피스","85","20","16","20","13","8","8","5","1~3개월","Zebantra는 중소기업의 급여·세금·복리후생·산재보험·규정준수와 인사행정을 전담하는 AI 기반 전문고용주조직 서비스다.","Got HR Stress? We Put Your HR Worries to Rest! We’re not your average PEO. We’re YOUR — dedicated, trusted team that turns payroll panic, compliance chaos, and benefits boredom","계약·송장·입금·미수·회계 자료가 맞지 않아 현금 회수와 마감이 늦어지는 문제","계약·송장·입금·미수금의 불일치를 찾아 후속조치 초안을 만들고 사람이 승인","미수·송장 3개월치를 대조해 회수 우선순위와 고객별 후속문안을 제공하는 유료 진단","회사당 월 60만~300만원 + 온보딩비 또는 회수 성과수수료","계약·송장·입금·미수 관리가 복잡한 중소 B2B 기업 대표와 재무 담당자","회계사·세무사·ERP 파트너, 미수 회수·마감 단축 사례 기반 직접 영업","ERP·회계 연동, 예외·승인·회수 결과와 거래처별 지불 패턴","회계·세무 SaaS가 강하므로 불일치 탐지와 실제 회수 성과에 집중","ERP를 교체하지 않고 계약·전자세금계산서·입금 불일치와 후속조치를 연결","한국에서 회수·마감 성과를 검증한 뒤 싱가포르·호주 회계 연동으로 확장","원회사는 소프트웨어 전용이 아니므로 AI 업무전환 가설을 추가 검증","원회사는 소프트웨어 전용이 아니므로 AI 업무전환 가설을 추가 검증","6~8주 MVP","https://zebantra.com/","https://www.sec.gov/Archives/edgar/data/2130410/000213041026000001/0002130410-26-000001-index.html"
"99","추천","핵심","B","65","direct","MySavant.AI Inc.","2026-03-31","DE","Other","기타","600000","200000","2","조달·물류·공급망","85","20","15","20","13","8","9","16","1~3개월","MySavant.ai는 운송·물류기업에 인접국 원격인력과 AI를 결합한 운영팀을 제공하고 성과기반 요금과 실시간 업무 가시성을 제공한다.","MySavant.ai is the AI-powered nearshore workforce built for the transportation and logistics industry. The AI-powered workforce for supply chain operations. Outcome-based pricing, AI + human hybrid teams, and real-time visibility.","RFQ·견적·발주·선적 문서가 흩어져 가격·납기·승인 예외를 놓치는 문제","RFQ·견적·발주·선적 문서를 읽고 누락·가격변경·납기 예외를 한 품목군에서 처리","최근 RFQ·견적 100건을 표준화해 누락·가격차·미응답을 찾아주는 유료 업무진단","업체당 월 80만~400만원 + 문서/거래 건수 + 온보딩비","중소 제조·수출기업의 구매·영업·물류 책임자","ERP·관세·물류 파트너, 산업단지와 품목별 직접 영업","거래처별 예외, 품목 매핑, 견적·납기 결과와 승인 데이터","ERP는 강하지만 중소 제조업의 이메일·엑셀 예외 처리는 수작업인 경우가 많음","이메일·엑셀·거래처 품목명을 국내 RFQ·발주 문서 형식에 맞게 처리","한국 수출기업에서 시작해 일본·동남아 공급사 문서와 이메일·WhatsApp으로 확장","","공식 제품과 고객 인터뷰로 수요·가격·도입권한을 다시 검증","6~8주 MVP","https://www.mysavant.ai/","https://www.sec.gov/Archives/edgar/data/2125080/000212508026000001/0002125080-26-000001-index.html"
"100","추천","핵심","B","65","direct","BetterLogiq, Inc.","2025-09-29","DE","Other Technology","기타 기술","1500000","80000","1","조달·물류·공급망","85","20","15","20","13","8","9","3","1~3개월","BetterLogiq은 기업 공급망에 대한 AI 기반 수요 예측을 제공합니다. 15% 이상의 예측 정확도 향상을 달성하고 운전 자본을 5% 절감하며 10,000개 이상의 SKU에 대한 원클릭 예측을 생성합니다.","BetterLogiq delivers AI-powered demand forecasting for enterprise supply chains. Achieve 15%+ forecast accuracy improvement, reduce working capital by 5%, and generate one-click forecasts for 10,000+ SKUs.","RFQ·견적·발주·선적 문서가 흩어져 가격·납기·승인 예외를 놓치는 문제","RFQ·견적·발주·선적 문서를 읽고 누락·가격변경·납기 예외를 한 품목군에서 처리","최근 RFQ·견적 100건을 표준화해 누락·가격차·미응답을 찾아주는 유료 업무진단","업체당 월 80만~400만원 + 문서/거래 건수 + 온보딩비","중소 제조·수출기업의 구매·영업·물류 책임자","ERP·관세·물류 파트너, 산업단지와 품목별 직접 영업","거래처별 예외, 품목 매핑, 견적·납기 결과와 승인 데이터","ERP는 강하지만 중소 제조업의 이메일·엑셀 예외 처리는 수작업인 경우가 많음","이메일·엑셀·거래처 품목명을 국내 RFQ·발주 문서 형식에 맞게 처리","한국 수출기업에서 시작해 일본·동남아 공급사 문서와 이메일·WhatsApp으로 확장","","공식 제품과 고객 인터뷰로 수요·가격·도입권한을 다시 검증","6~8주 MVP","https://betterlogiq.com/","https://www.sec.gov/Archives/edgar/data/2088768/000208876825000001/0002088768-25-000001-index.html"
"101","추천","핵심","B","65","direct","EyeTally.ai Inc.","2026-01-06","WA","Other Technology","기타 기술","","10000","1","조달·물류·공급망","85","20","15","20","13","8","9","5","1~3개월","EyeTally는 컴퓨터 비전으로 사진과 영상 속 물품 수량을 자동 계수해 재고조사의 오류와 소요시간을 줄인다.","Transform your inventory management with AI-powered visual counting. Reduce errors, save time, and get accurate results in seconds.","RFQ·견적·발주·선적 문서가 흩어져 가격·납기·승인 예외를 놓치는 문제","RFQ·견적·발주·선적 문서를 읽고 누락·가격변경·납기 예외를 한 품목군에서 처리","최근 RFQ·견적 100건을 표준화해 누락·가격차·미응답을 찾아주는 유료 업무진단","업체당 월 80만~400만원 + 문서/거래 건수 + 온보딩비","중소 제조·수출기업의 구매·영업·물류 책임자","ERP·관세·물류 파트너, 산업단지와 품목별 직접 영업","거래처별 예외, 품목 매핑, 견적·납기 결과와 승인 데이터","ERP는 강하지만 중소 제조업의 이메일·엑셀 예외 처리는 수작업인 경우가 많음","이메일·엑셀·거래처 품목명을 국내 RFQ·발주 문서 형식에 맞게 처리","한국 수출기업에서 시작해 일본·동남아 공급사 문서와 이메일·WhatsApp으로 확장","","공식 제품과 고객 인터뷰로 수요·가격·도입권한을 다시 검증","6~8주 MVP","https://eyetally.com/","https://www.sec.gov/Archives/edgar/data/2100115/000210011526000001/0002100115-26-000001-index.html"
"102","추천","핵심","A","78","direct","Talk to Fred LLC","2026-04-27","TX","Other Technology","기타 기술","488000","112500","4","마케팅·영업·고객운영","85","21","15","17","15","10","7","19","1~3개월","Fred는 웹사이트 콘텐츠를 근거로 방문자 질문에 답하고 잠재고객 정보를 수집하며 문자·음성으로 24시간 상담과 서비스 예약을 처리하는 AI 에이전트다.","Every lead gets an answer. Fred is the AI agent for your website that captures leads, answers from your content, and books the job, in text or voice, 24/7.","콘텐츠·문의·고객대화가 매출 행동으로 연결되지 않고 사람이 채널마다 반복 처리하는 문제","문의·리뷰·콘텐츠를 예약·구매·재방문 행동까지 연결하는 업종 특화 도구","최근 문의·리뷰 200건을 매출 행동으로 분류하고 2주간 후속메시지를 실행하는 유료 파일럿","브랜드/지점당 월 30만~200만원 + 채널·전환 건수","예약·상담·반복구매가 중요한 중소 브랜드와 서비스업체","네이버·카카오·스마트스토어 대행사, 업종 커뮤니티, 매출 사례 직접 영업","채널 연동, 업종별 콘텐츠·대화 성과와 실제 예약·구매 전환 데이터","CRM·채널 상담 도구가 많으므로 업종별 예약·매출 귀속까지 완료해야 차별화","네이버·카카오·인스타그램·스마트스토어 문의를 예약·구매·재방문 결과까지 연결","한국 업종별 전환 데이터를 쌓은 뒤 일본 LINE과 동남아 WhatsApp으로 확장","대기업·공공 조달과 보안심사로 첫 매출이 느릴 수 있음 | 범용 플랫폼 전체가 아니라 한 업무와 한 구매자만 선택","대기업·공공 조달과 보안심사로 첫 매출이 느릴 수 있음","6~8주 MVP","https://talktofred.ai/","https://www.sec.gov/Archives/edgar/data/2131347/000213134726000001/0002131347-26-000001-index.html"
"103","조건부","응용","B","65","adjacent","Boon Technologies, Inc.","2025-01-28","CA","Other Technology","기타 기술","15499995","15499995","11","마케팅·영업·고객운영","84","22","17","16","14","9","6","10","30일","Boon은 ChatGPT·Claude·Gemini·Perplexity가 기업 브랜드와 경쟁사를 어떻게 설명하는지 감사해 생성형검색 노출과 영업 경쟁정보를 제공한다.","Your buyers research vendors through ChatGPT, Claude, Gemini and Perplexity before they ever talk to sales. Boon puts you in that research — GEO audits that show how AI assistants describe your brand, plus the competitive intelligence your team needs to win the deal.","콘텐츠·문의·고객대화가 매출 행동으로 연결되지 않고 사람이 채널마다 반복 처리하는 문제","문의·리뷰·콘텐츠를 예약·구매·재방문 행동까지 연결하는 업종 특화 도구","최근 문의·리뷰 200건을 매출 행동으로 분류하고 2주간 후속메시지를 실행하는 유료 파일럿","브랜드/지점당 월 30만~200만원 + 채널·전환 건수","예약·상담·반복구매가 중요한 중소 브랜드와 서비스업체","네이버·카카오·스마트스토어 대행사, 업종 커뮤니티, 매출 사례 직접 영업","채널 연동, 업종별 콘텐츠·대화 성과와 실제 예약·구매 전환 데이터","CRM·채널 상담 도구가 많으므로 업종별 예약·매출 귀속까지 완료해야 차별화","네이버·카카오·인스타그램·스마트스토어 문의를 예약·구매·재방문 결과까지 연결","한국 업종별 전환 데이터를 쌓은 뒤 일본 LINE과 동남아 WhatsApp으로 확장","원회사는 소프트웨어 전용이 아니므로 AI 업무전환 가설을 추가 검증","원회사는 소프트웨어 전용이 아니므로 AI 업무전환 가설을 추가 검증","4~6주 MVP","https://boon.ai/","https://www.sec.gov/Archives/edgar/data/2051300/000205130025000001/0002051300-25-000001-index.html"
"104","조건부","응용","B","65","adjacent","Feedcoyote Inc.","2026-02-19","MN","Other Technology","기타 기술","1000000","475000","4","마케팅·영업·고객운영","84","20","17","16","15","10","6","16","30일","Feedcoyote는 프리랜서, 개인사업자, 중소기업 오너들과 연결하고 효율적으로 업무를 수행하여 더 많은 수익을 창출할 수 있는 CRM 기능을 갖춘 최고의 프리랜서 네트워크입니다.","Feedcoyote is the Best Freelance Network equipped with CRM capabilities where you can Connect with freelancers, solopreneurs and small business owners and work efficiently to make more money.","콘텐츠·문의·고객대화가 매출 행동으로 연결되지 않고 사람이 채널마다 반복 처리하는 문제","문의·리뷰·콘텐츠를 예약·구매·재방문 행동까지 연결하는 업종 특화 도구","최근 문의·리뷰 200건을 매출 행동으로 분류하고 2주간 후속메시지를 실행하는 유료 파일럿","브랜드/지점당 월 30만~200만원 + 채널·전환 건수","예약·상담·반복구매가 중요한 중소 브랜드와 서비스업체","네이버·카카오·스마트스토어 대행사, 업종 커뮤니티, 매출 사례 직접 영업","채널 연동, 업종별 콘텐츠·대화 성과와 실제 예약·구매 전환 데이터","CRM·채널 상담 도구가 많으므로 업종별 예약·매출 귀속까지 완료해야 차별화","네이버·카카오·인스타그램·스마트스토어 문의를 예약·구매·재방문 결과까지 연결","한국 업종별 전환 데이터를 쌓은 뒤 일본 LINE과 동남아 WhatsApp으로 확장","범용 플랫폼 전체가 아니라 한 업무와 한 구매자만 선택 | 원회사는 소프트웨어 전용이 아니므로 AI 업무전환 가설을 추가 검증","범용 플랫폼 전체가 아니라 한 업무와 한 구매자만 선택","6~8주 MVP","https://feedcoyote.com/","https://www.sec.gov/Archives/edgar/data/2112127/000211212726000001/0002112127-26-000001-index.html"
"105","조건부","응용","B","65","adjacent","BizBridge Capital, LLC","2025-10-01","TN","Other","기타","900000","327000","9","마케팅·영업·고객운영","84","22","17","16","14","9","6","14","30일","우리는 전문 지식과 기술을 사용하여 사업주와 새로운 세대의 소유권 및 부를 연결하는 다리를 구축합니다. 당사의 안내 프로세스는 향상된 마케팅 기술, 지능형 구매자-판매자 매칭 및 전체 거래 여정에 따른 지원을 통해 거래 종료 및 전환 성공의 속도와 가능성을 높입니다.","We use our expertise and technology to build the bridge between business owners and new generations of ownership and wealth. Our guided process elevates the speed and chances of deal closure and transition success through enhanced marketing techniques, intelligent buyer-seller matching, and support along the entire deal journey.","콘텐츠·문의·고객대화가 매출 행동으로 연결되지 않고 사람이 채널마다 반복 처리하는 문제","문의·리뷰·콘텐츠를 예약·구매·재방문 행동까지 연결하는 업종 특화 도구","최근 문의·리뷰 200건을 매출 행동으로 분류하고 2주간 후속메시지를 실행하는 유료 파일럿","브랜드/지점당 월 30만~200만원 + 채널·전환 건수","예약·상담·반복구매가 중요한 중소 브랜드와 서비스업체","네이버·카카오·스마트스토어 대행사, 업종 커뮤니티, 매출 사례 직접 영업","채널 연동, 업종별 콘텐츠·대화 성과와 실제 예약·구매 전환 데이터","CRM·채널 상담 도구가 많으므로 업종별 예약·매출 귀속까지 완료해야 차별화","네이버·카카오·인스타그램·스마트스토어 문의를 예약·구매·재방문 결과까지 연결","한국 업종별 전환 데이터를 쌓은 뒤 일본 LINE과 동남아 WhatsApp으로 확장","원회사는 소프트웨어 전용이 아니므로 AI 업무전환 가설을 추가 검증","원회사는 소프트웨어 전용이 아니므로 AI 업무전환 가설을 추가 검증","4~6주 MVP","https://www.bizbridge.io/","https://www.sec.gov/Archives/edgar/data/2079086/000207908625000001/0002079086-25-000001-index.html"
"106","조건부","응용","B","65","adjacent","FoodSocial, Inc.","2025-05-28","PA","Other Technology","기타 기술","250000","55000","3","마케팅·영업·고객운영","84","22","17","16","14","9","6","6","30일","FoodSocial은 고품질 콘텐츠를 공유하는 레시피 및 식사 계획 제작자 커뮤니티입니다.","FoodSocial is a community of recipe and meal plan creators that share high quality content.","콘텐츠·문의·고객대화가 매출 행동으로 연결되지 않고 사람이 채널마다 반복 처리하는 문제","문의·리뷰·콘텐츠를 예약·구매·재방문 행동까지 연결하는 업종 특화 도구","최근 문의·리뷰 200건을 매출 행동으로 분류하고 2주간 후속메시지를 실행하는 유료 파일럿","브랜드/지점당 월 30만~200만원 + 채널·전환 건수","예약·상담·반복구매가 중요한 중소 브랜드와 서비스업체","네이버·카카오·스마트스토어 대행사, 업종 커뮤니티, 매출 사례 직접 영업","채널 연동, 업종별 콘텐츠·대화 성과와 실제 예약·구매 전환 데이터","CRM·채널 상담 도구가 많으므로 업종별 예약·매출 귀속까지 완료해야 차별화","네이버·카카오·인스타그램·스마트스토어 문의를 예약·구매·재방문 결과까지 연결","한국 업종별 전환 데이터를 쌓은 뒤 일본 LINE과 동남아 WhatsApp으로 확장","원회사는 소프트웨어 전용이 아니므로 AI 업무전환 가설을 추가 검증","원회사는 소프트웨어 전용이 아니므로 AI 업무전환 가설을 추가 검증","4~6주 MVP","https://foodsocial.io/","https://www.sec.gov/Archives/edgar/data/1992294/000185671125000002/0001856711-25-000002-index.html"
"107","조건부","응용","A","85","adjacent","Stella Automotive AI, Inc.","2026-06-17","FL","Other Technology","기타 기술","25996596","21994745","29","음성·프런트데스크","84","20","16","19","14","8","7","15","1~3개월","자동차 딜러의 전화를 24시간 받고 정비 예약과 고객 문의를 처리하는 대화형 AI 음성 상담원이다.","Meet STELLA: The conversational AI voice assistant for automotive dealerships. Answer calls 24/7, book service appointments, and eliminate missed opportunities.","전화 미응답·예약 변경·반복 문의 때문에 직원 시간이 들고 예약 매출이 새는 문제","전화 접수·예약·미응답 후속연락을 한 업종의 규칙과 사람 전환까지 포함해 자동화","최근 놓친 전화 100건을 분석하고 2주간 예약 완료형 AI 상담원을 운영하는 유료 파일럿","지점당 월 40만~150만원 + 통화량 + 초기 설정비","예약 전화가 매출로 이어지는 치과·정비·수리·전문서비스 사업자","업종별 사업자 명단 직접 영업, 전화·예약 구축 파트너, 협회 사례 발표","업종별 통화 결과, 예약 전환, 실패·사람 전환 규칙과 한국어 대화 평가셋","국내 AICC·보이스봇·예약 솔루션이 인접하므로 범용 상담보다 한 업종의 예약 완료에 집중","국내 전화망·네이버예약·카카오 채널과 존댓말·사람 연결 규칙을 묶어 한 업종에 판매","한국에서 예약 완료율을 검증한 뒤 일본·호주 현지 전화·예약 채널로 확장","범용 플랫폼 전체가 아니라 한 업무와 한 구매자만 선택 | 원회사는 소프트웨어 전용이 아니므로 AI 업무전환 가설을 추가 검증","범용 플랫폼 전체가 아니라 한 업무와 한 구매자만 선택","6~8주 MVP","https://stellaautomotive.com/","https://www.sec.gov/Archives/edgar/data/1980116/000198011626000003/0001980116-26-000003-index.html"
"108","추천","핵심","B","70","direct","Redi.Health Inc.","2025-08-15","OH","Other Health Care","기타 헬스케어","6000000","5999995","11","개발도구·데이터","84","21","15","19","10","10","9","12","1~3개월","REDi Health는 농촌 병원에 의료 데이터 분석을 제공하여 재정적 안정성을 강화하고 결과를 개선하며 운영 성과를 향상시킵니다.","REDi Health provides healthcare data analytics for rural hospitals to strengthen financial stability, improve outcomes, and enhance operational performance.","코드·데이터·클라우드 맥락이 파편화돼 개발·분석·AI 배포의 오류와 대기시간이 늘어나는 문제","코드·티켓·문서 맥락, 생성코드 QA, 데이터 품질 중 평가 가능한 한 문제를 해결","고객 저장소·데이터셋 한 곳에서 오류 20건을 재현·분류하는 2주 유료 파일럿","개발자/데이터 사용자당 월 3만~20만원 + 기업 온보딩비","AI 기능을 운영하는 국내외 개발·데이터 팀과 소프트웨어 회사","오픈소스·기술 콘텐츠, 개발자 커뮤니티, 클라우드·SI 파트너","저장소·티켓 연동, 조직별 평가셋, 오류·수정·배포 결과 데이터","글로벌 개발도구와 국내 MSP가 강하므로 특정 평가셋이나 레거시 연동이 필요","한국 레거시·SI 스택의 코드·티켓·문서와 생성코드 QA처럼 현지 맥락이 필요한 문제로 진입","영문 제품과 API를 먼저 제공하고 평가셋·연동팩을 산업별로 확장","","공식 제품과 고객 인터뷰로 수요·가격·도입권한을 다시 검증","6~8주 MVP","https://redihealth.com/","https://www.sec.gov/Archives/edgar/data/1838280/000183828025000002/0001838280-25-000002-index.html"
"109","조건부","응용","B","70","direct","LogiCall Health, Inc.","2025-01-02","CO","Other Technology","기타 기술","4447500","3947500","14","개발도구·데이터","84","19","15","19","11","10","10","14","1~3개월","LogiCall은 환자와 의료 제공자 간의 예정되지 않은 스마트폰 영상 통화를 24시간 내내 지원하는 클라우드 기반 솔루션입니다.","LogiCall is a cloud-based solution facilitating unscheduled smartphone video calls between patients and their providers — around the clock.","코드·데이터·클라우드 맥락이 파편화돼 개발·분석·AI 배포의 오류와 대기시간이 늘어나는 문제","코드·티켓·문서 맥락, 생성코드 QA, 데이터 품질 중 평가 가능한 한 문제를 해결","고객 저장소·데이터셋 한 곳에서 오류 20건을 재현·분류하는 2주 유료 파일럿","개발자/데이터 사용자당 월 3만~20만원 + 기업 온보딩비","AI 기능을 운영하는 국내외 개발·데이터 팀과 소프트웨어 회사","오픈소스·기술 콘텐츠, 개발자 커뮤니티, 클라우드·SI 파트너","저장소·티켓 연동, 조직별 평가셋, 오류·수정·배포 결과 데이터","글로벌 개발도구와 국내 MSP가 강하므로 특정 평가셋이나 레거시 연동이 필요","한국 레거시·SI 스택의 코드·티켓·문서와 생성코드 QA처럼 현지 맥락이 필요한 문제로 진입","영문 제품과 API를 먼저 제공하고 평가셋·연동팩을 산업별로 확장","핵심 시스템 연동 전 파일·이메일 입력으로 먼저 검증","핵심 시스템 연동 전 파일·이메일 입력으로 먼저 검증","6~8주 MVP","https://www.logicallhealth.com/","https://www.sec.gov/Archives/edgar/data/2049951/000204995125000001/0002049951-25-000001-index.html"
"110","추천","핵심","B","65","direct","Cloudsmith Inc.","2026-05-18","NY","Other Technology","기타 기술","49999992","49999992","8","개발도구·데이터","84","21","15","19","10","10","9","12","1~3개월","소프트웨어 패키지와 컨테이너를 제어, 보호 및 배포하기 위한 완전 관리형 엔터프라이즈급 솔루션입니다.","A fully-managed, enterprise-scale solution to control, secure, and distribute software packages and containers.","코드·데이터·클라우드 맥락이 파편화돼 개발·분석·AI 배포의 오류와 대기시간이 늘어나는 문제","코드·티켓·문서 맥락, 생성코드 QA, 데이터 품질 중 평가 가능한 한 문제를 해결","고객 저장소·데이터셋 한 곳에서 오류 20건을 재현·분류하는 2주 유료 파일럿","개발자/데이터 사용자당 월 3만~20만원 + 기업 온보딩비","AI 기능을 운영하는 국내외 개발·데이터 팀과 소프트웨어 회사","오픈소스·기술 콘텐츠, 개발자 커뮤니티, 클라우드·SI 파트너","저장소·티켓 연동, 조직별 평가셋, 오류·수정·배포 결과 데이터","글로벌 개발도구와 국내 MSP가 강하므로 특정 평가셋이나 레거시 연동이 필요","한국 레거시·SI 스택의 코드·티켓·문서와 생성코드 QA처럼 현지 맥락이 필요한 문제로 진입","영문 제품과 API를 먼저 제공하고 평가셋·연동팩을 산업별로 확장","","공식 제품과 고객 인터뷰로 수요·가격·도입권한을 다시 검증","6~8주 MVP","https://cloudsmith.com/","https://www.sec.gov/Archives/edgar/data/2061926/000123191926000499/0001231919-26-000499-index.html"
"111","추천","핵심","B","65","direct","ONEHOP INC","2025-12-09","CA","Other Technology","기타 기술","30029989","30029989","22","개발도구·데이터","84","21","15","19","10","10","9","10","1~3개월","OneHop은 신뢰성 우선의 AI 게이트웨이(AI 라우터)입니다. 하나의 API와 하나의 키로 수백 개의 주요 AI 모델에 액세스할 수 있으며 고가용성을 위한 다계층 중복성, 더 간단한 통합, 더 나은 가격 책정, 환불 가능한 잔액을 제공합니다.","OneHop is a reliability-first AI gateway (AI router): one API and one key to access hundreds of leading AI models, with multi-layer redundancy for high availability, simpler integration, better pricing, and a refundable balance.","코드·데이터·클라우드 맥락이 파편화돼 개발·분석·AI 배포의 오류와 대기시간이 늘어나는 문제","코드·티켓·문서 맥락, 생성코드 QA, 데이터 품질 중 평가 가능한 한 문제를 해결","고객 저장소·데이터셋 한 곳에서 오류 20건을 재현·분류하는 2주 유료 파일럿","개발자/데이터 사용자당 월 3만~20만원 + 기업 온보딩비","AI 기능을 운영하는 국내외 개발·데이터 팀과 소프트웨어 회사","오픈소스·기술 콘텐츠, 개발자 커뮤니티, 클라우드·SI 파트너","저장소·티켓 연동, 조직별 평가셋, 오류·수정·배포 결과 데이터","글로벌 개발도구와 국내 MSP가 강하므로 특정 평가셋이나 레거시 연동이 필요","한국 레거시·SI 스택의 코드·티켓·문서와 생성코드 QA처럼 현지 맥락이 필요한 문제로 진입","영문 제품과 API를 먼저 제공하고 평가셋·연동팩을 산업별로 확장","","공식 제품과 고객 인터뷰로 수요·가격·도입권한을 다시 검증","6~8주 MVP","https://onehop.ai/","https://www.sec.gov/Archives/edgar/data/2099126/000209912625000002/0002099126-25-000002-index.html"
"112","추천","핵심","B","65","direct","Inngest Inc.","2025-12-11","MI","Other Technology","기타 기술","20473390","20473390","7","개발도구·데이터","84","21","15","19","10","10","9","10","1~3개월","추가 인프라 없이 안정적인 백그라운드 작업, 워크플로, AI 에이전트를 구축하세요. 자동 재시도, 흐름 제어 및 단계 수준 관찰 가능성.","Build reliable background jobs, workflows, and AI agents without extra infrastructure. Automatic retries, flow control, and step-level observability.","코드·데이터·클라우드 맥락이 파편화돼 개발·분석·AI 배포의 오류와 대기시간이 늘어나는 문제","코드·티켓·문서 맥락, 생성코드 QA, 데이터 품질 중 평가 가능한 한 문제를 해결","고객 저장소·데이터셋 한 곳에서 오류 20건을 재현·분류하는 2주 유료 파일럿","개발자/데이터 사용자당 월 3만~20만원 + 기업 온보딩비","AI 기능을 운영하는 국내외 개발·데이터 팀과 소프트웨어 회사","오픈소스·기술 콘텐츠, 개발자 커뮤니티, 클라우드·SI 파트너","저장소·티켓 연동, 조직별 평가셋, 오류·수정·배포 결과 데이터","글로벌 개발도구와 국내 MSP가 강하므로 특정 평가셋이나 레거시 연동이 필요","한국 레거시·SI 스택의 코드·티켓·문서와 생성코드 QA처럼 현지 맥락이 필요한 문제로 진입","영문 제품과 API를 먼저 제공하고 평가셋·연동팩을 산업별로 확장","","공식 제품과 고객 인터뷰로 수요·가격·도입권한을 다시 검증","6~8주 MVP","https://www.inngest.com/","https://www.sec.gov/Archives/edgar/data/2006359/000200635925000002/0002006359-25-000002-index.html"
"113","추천","핵심","B","65","direct","TestBox, Inc.","2025-10-28","CO","Other Technology","기타 기술","11447000","11447000","5","개발도구·데이터","84","21","15","19","10","10","9","12","1~3개월","데모 자동화 그 이상을 경험해보세요. TestBox는 실제 데이터로 라이브 제품 샌드박스를 강화하여 구매자의 신뢰를 얻는 GTM 인프라입니다. 가짜 짓은 그만하고 문을 닫으세요.","Go beyond demo automation. TestBox is the GTM infrastructure that powers live product sandboxes with real data to win buyer trust. Stop faking, start closing.","코드·데이터·클라우드 맥락이 파편화돼 개발·분석·AI 배포의 오류와 대기시간이 늘어나는 문제","코드·티켓·문서 맥락, 생성코드 QA, 데이터 품질 중 평가 가능한 한 문제를 해결","고객 저장소·데이터셋 한 곳에서 오류 20건을 재현·분류하는 2주 유료 파일럿","개발자/데이터 사용자당 월 3만~20만원 + 기업 온보딩비","AI 기능을 운영하는 국내외 개발·데이터 팀과 소프트웨어 회사","오픈소스·기술 콘텐츠, 개발자 커뮤니티, 클라우드·SI 파트너","저장소·티켓 연동, 조직별 평가셋, 오류·수정·배포 결과 데이터","글로벌 개발도구와 국내 MSP가 강하므로 특정 평가셋이나 레거시 연동이 필요","한국 레거시·SI 스택의 코드·티켓·문서와 생성코드 QA처럼 현지 맥락이 필요한 문제로 진입","영문 제품과 API를 먼저 제공하고 평가셋·연동팩을 산업별로 확장","","공식 제품과 고객 인터뷰로 수요·가격·도입권한을 다시 검증","6~8주 MVP","https://www.testbox.com/","https://www.sec.gov/Archives/edgar/data/2092532/000181455425000156/0001814554-25-000156-index.html"
"114","추천","핵심","B","65","direct","Airbatch Inc","2025-02-13","UT","Other Technology","기타 기술","400000","400000","1","개발도구·데이터","84","21","15","19","10","10","9","11","1~3개월","Airbatch는 PDF·Word·HTML 문서를 대량 생성해 클라우드 저장소나 이메일로 전달하고 Microsoft 365·Google Workspace 등과 연동하는 문서 자동화 도구다.","Automate your daily document tasks. Create and use thousands of pdf, word or html documents in seconds. Easily save created documents to cloud storage or send them by email. Integrate with Microsoft Word, Microsoft 365, G Suite, Open Office and many more.","코드·데이터·클라우드 맥락이 파편화돼 개발·분석·AI 배포의 오류와 대기시간이 늘어나는 문제","코드·티켓·문서 맥락, 생성코드 QA, 데이터 품질 중 평가 가능한 한 문제를 해결","고객 저장소·데이터셋 한 곳에서 오류 20건을 재현·분류하는 2주 유료 파일럿","개발자/데이터 사용자당 월 3만~20만원 + 기업 온보딩비","AI 기능을 운영하는 국내외 개발·데이터 팀과 소프트웨어 회사","오픈소스·기술 콘텐츠, 개발자 커뮤니티, 클라우드·SI 파트너","저장소·티켓 연동, 조직별 평가셋, 오류·수정·배포 결과 데이터","글로벌 개발도구와 국내 MSP가 강하므로 특정 평가셋이나 레거시 연동이 필요","한국 레거시·SI 스택의 코드·티켓·문서와 생성코드 QA처럼 현지 맥락이 필요한 문제로 진입","영문 제품과 API를 먼저 제공하고 평가셋·연동팩을 산업별로 확장","","공식 제품과 고객 인터뷰로 수요·가격·도입권한을 다시 검증","6~8주 MVP","https://www.airbatch.com/","https://www.sec.gov/Archives/edgar/data/2056355/000205635525000001/0002056355-25-000001-index.html"
"115","추천","핵심","B","65","direct","Gatein.ai, Inc.","2026-04-09","WA","Other Technology","기타 기술","600000","200000","2","개발도구·데이터","84","21","15","19","10","10","9","16","1~3개월","GateIn AI는 컴퓨터 비전을 통해 게이트 운영, 손상 감지 및 야드 분석을 자동화합니다. 항만, 복합 터미널, 창고 및 3PL에 대한 게이트 처리, 실시간 컨테이너 추적 및 AI 기반 손상 평가가 82% 더 빨라졌습니다.","GateIn AI automates gate operations, damage detection, and yard analytics with computer vision. 82% faster gate processing, real-time container tracking, and AI-powered damage assessment for ports, intermodal terminals, warehouses, and 3PLs.","코드·데이터·클라우드 맥락이 파편화돼 개발·분석·AI 배포의 오류와 대기시간이 늘어나는 문제","코드·티켓·문서 맥락, 생성코드 QA, 데이터 품질 중 평가 가능한 한 문제를 해결","고객 저장소·데이터셋 한 곳에서 오류 20건을 재현·분류하는 2주 유료 파일럿","개발자/데이터 사용자당 월 3만~20만원 + 기업 온보딩비","AI 기능을 운영하는 국내외 개발·데이터 팀과 소프트웨어 회사","오픈소스·기술 콘텐츠, 개발자 커뮤니티, 클라우드·SI 파트너","저장소·티켓 연동, 조직별 평가셋, 오류·수정·배포 결과 데이터","글로벌 개발도구와 국내 MSP가 강하므로 특정 평가셋이나 레거시 연동이 필요","한국 레거시·SI 스택의 코드·티켓·문서와 생성코드 QA처럼 현지 맥락이 필요한 문제로 진입","영문 제품과 API를 먼저 제공하고 평가셋·연동팩을 산업별로 확장","","공식 제품과 고객 인터뷰로 수요·가격·도입권한을 다시 검증","6~8주 MVP","https://gatein.ai/","https://www.sec.gov/Archives/edgar/data/2126615/000212661526000001/0002126615-26-000001-index.html"
"116","추천","핵심","B","65","direct","Staymatic Inc","2026-05-18","FL","Computers","컴퓨터","700000","50000","1","개발도구·데이터","84","21","15","19","10","10","9","5","1~3개월","단기 임대 운영을 위한 에이전트 인프라입니다. 운영자가 운영자를 위해 구축한 AI 에이전트. 300개 이상의 장치에서 입증되었습니다. 직원이 거의 없이 STR 사업을 운영하세요.","Agentic infrastructure for short-term rental operations. AI agents built by operators, for operators. Proven across 300+ units. Run your STR business with almost no staff.","코드·데이터·클라우드 맥락이 파편화돼 개발·분석·AI 배포의 오류와 대기시간이 늘어나는 문제","코드·티켓·문서 맥락, 생성코드 QA, 데이터 품질 중 평가 가능한 한 문제를 해결","고객 저장소·데이터셋 한 곳에서 오류 20건을 재현·분류하는 2주 유료 파일럿","개발자/데이터 사용자당 월 3만~20만원 + 기업 온보딩비","AI 기능을 운영하는 국내외 개발·데이터 팀과 소프트웨어 회사","오픈소스·기술 콘텐츠, 개발자 커뮤니티, 클라우드·SI 파트너","저장소·티켓 연동, 조직별 평가셋, 오류·수정·배포 결과 데이터","글로벌 개발도구와 국내 MSP가 강하므로 특정 평가셋이나 레거시 연동이 필요","한국 레거시·SI 스택의 코드·티켓·문서와 생성코드 QA처럼 현지 맥락이 필요한 문제로 진입","영문 제품과 API를 먼저 제공하고 평가셋·연동팩을 산업별로 확장","","공식 제품과 고객 인터뷰로 수요·가격·도입권한을 다시 검증","6~8주 MVP","https://staymatic.io/","https://www.sec.gov/Archives/edgar/data/2134797/000213479726000001/0002134797-26-000001-index.html"
"117","추천","핵심","B","65","direct","ElephantSqlDB, Inc","2026-02-03","TX","Other Technology","기타 기술","2000000","10000","1","개발도구·데이터","84","21","15","19","10","10","9","5","1~3개월","ElephantSQLDB는 AI·SQL·NoSQL 워크로드를 위한 관리형 PostgreSQL과 클라우드 데이터베이스 운영 기능을 제공한다.","ElephantSQLDB: Harnessing Quantum Computing Power for Next-Gen Cloud Database Solutions to Manage Databases , Quantum Databases and Quantum Cloud Databases for AI, NoSql, Sql , Crunchbase and PostgreSql. Open-Source Databases PostgreSQL Hosting Cloud-Native Databases Cloud PostgreSQL Database as a Service (DBaaS) Cloud Managed Services Managed PostgreSQL Cloud Databases PostgreSQL Service SQL Database Management…","코드·데이터·클라우드 맥락이 파편화돼 개발·분석·AI 배포의 오류와 대기시간이 늘어나는 문제","코드·티켓·문서 맥락, 생성코드 QA, 데이터 품질 중 평가 가능한 한 문제를 해결","고객 저장소·데이터셋 한 곳에서 오류 20건을 재현·분류하는 2주 유료 파일럿","개발자/데이터 사용자당 월 3만~20만원 + 기업 온보딩비","AI 기능을 운영하는 국내외 개발·데이터 팀과 소프트웨어 회사","오픈소스·기술 콘텐츠, 개발자 커뮤니티, 클라우드·SI 파트너","저장소·티켓 연동, 조직별 평가셋, 오류·수정·배포 결과 데이터","글로벌 개발도구와 국내 MSP가 강하므로 특정 평가셋이나 레거시 연동이 필요","한국 레거시·SI 스택의 코드·티켓·문서와 생성코드 QA처럼 현지 맥락이 필요한 문제로 진입","영문 제품과 API를 먼저 제공하고 평가셋·연동팩을 산업별로 확장","","공식 제품과 고객 인터뷰로 수요·가격·도입권한을 다시 검증","6~8주 MVP","https://www.elephantsqldb.com/","https://www.sec.gov/Archives/edgar/data/2108585/000210858526000001/0002108585-26-000001-index.html"
"118","조건부","응용","A","78","direct","PROPERTY MELD I, LLC","2025-11-17","SD","Other","기타","1650000","","3","현장·건설·산업 운영","84","19","14","20","14","8","9","9","1~3개월","유지 관리 운영을 위한 자산 유지 관리 소프트웨어인 Property Meld는 자산 관리 회사가 효율성을 높이고 유지 관리 비용을 낮추는 데 도움이 됩니다.","Property maintenance software for maintenance operations, Property Meld helps property management companies improve efficiency and lower maintenance costs.","현장 사진·완료서·견적·규정 증빙이 흩어져 청구와 공정 결정이 늦어지는 문제","작업사진·완료서·자재·견적을 청구와 규정 증빙으로 바꾸는 공종 하나의 도구","한 현장의 사진·작업일보를 기성·청구 증빙으로 변환하는 4주 유료 파일럿","업체당 월 70만~350만원 + 현장 수 + 초기 문서설정비","전문건설사·설비사·정비업체의 현장소장과 공무·청구 담당자","공종 협회, 세무·ERP·장비 파트너, 현장 사례 기반 직접 영업","공종별 문서·사진 판정, 청구 결과, 현장 시스템 연동과 예외 규칙","건설 공무·적산·견적 자동화가 인접하므로 전 공종 ERP보다 작업→청구 흐름에 집중","카카오톡 사진·HWP·세금계산서·공종 용어를 연결해 작업 완료→청구 한 공종으로 제한","한국 공종에서 검증한 뒤 일본·호주의 유사 현장 문서와 청구 흐름으로 확장","","공식 제품과 고객 인터뷰로 수요·가격·도입권한을 다시 검증","6~8주 MVP","https://propertymeld.com/","https://www.sec.gov/Archives/edgar/data/1778765/000177876525000002/0001778765-25-000002-index.html"
"119","조건부","응용","B","65","direct","Campfire Software, Inc.","2025-08-15","CA","Other Technology","기타 기술","40000000","39127887","34","재무·백오피스","84","18","14","20","13","9","10","10","1~3개월","Campfire는 고성장 재무팀을 위해 구축된 AI 기반 ERP입니다. 인원을 추가하지 않고도 조정을 자동화하고 더 빠르게 마감하며 수익을 늘릴 수 있습니다.","Campfire is the AI-native ERP built for high-growth finance teams. Automate reconciliations, close faster, and scale revenue without adding headcount.","계약·송장·입금·미수·회계 자료가 맞지 않아 현금 회수와 마감이 늦어지는 문제","계약·송장·입금·미수금의 불일치를 찾아 후속조치 초안을 만들고 사람이 승인","미수·송장 3개월치를 대조해 회수 우선순위와 고객별 후속문안을 제공하는 유료 진단","회사당 월 60만~300만원 + 온보딩비 또는 회수 성과수수료","계약·송장·입금·미수 관리가 복잡한 중소 B2B 기업 대표와 재무 담당자","회계사·세무사·ERP 파트너, 미수 회수·마감 단축 사례 기반 직접 영업","ERP·회계 연동, 예외·승인·회수 결과와 거래처별 지불 패턴","회계·세무 SaaS가 강하므로 불일치 탐지와 실제 회수 성과에 집중","ERP를 교체하지 않고 계약·전자세금계산서·입금 불일치와 후속조치를 연결","한국에서 회수·마감 성과를 검증한 뒤 싱가포르·호주 회계 연동으로 확장","핵심 시스템 연동 전 파일·이메일 입력으로 먼저 검증 | 범용 플랫폼 전체가 아니라 한 업무와 한 구매자만 선택","핵심 시스템 연동 전 파일·이메일 입력으로 먼저 검증","6~8주 MVP","https://campfire.ai/","https://www.sec.gov/Archives/edgar/data/2081415/000208141525000001/0002081415-25-000001-index.html"
"120","조건부","응용","B","65","direct","MeltPlan, Inc.","2026-02-27","CA","Other Technology","기타 기술","17485000","17409999","14","현장·건설·산업 운영","84","19","14","20","14","8","9","12","1~3개월","MeltPlan은 건설을 위한 AI 기반 계획 소프트웨어입니다. AI 지원 서비스로 이륙을 자동화하고, 건축 법규 준수를 보장하며, 작업을 보여주는 투명하고 전문적인 AI를 통해 비용 계획을 간소화합니다. 건축가, 엔지니어, 계약자 및 검사관을 위해 설계되었습니다.","MeltPlan is the AI-native planning software for construction – automate takeoffs with AI-assisted service, ensure building code compliance, and streamline cost planning with transparent, expert AI that shows its work. Designed for architects, engineers, contractors, and inspectors.","현장 사진·완료서·견적·규정 증빙이 흩어져 청구와 공정 결정이 늦어지는 문제","작업사진·완료서·자재·견적을 청구와 규정 증빙으로 바꾸는 공종 하나의 도구","한 현장의 사진·작업일보를 기성·청구 증빙으로 변환하는 4주 유료 파일럿","업체당 월 70만~350만원 + 현장 수 + 초기 문서설정비","전문건설사·설비사·정비업체의 현장소장과 공무·청구 담당자","공종 협회, 세무·ERP·장비 파트너, 현장 사례 기반 직접 영업","공종별 문서·사진 판정, 청구 결과, 현장 시스템 연동과 예외 규칙","건설 공무·적산·견적 자동화가 인접하므로 전 공종 ERP보다 작업→청구 흐름에 집중","카카오톡 사진·HWP·세금계산서·공종 용어를 연결해 작업 완료→청구 한 공종으로 제한","한국 공종에서 검증한 뒤 일본·호주의 유사 현장 문서와 청구 흐름으로 확장","","공식 제품과 고객 인터뷰로 수요·가격·도입권한을 다시 검증","6~8주 MVP","https://www.meltplan.com/","https://www.sec.gov/Archives/edgar/data/2106586/000210658626000001/0002106586-26-000001-index.html"
"121","조건부","응용","B","65","direct","Valiot Inc.","2025-01-21","TX","Other Technology","기타 기술","3000000","3000000","1","현장·건설·산업 운영","84","19","14","20","14","8","9","11","1~3개월","Valiot Al을 사용하면 공장 관리자는 기존 인프라나 장비를 해체하지 않고도 생산 병목 현상을 식별하고 신속하게 완화할 수 있습니다.","Valiot Al enables plant managers to identify and quickly alleviate production bottlenecks without dismantling existing infrastructure or equipment.","현장 사진·완료서·견적·규정 증빙이 흩어져 청구와 공정 결정이 늦어지는 문제","작업사진·완료서·자재·견적을 청구와 규정 증빙으로 바꾸는 공종 하나의 도구","한 현장의 사진·작업일보를 기성·청구 증빙으로 변환하는 4주 유료 파일럿","업체당 월 70만~350만원 + 현장 수 + 초기 문서설정비","전문건설사·설비사·정비업체의 현장소장과 공무·청구 담당자","공종 협회, 세무·ERP·장비 파트너, 현장 사례 기반 직접 영업","공종별 문서·사진 판정, 청구 결과, 현장 시스템 연동과 예외 규칙","건설 공무·적산·견적 자동화가 인접하므로 전 공종 ERP보다 작업→청구 흐름에 집중","카카오톡 사진·HWP·세금계산서·공종 용어를 연결해 작업 완료→청구 한 공종으로 제한","한국 공종에서 검증한 뒤 일본·호주의 유사 현장 문서와 청구 흐름으로 확장","","공식 제품과 고객 인터뷰로 수요·가격·도입권한을 다시 검증","6~8주 MVP","https://valiot.io/","https://www.sec.gov/Archives/edgar/data/1863892/000186389225000001/0001863892-25-000001-index.html"
"122","조건부","응용","B","65","direct","Wastelinq, Inc.","2025-01-02","TX","Other Technology","기타 기술","3000000","3000000","1","재무·백오피스","84","18","14","20","13","9","10","11","1~3개월","산업 및 유해 폐기물을 위한 AI 지원 운영 체제 - 하나의 연결된 플랫폼에서 프로파일링, 목록, 라우팅, 규정 준수 및 청구를 수행합니다.","The AI-enabled operating system for industrial and hazardous waste — profiling, manifests, routing, compliance, and billing on one connected platform.","계약·송장·입금·미수·회계 자료가 맞지 않아 현금 회수와 마감이 늦어지는 문제","계약·송장·입금·미수금의 불일치를 찾아 후속조치 초안을 만들고 사람이 승인","미수·송장 3개월치를 대조해 회수 우선순위와 고객별 후속문안을 제공하는 유료 진단","회사당 월 60만~300만원 + 온보딩비 또는 회수 성과수수료","계약·송장·입금·미수 관리가 복잡한 중소 B2B 기업 대표와 재무 담당자","회계사·세무사·ERP 파트너, 미수 회수·마감 단축 사례 기반 직접 영업","ERP·회계 연동, 예외·승인·회수 결과와 거래처별 지불 패턴","회계·세무 SaaS가 강하므로 불일치 탐지와 실제 회수 성과에 집중","ERP를 교체하지 않고 계약·전자세금계산서·입금 불일치와 후속조치를 연결","한국에서 회수·마감 성과를 검증한 뒤 싱가포르·호주 회계 연동으로 확장","핵심 시스템 연동 전 파일·이메일 입력으로 먼저 검증 | 범용 플랫폼 전체가 아니라 한 업무와 한 구매자만 선택","핵심 시스템 연동 전 파일·이메일 입력으로 먼저 검증","6~8주 MVP","https://wastelinq.com/","https://www.sec.gov/Archives/edgar/data/2007706/000200770625000003/0002007706-25-000003-index.html"
"123","조건부","응용","B","65","direct","Nestimate, Inc.","2025-08-29","NE","Other Technology","기타 기술","3060000","2029998","5","현장·건설·산업 운영","84","19","14","20","14","8","9","14","1~3개월","레거시 또는 디지털 등 모든 형식에서 이륙, BoQ 및 가격 추정에 이르기까지 몇 분 안에 가능합니다. 플랫폼 및 API. 당사의 다중 모드 AI는 수량을 측정하고 이를 세부적인 항목별 목록으로 구성합니다.","From any format, legacy or digital, to takeoffs, BoQs, and priced estimates in minutes. Platform & API. Our multimodal AI measures quantities and structures them into detailed itemised lists.","현장 사진·완료서·견적·규정 증빙이 흩어져 청구와 공정 결정이 늦어지는 문제","작업사진·완료서·자재·견적을 청구와 규정 증빙으로 바꾸는 공종 하나의 도구","한 현장의 사진·작업일보를 기성·청구 증빙으로 변환하는 4주 유료 파일럿","업체당 월 70만~350만원 + 현장 수 + 초기 문서설정비","전문건설사·설비사·정비업체의 현장소장과 공무·청구 담당자","공종 협회, 세무·ERP·장비 파트너, 현장 사례 기반 직접 영업","공종별 문서·사진 판정, 청구 결과, 현장 시스템 연동과 예외 규칙","건설 공무·적산·견적 자동화가 인접하므로 전 공종 ERP보다 작업→청구 흐름에 집중","카카오톡 사진·HWP·세금계산서·공종 용어를 연결해 작업 완료→청구 한 공종으로 제한","한국 공종에서 검증한 뒤 일본·호주의 유사 현장 문서와 청구 흐름으로 확장","","공식 제품과 고객 인터뷰로 수요·가격·도입권한을 다시 검증","6~8주 MVP","https://www.nestimate.ai/","https://www.sec.gov/Archives/edgar/data/1919038/000191903825000004/0001919038-25-000004-index.html"
"124","조건부","응용","B","65","direct","BuildSync Inc","2026-04-30","CO","Other Technology","기타 기술","","226000","7","현장·건설·산업 운영","84","19","14","20","14","8","9","16","1~3개월","BuildSync를 통해 제출물의 95%가 처음으로 승인되고 검토 시간이 최대 80% 절약됩니다.","Get 95% of submittals approved first time and save up to 80% of review time with BuildSync","현장 사진·완료서·견적·규정 증빙이 흩어져 청구와 공정 결정이 늦어지는 문제","작업사진·완료서·자재·견적을 청구와 규정 증빙으로 바꾸는 공종 하나의 도구","한 현장의 사진·작업일보를 기성·청구 증빙으로 변환하는 4주 유료 파일럿","업체당 월 70만~350만원 + 현장 수 + 초기 문서설정비","전문건설사·설비사·정비업체의 현장소장과 공무·청구 담당자","공종 협회, 세무·ERP·장비 파트너, 현장 사례 기반 직접 영업","공종별 문서·사진 판정, 청구 결과, 현장 시스템 연동과 예외 규칙","건설 공무·적산·견적 자동화가 인접하므로 전 공종 ERP보다 작업→청구 흐름에 집중","카카오톡 사진·HWP·세금계산서·공종 용어를 연결해 작업 완료→청구 한 공종으로 제한","한국 공종에서 검증한 뒤 일본·호주의 유사 현장 문서와 청구 흐름으로 확장","","공식 제품과 고객 인터뷰로 수요·가격·도입권한을 다시 검증","6~8주 MVP","https://buildsync.ai/","https://www.sec.gov/Archives/edgar/data/2127029/000212702926000001/0002127029-26-000001-index.html"
"125","조건부","응용","B","65","direct","Octaris Technologies Inc.","2026-06-16","VA","Other","기타","2350000","150000","1","재무·백오피스","84","18","14","20","13","9","10","13","1~3개월","Octaris는 금융, 재고, CRM을 통합하여 바쁜 업무를 자동화하고 중요한 사항을 실시간으로 표시하는 AI 기반 ERP입니다.","Octaris is the AI-powered ERP that unifies finance, inventory, and CRM — automating the busywork and surfacing what matters, in real time.","계약·송장·입금·미수·회계 자료가 맞지 않아 현금 회수와 마감이 늦어지는 문제","계약·송장·입금·미수금의 불일치를 찾아 후속조치 초안을 만들고 사람이 승인","미수·송장 3개월치를 대조해 회수 우선순위와 고객별 후속문안을 제공하는 유료 진단","회사당 월 60만~300만원 + 온보딩비 또는 회수 성과수수료","계약·송장·입금·미수 관리가 복잡한 중소 B2B 기업 대표와 재무 담당자","회계사·세무사·ERP 파트너, 미수 회수·마감 단축 사례 기반 직접 영업","ERP·회계 연동, 예외·승인·회수 결과와 거래처별 지불 패턴","회계·세무 SaaS가 강하므로 불일치 탐지와 실제 회수 성과에 집중","ERP를 교체하지 않고 계약·전자세금계산서·입금 불일치와 후속조치를 연결","한국에서 회수·마감 성과를 검증한 뒤 싱가포르·호주 회계 연동으로 확장","핵심 시스템 연동 전 파일·이메일 입력으로 먼저 검증 | 범용 플랫폼 전체가 아니라 한 업무와 한 구매자만 선택","핵심 시스템 연동 전 파일·이메일 입력으로 먼저 검증","6~8주 MVP","https://getoctaris.com/","https://www.sec.gov/Archives/edgar/data/2033311/000203331126000001/0002033311-26-000001-index.html"
"126","조건부","응용","B","65","direct","2Build AI, Inc.","2025-08-11","KS","Other Technology","기타 기술","15000000","","0","현장·건설·산업 운영","84","19","14","20","14","8","9","3","1~3개월","건설 및 계획을 위한 AI 기반 코드 검증 및 구역 지정 검토. PlanSmartAI™를 통한 디지털 건설 규정 준수 및 계획 검증.","AI-powered code validation and zoning review for construction and planning. Digital construction compliance and plan verification with PlanSmartAI™.","현장 사진·완료서·견적·규정 증빙이 흩어져 청구와 공정 결정이 늦어지는 문제","작업사진·완료서·자재·견적을 청구와 규정 증빙으로 바꾸는 공종 하나의 도구","한 현장의 사진·작업일보를 기성·청구 증빙으로 변환하는 4주 유료 파일럿","업체당 월 70만~350만원 + 현장 수 + 초기 문서설정비","전문건설사·설비사·정비업체의 현장소장과 공무·청구 담당자","공종 협회, 세무·ERP·장비 파트너, 현장 사례 기반 직접 영업","공종별 문서·사진 판정, 청구 결과, 현장 시스템 연동과 예외 규칙","건설 공무·적산·견적 자동화가 인접하므로 전 공종 ERP보다 작업→청구 흐름에 집중","카카오톡 사진·HWP·세금계산서·공종 용어를 연결해 작업 완료→청구 한 공종으로 제한","한국 공종에서 검증한 뒤 일본·호주의 유사 현장 문서와 청구 흐름으로 확장","","공식 제품과 고객 인터뷰로 수요·가격·도입권한을 다시 검증","6~8주 MVP","https://2build.ai/","https://www.sec.gov/Archives/edgar/data/2080637/000208063725000001/0002080637-25-000001-index.html"
"127","조건부","응용","B","64","direct","Foundation LLM Technologies, Inc.","2025-06-30","CA","Other","기타","22999984","22999984","12","현장·건설·산업 운영","84","19","14","20","14","8","9","10","1~3개월","Foundation EGI는 제조용으로 구축된 도메인별 AI를 사용하여 엔지니어링 문서, 기술 도면, 부품 카탈로그 및 프로세스 계획을 자동화합니다.","Foundation EGI automates engineering documentation, technical drawings, parts catalogs, and process planning using domain-specific AI built for manufacturing.","현장 사진·완료서·견적·규정 증빙이 흩어져 청구와 공정 결정이 늦어지는 문제","작업사진·완료서·자재·견적을 청구와 규정 증빙으로 바꾸는 공종 하나의 도구","한 현장의 사진·작업일보를 기성·청구 증빙으로 변환하는 4주 유료 파일럿","업체당 월 70만~350만원 + 현장 수 + 초기 문서설정비","전문건설사·설비사·정비업체의 현장소장과 공무·청구 담당자","공종 협회, 세무·ERP·장비 파트너, 현장 사례 기반 직접 영업","공종별 문서·사진 판정, 청구 결과, 현장 시스템 연동과 예외 규칙","건설 공무·적산·견적 자동화가 인접하므로 전 공종 ERP보다 작업→청구 흐름에 집중","카카오톡 사진·HWP·세금계산서·공종 용어를 연결해 작업 완료→청구 한 공종으로 제한","한국 공종에서 검증한 뒤 일본·호주의 유사 현장 문서와 청구 흐름으로 확장","","공식 제품과 고객 인터뷰로 수요·가격·도입권한을 다시 검증","6~8주 MVP","https://foundationllm.com/","https://www.sec.gov/Archives/edgar/data/2000091/000200009125000002/0002000091-25-000002-index.html"
"128","조건부","응용","B","65","direct","Allera Technologies Inc.","2025-05-21","TN","Other Technology","기타 기술","1000000","250000","1","조달·물류·공급망","84","20","14","19","13","9","9","11","1~3개월","Allera는 소매업을 위한 AI 플랫폼입니다. 마진이 사라지기 전에 팀이 무엇을 해야 할지 정확하게 알려주는 주간 재고 브리핑입니다.","Allera is the AI platform for retail. Weekly inventory briefings that tell your team exactly what to do — before margin slips away.","RFQ·견적·발주·선적 문서가 흩어져 가격·납기·승인 예외를 놓치는 문제","RFQ·견적·발주·선적 문서를 읽고 누락·가격변경·납기 예외를 한 품목군에서 처리","최근 RFQ·견적 100건을 표준화해 누락·가격차·미응답을 찾아주는 유료 업무진단","업체당 월 80만~400만원 + 문서/거래 건수 + 온보딩비","중소 제조·수출기업의 구매·영업·물류 책임자","ERP·관세·물류 파트너, 산업단지와 품목별 직접 영업","거래처별 예외, 품목 매핑, 견적·납기 결과와 승인 데이터","ERP는 강하지만 중소 제조업의 이메일·엑셀 예외 처리는 수작업인 경우가 많음","이메일·엑셀·거래처 품목명을 국내 RFQ·발주 문서 형식에 맞게 처리","한국 수출기업에서 시작해 일본·동남아 공급사 문서와 이메일·WhatsApp으로 확장","","공식 제품과 고객 인터뷰로 수요·가격·도입권한을 다시 검증","6~8주 MVP","https://allera.io/es","https://www.sec.gov/Archives/edgar/data/2067341/000206734125000001/0002067341-25-000001-index.html"
"129","추천","핵심","A","78","direct","Remedy Sports Inc.","2025-09-24","MN","Other Technology","기타 기술","500000","125000","1","인력·교육·온보딩","83","22","17","15","12","9","8","14","30일","공무원이 되는 방법을 찾고 계시나요? Remedy Sports는 현재 스포츠 관계자를 꿈꾸는 사람들을 위한 포괄적인 플랫폼을 제공합니다. 더 많은 게임을 찾고, 빠르게 결제하고, 최고 수준의 교육 및 인증에 액세스하세요. 이 모든 것이 한 곳에서 이루어집니다. 우리 커뮤니티에 가입하고 사용자 친화적인 앱으로 주례 경력에 혁명을 일으키세요. 오늘부터 공무원이 되기 위한 여정을 시작해 보세요.","Looking for how to become an official? Remedy Sports offers a comprehensive platform for aspiring and current sports officials. Find more games, get paid quickly, and access top-tier training and certification—all in one place. Join our community and revolutionize your officiating career with our user-friendly app. Start your journey to becoming an official today.","채용·교육·온보딩이 문서 전달에 머물러 실제 업무 수행과 규정 이수를 측정하기 어려운 문제","한 직군의 실제 업무 문서로 온보딩·역할별 코칭·이수·업무수행 증빙을 자동화","신규직원 한 역할의 문서·상황 20개를 평가형 온보딩으로 바꾸는 유료 제작 파일럿","사용자당 월 2만~10만원 + 콘텐츠 구축비 200만~1,000만원","현장·서비스 직군을 반복 채용하는 중소·중견기업의 인사·교육 책임자","직군 협회, HR·LMS 파트너, 교육기관과 역할별 평가 콘텐츠","직군별 평가·성과 데이터, 사내문서 연동과 실제 업무수행 결과","채용·교육 도구가 많으므로 콘텐츠 전달보다 실제 업무수행 측정에 집중","한 직군의 역할극·업무 증빙을 국내 규정과 조직 용어에 맞게 제공","한국에서 한 직군을 검증한 뒤 일본·동남아 현지 언어·규정 평가팩으로 확장","","공식 제품과 고객 인터뷰로 수요·가격·도입권한을 다시 검증","4~6주 MVP","https://www.remedysports.ai/","https://www.sec.gov/Archives/edgar/data/2087129/000208712925000001/0002087129-25-000001-index.html"
"130","추천","핵심","B","70","direct","Dendritic Health AI, Inc.","2026-04-08","MI","Other Technology","기타 기술","1000000","279999","3","인력·교육·온보딩","83","22","17","15","12","9","8","16","30일","Dendritic Health는 차세대 의료 교육 도구를 구축합니다. 우리는 AI 기반 의료 교육 플랫폼인 Neural Consult의 창시자입니다.","Dendritic Health builds next-generation healthcare education tools. We are the creators of Neural Consult, an AI-powered medical education platform.","채용·교육·온보딩이 문서 전달에 머물러 실제 업무 수행과 규정 이수를 측정하기 어려운 문제","한 직군의 실제 업무 문서로 온보딩·역할별 코칭·이수·업무수행 증빙을 자동화","신규직원 한 역할의 문서·상황 20개를 평가형 온보딩으로 바꾸는 유료 제작 파일럿","사용자당 월 2만~10만원 + 콘텐츠 구축비 200만~1,000만원","현장·서비스 직군을 반복 채용하는 중소·중견기업의 인사·교육 책임자","직군 협회, HR·LMS 파트너, 교육기관과 역할별 평가 콘텐츠","직군별 평가·성과 데이터, 사내문서 연동과 실제 업무수행 결과","채용·교육 도구가 많으므로 콘텐츠 전달보다 실제 업무수행 측정에 집중","한 직군의 역할극·업무 증빙을 국내 규정과 조직 용어에 맞게 제공","한국에서 한 직군을 검증한 뒤 일본·동남아 현지 언어·규정 평가팩으로 확장","","공식 제품과 고객 인터뷰로 수요·가격·도입권한을 다시 검증","4~6주 MVP","https://www.dendritichealth.com/","https://www.sec.gov/Archives/edgar/data/2032339/000203233926000001/0002032339-26-000001-index.html"
"131","추천","핵심","B","65","direct","Neuralift Inc.","2025-03-31","NJ","Other Technology","기타 기술","999998","999998","2","인력·교육·온보딩","83","22","17","15","12","9","8","14","30일","신경 세분화는 규칙과 분석에서 놓친 고객 모집단을 드러냅니다. 모든 세그먼트에는 추론과 활성화 플레이가 함께 제공됩니다. 플랫폼을 사용해 보세요.","Neural subsegmentation surfaces the customer populations your rules and analytics miss. Every segment ships with reasoning and an activation play. Try the platform.","채용·교육·온보딩이 문서 전달에 머물러 실제 업무 수행과 규정 이수를 측정하기 어려운 문제","한 직군의 실제 업무 문서로 온보딩·역할별 코칭·이수·업무수행 증빙을 자동화","신규직원 한 역할의 문서·상황 20개를 평가형 온보딩으로 바꾸는 유료 제작 파일럿","사용자당 월 2만~10만원 + 콘텐츠 구축비 200만~1,000만원","현장·서비스 직군을 반복 채용하는 중소·중견기업의 인사·교육 책임자","직군 협회, HR·LMS 파트너, 교육기관과 역할별 평가 콘텐츠","직군별 평가·성과 데이터, 사내문서 연동과 실제 업무수행 결과","채용·교육 도구가 많으므로 콘텐츠 전달보다 실제 업무수행 측정에 집중","한 직군의 역할극·업무 증빙을 국내 규정과 조직 용어에 맞게 제공","한국에서 한 직군을 검증한 뒤 일본·동남아 현지 언어·규정 평가팩으로 확장","","공식 제품과 고객 인터뷰로 수요·가격·도입권한을 다시 검증","4~6주 MVP","https://www.neuralift.ai/","https://www.sec.gov/Archives/edgar/data/1996521/000199652125000001/0001996521-25-000001-index.html"
"132","조건부","응용","A","78","direct","Web3 Enabler, Inc.","2025-12-22","FL","Business Services","기업 서비스","500000","50000","1","재무·백오피스","83","19","15","20","11","9","9","6","1~3개월","Salesforce ISV는 Salesforce Platform 및 Sales Cloud에서 기본적으로 블록체인 및 스테이블코인 결제 솔루션을 구축합니다.","Salesforce ISV building blockchain and stablecoin payment solutions natively on Salesforce Platform and Sales Cloud.","계약·송장·입금·미수·회계 자료가 맞지 않아 현금 회수와 마감이 늦어지는 문제","계약·송장·입금·미수금의 불일치를 찾아 후속조치 초안을 만들고 사람이 승인","미수·송장 3개월치를 대조해 회수 우선순위와 고객별 후속문안을 제공하는 유료 진단","회사당 월 60만~300만원 + 온보딩비 또는 회수 성과수수료","계약·송장·입금·미수 관리가 복잡한 중소 B2B 기업 대표와 재무 담당자","회계사·세무사·ERP 파트너, 미수 회수·마감 단축 사례 기반 직접 영업","ERP·회계 연동, 예외·승인·회수 결과와 거래처별 지불 패턴","회계·세무 SaaS가 강하므로 불일치 탐지와 실제 회수 성과에 집중","ERP를 교체하지 않고 계약·전자세금계산서·입금 불일치와 후속조치를 연결","한국에서 회수·마감 성과를 검증한 뒤 싱가포르·호주 회계 연동으로 확장","규제 판단을 제외하고 사람 승인형 운영 보조로 제한","규제 판단을 제외하고 사람 승인형 운영 보조로 제한","6~8주 MVP","https://web3enabler.com/","https://www.sec.gov/Archives/edgar/data/2036866/000203686625000006/0002036866-25-000006-index.html"
"133","조건부","응용","B","65","direct","Midpage AI Inc.","2025-05-28","DE","Other Technology","기타 기술","6443350","6443350","5","법률·전문서비스 운영","83","19","15","20","11","9","9","12","1~3개월","모든 미국 판례법, 법령 및 규정을 검색하세요. AI 에이전트는 조사, 검토, 초안 작성 등의 결과를 브리핑과 메모로 처리합니다. 채팅에서 법적 질문에 답하려면 계약서와 동의서를 업로드하세요. 수천 명의 변호사와 소송담당자가 사용합니다.","Search all US case law, statutes and regulations. AI agents handle research, review, and drafting-turning results into briefs and memos. Upload contracts and motions to answer legal questions in the chat. Used by thousands of attorneys and litigators.","전문가가 사건 접수·자료 회수·문서 검수·기한·청구를 수작업하는 문제","사건 접수·자료회수·증거 타임라인·문서 품질검사·청구 가능 활동 포착 중 하나를 자동화","과거 사건 20건에서 누락 자료·기한·청구 가능 시간을 찾아주는 유료 업무감사","사용자당 월 15만~60만원 + 구축비 또는 복원매출 수수료","로펌·노무·특허·세무·손해사정 사무소 대표와 사건 운영자","전문가 협회·교육·서식 파트너와 복원매출 사례 기반 직접 영업","한국 문서·업무 템플릿, 전문가 수정 이력, 사건·청구 결과 라벨","리걸 AI 경쟁이 강하므로 사건 운영과 청구 가능한 활동 포착 같은 좁은 흐름이 필요","범용 법률답변보다 HWP 문서 QA·자료회수·기한·청구 누수에 집중하고 전문가 승인을 유지","한국 전문서비스에서 검증한 뒤 일본과 영문권 문서·청구 워크플로로 확장","규제 판단을 제외하고 사람 승인형 운영 보조로 제한","규제 판단을 제외하고 사람 승인형 운영 보조로 제한","6~8주 MVP","https://www.midpage.ai/","https://www.sec.gov/Archives/edgar/data/2067400/000206740025000001/0002067400-25-000001-index.html"
"134","조건부","응용","B","65","direct","KredosAI, Inc.","2025-02-19","WA","Other Technology","기타 기술","1500000","1287997","7","재무·백오피스","83","19","15","20","11","9","9","14","1~3개월","인간 중심의 AI 플랫폼은 소비자와의 실제적인 참여를 유도하여 기업에 긍정적인 지불 결과를 제공합니다.","Our human centered AI platform drives real engagement with consumers leading to positive payment outcomes for enterprises.","계약·송장·입금·미수·회계 자료가 맞지 않아 현금 회수와 마감이 늦어지는 문제","계약·송장·입금·미수금의 불일치를 찾아 후속조치 초안을 만들고 사람이 승인","미수·송장 3개월치를 대조해 회수 우선순위와 고객별 후속문안을 제공하는 유료 진단","회사당 월 60만~300만원 + 온보딩비 또는 회수 성과수수료","계약·송장·입금·미수 관리가 복잡한 중소 B2B 기업 대표와 재무 담당자","회계사·세무사·ERP 파트너, 미수 회수·마감 단축 사례 기반 직접 영업","ERP·회계 연동, 예외·승인·회수 결과와 거래처별 지불 패턴","회계·세무 SaaS가 강하므로 불일치 탐지와 실제 회수 성과에 집중","ERP를 교체하지 않고 계약·전자세금계산서·입금 불일치와 후속조치를 연결","한국에서 회수·마감 성과를 검증한 뒤 싱가포르·호주 회계 연동으로 확장","규제 판단을 제외하고 사람 승인형 운영 보조로 제한","규제 판단을 제외하고 사람 승인형 운영 보조로 제한","6~8주 MVP","https://www.kredosai.com/","https://www.sec.gov/Archives/edgar/data/1899153/000189915325000001/0001899153-25-000001-index.html"
"135","조건부","응용","B","65","direct","FieldChief, Inc.","2026-06-25","FL","Other Technology","기타 기술","400000","150000","3","재무·백오피스","83","19","15","20","11","9","9","16","1~3개월","FieldChief는 에이전트 AI를 위해 처음부터 구축된 AI 기반 현장 서비스 관리입니다. 자연스럽게 말하거나 타이핑하세요. 내장된 회계. 고객은 이메일이나 SMS를 통해 견적과 송장을 받습니다. 사용한 시간만큼만 비용을 지불하세요.","FieldChief is AI-native field service management built from the ground up for agentic AI. Talk or type naturally. Built-in accounting. Customers get quotes and invoices via email or SMS. Pay only for the hours you use.","계약·송장·입금·미수·회계 자료가 맞지 않아 현금 회수와 마감이 늦어지는 문제","계약·송장·입금·미수금의 불일치를 찾아 후속조치 초안을 만들고 사람이 승인","미수·송장 3개월치를 대조해 회수 우선순위와 고객별 후속문안을 제공하는 유료 진단","회사당 월 60만~300만원 + 온보딩비 또는 회수 성과수수료","계약·송장·입금·미수 관리가 복잡한 중소 B2B 기업 대표와 재무 담당자","회계사·세무사·ERP 파트너, 미수 회수·마감 단축 사례 기반 직접 영업","ERP·회계 연동, 예외·승인·회수 결과와 거래처별 지불 패턴","회계·세무 SaaS가 강하므로 불일치 탐지와 실제 회수 성과에 집중","ERP를 교체하지 않고 계약·전자세금계산서·입금 불일치와 후속조치를 연결","한국에서 회수·마감 성과를 검증한 뒤 싱가포르·호주 회계 연동으로 확장","규제 판단을 제외하고 사람 승인형 운영 보조로 제한","규제 판단을 제외하고 사람 승인형 운영 보조로 제한","6~8주 MVP","https://fieldchief.ai/","https://www.sec.gov/Archives/edgar/data/2140564/000214056426000001/0002140564-26-000001-index.html"
"136","조건부","응용","B","65","direct","Talli, Inc.","2025-06-25","SC","Other","기타","300000","100000","1","재무·백오피스","83","19","15","20","11","9","9","11","1~3개월","Talli는 다른 사람의 돈을 관리하는 팀에게 자금을 지출하고 지불 상환액을 늘리는 규정을 준수하고 투명한 방법을 제공합니다.","Talli gives teams who manage other people s money a compliant, transparent way to disburse funds and increase payment redemptions.","계약·송장·입금·미수·회계 자료가 맞지 않아 현금 회수와 마감이 늦어지는 문제","계약·송장·입금·미수금의 불일치를 찾아 후속조치 초안을 만들고 사람이 승인","미수·송장 3개월치를 대조해 회수 우선순위와 고객별 후속문안을 제공하는 유료 진단","회사당 월 60만~300만원 + 온보딩비 또는 회수 성과수수료","계약·송장·입금·미수 관리가 복잡한 중소 B2B 기업 대표와 재무 담당자","회계사·세무사·ERP 파트너, 미수 회수·마감 단축 사례 기반 직접 영업","ERP·회계 연동, 예외·승인·회수 결과와 거래처별 지불 패턴","회계·세무 SaaS가 강하므로 불일치 탐지와 실제 회수 성과에 집중","ERP를 교체하지 않고 계약·전자세금계산서·입금 불일치와 후속조치를 연결","한국에서 회수·마감 성과를 검증한 뒤 싱가포르·호주 회계 연동으로 확장","규제 판단을 제외하고 사람 승인형 운영 보조로 제한","규제 판단을 제외하고 사람 승인형 운영 보조로 제한","6~8주 MVP","https://www.talli.ai/","https://www.sec.gov/Archives/edgar/data/1814726/000181472625000002/0001814726-25-000002-index.html"
"137","조건부","응용","B","65","direct","Portal VR, Inc.","2026-02-09","CA","Computers","컴퓨터","2000000","85000","2","재무·백오피스","83","19","15","20","11","9","9","8","1~3개월","Portal은 AV, 보안 및 IT 전문가를 위해 제작된 제안 및 결제 소프트웨어입니다. 몇 시간씩 걸리던 일이 이제는 몇 분 밖에 걸리지 않습니다.","Portal is the proposal and payment software built for AV, Security & IT professionals. What used to take hours now takes minutes.","계약·송장·입금·미수·회계 자료가 맞지 않아 현금 회수와 마감이 늦어지는 문제","계약·송장·입금·미수금의 불일치를 찾아 후속조치 초안을 만들고 사람이 승인","미수·송장 3개월치를 대조해 회수 우선순위와 고객별 후속문안을 제공하는 유료 진단","회사당 월 60만~300만원 + 온보딩비 또는 회수 성과수수료","계약·송장·입금·미수 관리가 복잡한 중소 B2B 기업 대표와 재무 담당자","회계사·세무사·ERP 파트너, 미수 회수·마감 단축 사례 기반 직접 영업","ERP·회계 연동, 예외·승인·회수 결과와 거래처별 지불 패턴","회계·세무 SaaS가 강하므로 불일치 탐지와 실제 회수 성과에 집중","ERP를 교체하지 않고 계약·전자세금계산서·입금 불일치와 후속조치를 연결","한국에서 회수·마감 성과를 검증한 뒤 싱가포르·호주 회계 연동으로 확장","규제 판단을 제외하고 사람 승인형 운영 보조로 제한","규제 판단을 제외하고 사람 승인형 운영 보조로 제한","6~8주 MVP","https://portal.io/","https://www.sec.gov/Archives/edgar/data/2083162/000208316226000002/0002083162-26-000002-index.html"
"138","조건부","응용","A","78","adjacent","Nant Global Finance Inc.","2026-02-24","NY","Other Banking and Financial Services","기타","5000001","1929009","12","재무·백오피스","83","20","15","19","13","8","8","19","1~3개월","Nant Global Finance - NantX 회사입니다. 금융 서비스 및 솔루션 제공업체.","Nant Global Finance - A NantX company. Financial services and solutions provider.","계약·송장·입금·미수·회계 자료가 맞지 않아 현금 회수와 마감이 늦어지는 문제","계약·송장·입금·미수금의 불일치를 찾아 후속조치 초안을 만들고 사람이 승인","미수·송장 3개월치를 대조해 회수 우선순위와 고객별 후속문안을 제공하는 유료 진단","회사당 월 60만~300만원 + 온보딩비 또는 회수 성과수수료","계약·송장·입금·미수 관리가 복잡한 중소 B2B 기업 대표와 재무 담당자","회계사·세무사·ERP 파트너, 미수 회수·마감 단축 사례 기반 직접 영업","ERP·회계 연동, 예외·승인·회수 결과와 거래처별 지불 패턴","회계·세무 SaaS가 강하므로 불일치 탐지와 실제 회수 성과에 집중","ERP를 교체하지 않고 계약·전자세금계산서·입금 불일치와 후속조치를 연결","한국에서 회수·마감 성과를 검증한 뒤 싱가포르·호주 회계 연동으로 확장","원회사는 소프트웨어 전용이 아니므로 AI 업무전환 가설을 추가 검증","원회사는 소프트웨어 전용이 아니므로 AI 업무전환 가설을 추가 검증","6~8주 MVP","https://nantglobalfinance.com/","https://www.sec.gov/Archives/edgar/data/2112577/000121390026019435/0001213900-26-019435-index.html"
"139","조건부","응용","B","73","adjacent","Clarity Financial, Inc.","2025-02-11","DE","Other","기타","1500000","1499997","1","재무·백오피스","83","20","15","19","13","8","8","11","1~3개월","Clarity Financial은 테네시 주 트라이시티(Tri-Cities) 지역의 기업에 세금, 회계 및 금융 시스템 지원 서비스를 제공합니다.","Clarity Financial provides tax, accounting and financial system support services to businesses in the Tri-Cities, Tennessee area.","계약·송장·입금·미수·회계 자료가 맞지 않아 현금 회수와 마감이 늦어지는 문제","계약·송장·입금·미수금의 불일치를 찾아 후속조치 초안을 만들고 사람이 승인","미수·송장 3개월치를 대조해 회수 우선순위와 고객별 후속문안을 제공하는 유료 진단","회사당 월 60만~300만원 + 온보딩비 또는 회수 성과수수료","계약·송장·입금·미수 관리가 복잡한 중소 B2B 기업 대표와 재무 담당자","회계사·세무사·ERP 파트너, 미수 회수·마감 단축 사례 기반 직접 영업","ERP·회계 연동, 예외·승인·회수 결과와 거래처별 지불 패턴","회계·세무 SaaS가 강하므로 불일치 탐지와 실제 회수 성과에 집중","ERP를 교체하지 않고 계약·전자세금계산서·입금 불일치와 후속조치를 연결","한국에서 회수·마감 성과를 검증한 뒤 싱가포르·호주 회계 연동으로 확장","원회사는 소프트웨어 전용이 아니므로 AI 업무전환 가설을 추가 검증","원회사는 소프트웨어 전용이 아니므로 AI 업무전환 가설을 추가 검증","6~8주 MVP","http://clarityfinancial.com/","https://www.sec.gov/Archives/edgar/data/1901778/000190177825000001/0001901778-25-000001-index.html"
"140","조건부","응용","B","65","direct","Aarki, Inc.","2025-01-10","CA","Other Technology","기타 기술","10000000","5000000","1","마케팅·영업·고객운영","83","19","15","18","14","10","7","11","1~3개월","Aarki는 AI와 프라이버시 보호형 프로그래매틱 광고·크리에이티브 최적화로 모바일 앱의 사용자 획득과 재참여, 매출 성장을 돕는다.","Extend Your Growth Marketing Team with Aarki AI Aarki is an AI company that builds advertising solutions to drive mobile revenue growth. Learn More Driving ROI for Leading Publishers with ...","콘텐츠·문의·고객대화가 매출 행동으로 연결되지 않고 사람이 채널마다 반복 처리하는 문제","문의·리뷰·콘텐츠를 예약·구매·재방문 행동까지 연결하는 업종 특화 도구","최근 문의·리뷰 200건을 매출 행동으로 분류하고 2주간 후속메시지를 실행하는 유료 파일럿","브랜드/지점당 월 30만~200만원 + 채널·전환 건수","예약·상담·반복구매가 중요한 중소 브랜드와 서비스업체","네이버·카카오·스마트스토어 대행사, 업종 커뮤니티, 매출 사례 직접 영업","채널 연동, 업종별 콘텐츠·대화 성과와 실제 예약·구매 전환 데이터","CRM·채널 상담 도구가 많으므로 업종별 예약·매출 귀속까지 완료해야 차별화","네이버·카카오·인스타그램·스마트스토어 문의를 예약·구매·재방문 결과까지 연결","한국 업종별 전환 데이터를 쌓은 뒤 일본 LINE과 동남아 WhatsApp으로 확장","물리·자본 요소를 제외한 주변 운영 소프트웨어만 참고","물리·자본 요소를 제외한 주변 운영 소프트웨어만 참고","6~8주 MVP","https://www.aarki.com/","https://www.sec.gov/Archives/edgar/data/1992145/000199214525000001/0001992145-25-000001-index.html"
"141","조건부","응용","B","65","direct","SiteVue AI Inc.","2026-05-13","TN","Other Technology","기타 기술","7000000","7000000","11","현장·건설·산업 운영","83","19","14","20","14","7","9","14","1~3개월","SiteVue는 AI 기반 비디오 분석을 사용하여 제조업체가 주기 시간 벤치마킹, 안전 모니터링 및 인력 생산성 통찰력을 통해 손실된 이익을 복구할 수 있도록 지원합니다. 몇 달이 아닌 며칠 만에 배포하세요.","SiteVue uses AI-powered video analytics to help manufacturers recover lost profit through cycle time benchmarking, safety monitoring, and workforce productivity insights. Deploy in days, not months.","현장 사진·완료서·견적·규정 증빙이 흩어져 청구와 공정 결정이 늦어지는 문제","작업사진·완료서·자재·견적을 청구와 규정 증빙으로 바꾸는 공종 하나의 도구","한 현장의 사진·작업일보를 기성·청구 증빙으로 변환하는 4주 유료 파일럿","업체당 월 70만~350만원 + 현장 수 + 초기 문서설정비","전문건설사·설비사·정비업체의 현장소장과 공무·청구 담당자","공종 협회, 세무·ERP·장비 파트너, 현장 사례 기반 직접 영업","공종별 문서·사진 판정, 청구 결과, 현장 시스템 연동과 예외 규칙","건설 공무·적산·견적 자동화가 인접하므로 전 공종 ERP보다 작업→청구 흐름에 집중","카카오톡 사진·HWP·세금계산서·공종 용어를 연결해 작업 완료→청구 한 공종으로 제한","한국 공종에서 검증한 뒤 일본·호주의 유사 현장 문서와 청구 흐름으로 확장","","공식 제품과 고객 인터뷰로 수요·가격·도입권한을 다시 검증","6~8주 MVP","https://www.sitevue.ai/","https://www.sec.gov/Archives/edgar/data/2099261/000209926126000003/0002099261-26-000003-index.html"
"142","조건부","응용","B","65","direct","ShelfCycle Inc.","2025-10-14","NY","Other Technology","기타 기술","4499999","3999999","4","재무·백오피스","83","18","14","20","13","8","10","14","1~3개월","ShelfCycle은 하나의 기록 시스템에서 주문, 재고, 위험 물질 문서, 화물, 인증서 및 실제 회계 등 화학 물질을 판매하기 위해 구축된 AI 기반 ERP입니다. 화학물질 유통을 위한 최신 운영 체제.","ShelfCycle is the AI-native ERP built for selling chemicals: orders, inventory, hazmat docs, freight, certs, and real accounting in one system of record. The modern operating system for chemical distribution.","계약·송장·입금·미수·회계 자료가 맞지 않아 현금 회수와 마감이 늦어지는 문제","계약·송장·입금·미수금의 불일치를 찾아 후속조치 초안을 만들고 사람이 승인","미수·송장 3개월치를 대조해 회수 우선순위와 고객별 후속문안을 제공하는 유료 진단","회사당 월 60만~300만원 + 온보딩비 또는 회수 성과수수료","계약·송장·입금·미수 관리가 복잡한 중소 B2B 기업 대표와 재무 담당자","회계사·세무사·ERP 파트너, 미수 회수·마감 단축 사례 기반 직접 영업","ERP·회계 연동, 예외·승인·회수 결과와 거래처별 지불 패턴","회계·세무 SaaS가 강하므로 불일치 탐지와 실제 회수 성과에 집중","ERP를 교체하지 않고 계약·전자세금계산서·입금 불일치와 후속조치를 연결","한국에서 회수·마감 성과를 검증한 뒤 싱가포르·호주 회계 연동으로 확장","핵심 시스템 연동 전 파일·이메일 입력으로 먼저 검증 | 범용 플랫폼 전체가 아니라 한 업무와 한 구매자만 선택","핵심 시스템 연동 전 파일·이메일 입력으로 먼저 검증","6~8주 MVP","https://shelfcycle.com/","https://www.sec.gov/Archives/edgar/data/2089370/000147083125000257/0001470831-25-000257-index.html"
"143","조건부","응용","B","65","direct","FirstShift Inc.","2025-07-10","CA","Other Technology","기타 기술","7840000","7589998","38","조달·물류·공급망","83","20","14","19","13","8","9","12","1~3개월","Firstshift는 엄격한 레거시 도구와 스프레드시트를 제조업체와 유통업체를 위한 AI 기반 수요 예측, 재고 계획, 시나리오 모델링으로 대체합니다.","Firstshift replaces rigid legacy tools and spreadsheets with AI-driven demand forecasting, inventory planning, and scenario modeling for manufacturers and distributors.","RFQ·견적·발주·선적 문서가 흩어져 가격·납기·승인 예외를 놓치는 문제","RFQ·견적·발주·선적 문서를 읽고 누락·가격변경·납기 예외를 한 품목군에서 처리","최근 RFQ·견적 100건을 표준화해 누락·가격차·미응답을 찾아주는 유료 업무진단","업체당 월 80만~400만원 + 문서/거래 건수 + 온보딩비","중소 제조·수출기업의 구매·영업·물류 책임자","ERP·관세·물류 파트너, 산업단지와 품목별 직접 영업","거래처별 예외, 품목 매핑, 견적·납기 결과와 승인 데이터","ERP는 강하지만 중소 제조업의 이메일·엑셀 예외 처리는 수작업인 경우가 많음","이메일·엑셀·거래처 품목명을 국내 RFQ·발주 문서 형식에 맞게 처리","한국 수출기업에서 시작해 일본·동남아 공급사 문서와 이메일·WhatsApp으로 확장","","공식 제품과 고객 인터뷰로 수요·가격·도입권한을 다시 검증","6~8주 MVP","https://firstshift.ai/","https://www.sec.gov/Archives/edgar/data/2074459/000207445925000001/0002074459-25-000001-index.html"
"144","비추천","관찰","C","58","direct","Gator Labs Inc.","2025-09-03","OH","Other Technology","기타 기술","3000000","2500000","5","개발도구·데이터","83","21","14","19","10","10","9","14","1~3개월","Gator.IO는 웹과 여러 기기의 사용자 데이터를 실시간 수집·프로파일링·세분화하고 봇 탐지, 품질 점수, 전환 분석을 제공하는 데이터 관리 플랫폼이다.","Data Management Platform - Gator.IO","코드·데이터·클라우드 맥락이 파편화돼 개발·분석·AI 배포의 오류와 대기시간이 늘어나는 문제","코드·티켓·문서 맥락, 생성코드 QA, 데이터 품질 중 평가 가능한 한 문제를 해결","고객 저장소·데이터셋 한 곳에서 오류 20건을 재현·분류하는 2주 유료 파일럿","개발자/데이터 사용자당 월 3만~20만원 + 기업 온보딩비","AI 기능을 운영하는 국내외 개발·데이터 팀과 소프트웨어 회사","오픈소스·기술 콘텐츠, 개발자 커뮤니티, 클라우드·SI 파트너","저장소·티켓 연동, 조직별 평가셋, 오류·수정·배포 결과 데이터","글로벌 개발도구와 국내 MSP가 강하므로 특정 평가셋이나 레거시 연동이 필요","한국 레거시·SI 스택의 코드·티켓·문서와 생성코드 QA처럼 현지 맥락이 필요한 문제로 진입","영문 제품과 API를 먼저 제공하고 평가셋·연동팩을 산업별로 확장","공식 제품 설명이 짧아 고객 인터뷰 전 제품 범위 확인 필요","공식 제품 설명이 짧아 고객 인터뷰 전 제품 범위 확인 필요","6~8주 MVP","https://gator.io/","https://www.sec.gov/Archives/edgar/data/2026096/000202609625000003/0002026096-25-000003-index.html"
"145","조건부","응용","B","65","adjacent","Phonely, Inc.","2026-03-30","CA","Other","기타","18349493","18349493","31","마케팅·영업·고객운영","83","21","14","18","14","10","6","12","1~3개월","Phonely의 AI 전화 상담원은 모든 전화에 응답하고, 약속을 예약하고, 고객 지원을 연중무휴 24시간 처리합니다. 전 세계 10,000개 이상의 기업이 신뢰합니다.","Phonely s AI phone agents answer every call, book appointments, and handle customer support 24/7. Trusted by 10,000+ businesses worldwide.","콘텐츠·문의·고객대화가 매출 행동으로 연결되지 않고 사람이 채널마다 반복 처리하는 문제","문의·리뷰·콘텐츠를 예약·구매·재방문 행동까지 연결하는 업종 특화 도구","최근 문의·리뷰 200건을 매출 행동으로 분류하고 2주간 후속메시지를 실행하는 유료 파일럿","브랜드/지점당 월 30만~200만원 + 채널·전환 건수","예약·상담·반복구매가 중요한 중소 브랜드와 서비스업체","네이버·카카오·스마트스토어 대행사, 업종 커뮤니티, 매출 사례 직접 영업","채널 연동, 업종별 콘텐츠·대화 성과와 실제 예약·구매 전환 데이터","CRM·채널 상담 도구가 많으므로 업종별 예약·매출 귀속까지 완료해야 차별화","네이버·카카오·인스타그램·스마트스토어 문의를 예약·구매·재방문 결과까지 연결","한국 업종별 전환 데이터를 쌓은 뒤 일본 LINE과 동남아 WhatsApp으로 확장","대기업·공공 조달과 보안심사로 첫 매출이 느릴 수 있음 | 원회사는 소프트웨어 전용이 아니므로 AI 업무전환 가설을 추가 검증","대기업·공공 조달과 보안심사로 첫 매출이 느릴 수 있음","6~8주 MVP","https://www.phonely.ai/","https://www.sec.gov/Archives/edgar/data/2106702/000210670226000001/0002106702-26-000001-index.html"
"146","조건부","응용","B","65","direct","Beacon Technology Solutions Inc.","2025-05-29","IL","Other Technology","기타 기술","3852123","3852123","31","조달·물류·공급망","83","18","13","20","13","9","10","14","1~3개월","공급망 가시성의 진화. 스프레드시트가 자동으로 업데이트되고 알림이 자동으로 이루어지며 팀이 실시간으로 협업하는 AI 공급망 작업 공간입니다.","The evolution of supply chain visibility. AI supply chain workspace where your spreadsheet updates itself, notifications are automatic, and teams collaborate in real-time.","RFQ·견적·발주·선적 문서가 흩어져 가격·납기·승인 예외를 놓치는 문제","RFQ·견적·발주·선적 문서를 읽고 누락·가격변경·납기 예외를 한 품목군에서 처리","최근 RFQ·견적 100건을 표준화해 누락·가격차·미응답을 찾아주는 유료 업무진단","업체당 월 80만~400만원 + 문서/거래 건수 + 온보딩비","중소 제조·수출기업의 구매·영업·물류 책임자","ERP·관세·물류 파트너, 산업단지와 품목별 직접 영업","거래처별 예외, 품목 매핑, 견적·납기 결과와 승인 데이터","ERP는 강하지만 중소 제조업의 이메일·엑셀 예외 처리는 수작업인 경우가 많음","이메일·엑셀·거래처 품목명을 국내 RFQ·발주 문서 형식에 맞게 처리","한국 수출기업에서 시작해 일본·동남아 공급사 문서와 이메일·WhatsApp으로 확장","핵심 시스템 연동 전 파일·이메일 입력으로 먼저 검증","핵심 시스템 연동 전 파일·이메일 입력으로 먼저 검증","6~8주 MVP","https://beacon.com/","https://www.sec.gov/Archives/edgar/data/2067566/000206756625000001/0002067566-25-000001-index.html"
"147","조건부","응용","A","85","direct","Helmet Security, Inc.","2025-12-30","DC","Other Technology","기타 기술","6700000","6700000","3","보안·AI 거버넌스","83","18","13","18","14","10","10","15","1~3개월","AI 에이전트·MCP 서버·스킬·플러그인의 활동을 발견하고 정책을 적용하며 감사 증빙을 남기는 보안 플랫폼이다.","Security for all agentic activity: AI agents, MCP servers, skills, plugins, and gateways. Real-time policy enforcement and agentless discovery via your existing security stack.","AI·클라우드 도구가 늘면서 권한·정책·사고·감사 증빙을 사람이 연결하기 어려운 문제","전체 보안제품 대신 AI 에이전트·MCP 사용대장, 승인, 권한, 실행로그, 감사증빙 한 흐름에 집중","조직의 AI 도구·에이전트를 2주간 발견하고 위험·권한·감사로그를 정리하는 유료 진단","회사당 월 100만~600만원 + 규정팩 + 감사 온보딩비","AI 에이전트를 도입한 스타트업·중견기업의 보안·개발 책임자","ISMS·보안 컨설턴트, MSP, AI 구축사와 규정 대응 콘텐츠","권한 그래프, 증빙 자동수집, 정책·사고·승인 데이터와 규정 매핑","대기업용 GRC가 존재하므로 중견·스타트업의 AI 에이전트 감사증빙에 집중","AI 기본법·ISMS용 에이전트 사용대장·승인·실행로그·감사 내보내기로 진입","한국 규정팩을 검증한 뒤 EU·싱가포르 규정팩과 데이터 처리 옵션을 추가","","공식 제품과 고객 인터뷰로 수요·가격·도입권한을 다시 검증","6~8주 MVP","https://www.helmetsecurity.com/","https://www.sec.gov/Archives/edgar/data/2102626/000123191925000677/0001231919-25-000677-index.html"
"148","조건부","응용","B","65","direct","CodeIntegrity, Inc","2026-03-16","WA","Other Technology","기타 기술","5250000","4805008","4","보안·AI 거버넌스","83","18","13","18","14","10","10","16","1~3개월","CodeIntegrity는 작업이 프로덕션에 도달하기 전에 AI 에이전트 도구 호출, 데이터 이동, 승인 및 실행 증거를 제어합니다. 신속한 주입, MCP, 데이터 유출 및 과도한 대행사 위험을 위해 구축되었습니다.","CodeIntegrity controls AI agent tool calls, data movement, approvals, and execution evidence before actions reach production. Built for prompt injection, MCP, data leakage, and excessive agency risks.","AI·클라우드 도구가 늘면서 권한·정책·사고·감사 증빙을 사람이 연결하기 어려운 문제","전체 보안제품 대신 AI 에이전트·MCP 사용대장, 승인, 권한, 실행로그, 감사증빙 한 흐름에 집중","조직의 AI 도구·에이전트를 2주간 발견하고 위험·권한·감사로그를 정리하는 유료 진단","회사당 월 100만~600만원 + 규정팩 + 감사 온보딩비","AI 에이전트를 도입한 스타트업·중견기업의 보안·개발 책임자","ISMS·보안 컨설턴트, MSP, AI 구축사와 규정 대응 콘텐츠","권한 그래프, 증빙 자동수집, 정책·사고·승인 데이터와 규정 매핑","대기업용 GRC가 존재하므로 중견·스타트업의 AI 에이전트 감사증빙에 집중","AI 기본법·ISMS용 에이전트 사용대장·승인·실행로그·감사 내보내기로 진입","한국 규정팩을 검증한 뒤 EU·싱가포르 규정팩과 데이터 처리 옵션을 추가","","공식 제품과 고객 인터뷰로 수요·가격·도입권한을 다시 검증","6~8주 MVP","https://www.codeintegrity.ai/","https://www.sec.gov/Archives/edgar/data/2111937/000211193726000002/0002111937-26-000002-index.html"
"149","조건부","응용","B","65","direct","MetaCTF, Inc.","2026-03-27","VA","Other Technology","기타 기술","1000000","1000000","1","보안·AI 거버넌스","83","18","13","18","14","10","10","13","1~3개월","MetaCTF는 기업이 직원을 더 쉽게 채용, 유지, 기술 향상할 수 있도록 하여 직원과 고객 데이터를 보호하도록 돕습니다.","MetaCTF helps companies protect their employee and customer data by making it easier to hire, retain, and upskill their workforce.","AI·클라우드 도구가 늘면서 권한·정책·사고·감사 증빙을 사람이 연결하기 어려운 문제","전체 보안제품 대신 AI 에이전트·MCP 사용대장, 승인, 권한, 실행로그, 감사증빙 한 흐름에 집중","조직의 AI 도구·에이전트를 2주간 발견하고 위험·권한·감사로그를 정리하는 유료 진단","회사당 월 100만~600만원 + 규정팩 + 감사 온보딩비","AI 에이전트를 도입한 스타트업·중견기업의 보안·개발 책임자","ISMS·보안 컨설턴트, MSP, AI 구축사와 규정 대응 콘텐츠","권한 그래프, 증빙 자동수집, 정책·사고·승인 데이터와 규정 매핑","대기업용 GRC가 존재하므로 중견·스타트업의 AI 에이전트 감사증빙에 집중","AI 기본법·ISMS용 에이전트 사용대장·승인·실행로그·감사 내보내기로 진입","한국 규정팩을 검증한 뒤 EU·싱가포르 규정팩과 데이터 처리 옵션을 추가","","공식 제품과 고객 인터뷰로 수요·가격·도입권한을 다시 검증","6~8주 MVP","https://metactf.com/","https://www.sec.gov/Archives/edgar/data/2123660/000212366026000001/0002123660-26-000001-index.html"
"150","조건부","응용","B","65","direct","Conveyor Inc.","2025-06-12","CA","Other Technology","기타 기술","21000000","21000000","7","보안·AI 거버넌스","83","18","12","20","13","10","10","10","1~3개월","AI로 고객 보안 설문지를 자동화하세요. 검토 시간을 83% 단축하고 연간 $100,000 이상을 절약하세요. 정확성 때문에 기업 팀의 신뢰를 받습니다.","Automate customer security questionnaires with AI. Cut review time by 83%, save $100K+ annually. Trusted by enterprise teams for accuracy.","AI·클라우드 도구가 늘면서 권한·정책·사고·감사 증빙을 사람이 연결하기 어려운 문제","전체 보안제품 대신 AI 에이전트·MCP 사용대장, 승인, 권한, 실행로그, 감사증빙 한 흐름에 집중","조직의 AI 도구·에이전트를 2주간 발견하고 위험·권한·감사로그를 정리하는 유료 진단","회사당 월 100만~600만원 + 규정팩 + 감사 온보딩비","AI 에이전트를 도입한 스타트업·중견기업의 보안·개발 책임자","ISMS·보안 컨설턴트, MSP, AI 구축사와 규정 대응 콘텐츠","권한 그래프, 증빙 자동수집, 정책·사고·승인 데이터와 규정 매핑","대기업용 GRC가 존재하므로 중견·스타트업의 AI 에이전트 감사증빙에 집중","AI 기본법·ISMS용 에이전트 사용대장·승인·실행로그·감사 내보내기로 진입","한국 규정팩을 검증한 뒤 EU·싱가포르 규정팩과 데이터 처리 옵션을 추가","","공식 제품과 고객 인터뷰로 수요·가격·도입권한을 다시 검증","6~8주 MVP","https://www.conveyor.com/","https://www.sec.gov/Archives/edgar/data/1996134/000199613425000002/0001996134-25-000002-index.html"
"151","조건부","응용","B","65","direct","RunReveal, Inc.","2025-04-18","TX","Other","기타","9500016","9500014","21","보안·AI 거버넌스","83","18","12","20","13","10","10","12","1~3개월","RunReveal의 최신 SIEM 플랫폼을 사용하여 보안 로그를 실행 가능한 통찰력으로 전환하세요. 예측 가능한 비용으로 탐지, 조사, 데이터 레이크, AI 기능을 통합하세요.","Transform security logs into actionable insights with RunReveal s modern SIEM platform. Unify detection, investigation, data lake, and AI capabilities at predictable costs.","AI·클라우드 도구가 늘면서 권한·정책·사고·감사 증빙을 사람이 연결하기 어려운 문제","전체 보안제품 대신 AI 에이전트·MCP 사용대장, 승인, 권한, 실행로그, 감사증빙 한 흐름에 집중","조직의 AI 도구·에이전트를 2주간 발견하고 위험·권한·감사로그를 정리하는 유료 진단","회사당 월 100만~600만원 + 규정팩 + 감사 온보딩비","AI 에이전트를 도입한 스타트업·중견기업의 보안·개발 책임자","ISMS·보안 컨설턴트, MSP, AI 구축사와 규정 대응 콘텐츠","권한 그래프, 증빙 자동수집, 정책·사고·승인 데이터와 규정 매핑","대기업용 GRC가 존재하므로 중견·스타트업의 AI 에이전트 감사증빙에 집중","AI 기본법·ISMS용 에이전트 사용대장·승인·실행로그·감사 내보내기로 진입","한국 규정팩을 검증한 뒤 EU·싱가포르 규정팩과 데이터 처리 옵션을 추가","","공식 제품과 고객 인터뷰로 수요·가격·도입권한을 다시 검증","6~8주 MVP","https://runreveal.com/","https://www.sec.gov/Archives/edgar/data/1968741/000196874125000002/0001968741-25-000002-index.html"
"152","조건부","응용","B","65","direct","CodeROI, Inc.","2026-03-10","TX","Other Technology","기타 기술","","4000000","1","보안·AI 거버넌스","83","18","12","20","13","10","10","13","1~3개월","코드베이스에서 R&D 세금 공제, 섹션 174A 공제 및 소프트웨어 자본화를 자동화합니다. 감사 준비가 된 증거이며 엔지니어 설문 조사가 없습니다.","Automate R&D tax credits, Section 174A deductions, and software capitalization from your codebase. Audit-ready evidence, no engineer surveys.","AI·클라우드 도구가 늘면서 권한·정책·사고·감사 증빙을 사람이 연결하기 어려운 문제","전체 보안제품 대신 AI 에이전트·MCP 사용대장, 승인, 권한, 실행로그, 감사증빙 한 흐름에 집중","조직의 AI 도구·에이전트를 2주간 발견하고 위험·권한·감사로그를 정리하는 유료 진단","회사당 월 100만~600만원 + 규정팩 + 감사 온보딩비","AI 에이전트를 도입한 스타트업·중견기업의 보안·개발 책임자","ISMS·보안 컨설턴트, MSP, AI 구축사와 규정 대응 콘텐츠","권한 그래프, 증빙 자동수집, 정책·사고·승인 데이터와 규정 매핑","대기업용 GRC가 존재하므로 중견·스타트업의 AI 에이전트 감사증빙에 집중","AI 기본법·ISMS용 에이전트 사용대장·승인·실행로그·감사 내보내기로 진입","한국 규정팩을 검증한 뒤 EU·싱가포르 규정팩과 데이터 처리 옵션을 추가","","공식 제품과 고객 인터뷰로 수요·가격·도입권한을 다시 검증","6~8주 MVP","https://www.coderoi.com/","https://www.sec.gov/Archives/edgar/data/2116675/000211667526000002/0002116675-26-000002-index.html"
"153","조건부","응용","B","65","direct","AUTHMIND, INC.","2025-04-24","MD","Other Technology","기타 기술","1735000","1735000","10","보안·AI 거버넌스","83","18","12","20","13","10","10","14","1~3개월","AuthMind는 사람·비인간·AI 에이전트의 접근과 활동을 지속적으로 관찰해 신원 위협을 탐지하고 대응하는 보안 플랫폼이다.","AuthMind delivers identity observability that empowers organizations to protect agentic AI, non-human, and human identities. By monitoring every access and understanding every activity, AuthMind transforms identity security from static, policy-based controls into dynamic, AI-driven protection. With advanced agentic AI security, continuous observability, and real-time insight, organizations gain the visibility and…","AI·클라우드 도구가 늘면서 권한·정책·사고·감사 증빙을 사람이 연결하기 어려운 문제","전체 보안제품 대신 AI 에이전트·MCP 사용대장, 승인, 권한, 실행로그, 감사증빙 한 흐름에 집중","조직의 AI 도구·에이전트를 2주간 발견하고 위험·권한·감사로그를 정리하는 유료 진단","회사당 월 100만~600만원 + 규정팩 + 감사 온보딩비","AI 에이전트를 도입한 스타트업·중견기업의 보안·개발 책임자","ISMS·보안 컨설턴트, MSP, AI 구축사와 규정 대응 콘텐츠","권한 그래프, 증빙 자동수집, 정책·사고·승인 데이터와 규정 매핑","대기업용 GRC가 존재하므로 중견·스타트업의 AI 에이전트 감사증빙에 집중","AI 기본법·ISMS용 에이전트 사용대장·승인·실행로그·감사 내보내기로 진입","한국 규정팩을 검증한 뒤 EU·싱가포르 규정팩과 데이터 처리 옵션을 추가","","공식 제품과 고객 인터뷰로 수요·가격·도입권한을 다시 검증","6~8주 MVP","https://www.authmind.com/","https://www.sec.gov/Archives/edgar/data/1981601/000198160125000002/0001981601-25-000002-index.html"
"154","조건부","응용","B","65","direct","SumX, Inc","2025-08-14","VA","Computers","컴퓨터","2000000","1050000","20","재무·백오피스","83","19","12","20","13","9","10","14","1~3개월","SumX는 프로젝트 기반 팀이 하나의 최신 ERP 플랫폼에서 회계, 시간, 비용, 보고 및 규정 준수를 관리하는 데 도움이 됩니다.","SumX helps project-based teams manage accounting, time, expense, reporting, and compliance in one modern ERP platform.","계약·송장·입금·미수·회계 자료가 맞지 않아 현금 회수와 마감이 늦어지는 문제","계약·송장·입금·미수금의 불일치를 찾아 후속조치 초안을 만들고 사람이 승인","미수·송장 3개월치를 대조해 회수 우선순위와 고객별 후속문안을 제공하는 유료 진단","회사당 월 60만~300만원 + 온보딩비 또는 회수 성과수수료","계약·송장·입금·미수 관리가 복잡한 중소 B2B 기업 대표와 재무 담당자","회계사·세무사·ERP 파트너, 미수 회수·마감 단축 사례 기반 직접 영업","ERP·회계 연동, 예외·승인·회수 결과와 거래처별 지불 패턴","회계·세무 SaaS가 강하므로 불일치 탐지와 실제 회수 성과에 집중","ERP를 교체하지 않고 계약·전자세금계산서·입금 불일치와 후속조치를 연결","한국에서 회수·마감 성과를 검증한 뒤 싱가포르·호주 회계 연동으로 확장","대기업·공공 조달과 보안심사로 첫 매출이 느릴 수 있음 | 핵심 시스템 연동 전 파일·이메일 입력으로 먼저 검증","대기업·공공 조달과 보안심사로 첫 매출이 느릴 수 있음","6~8주 MVP","https://sumxai.com/","https://www.sec.gov/Archives/edgar/data/2081378/000208137825000001/0002081378-25-000001-index.html"
"155","조건부","응용","B","65","direct","Doppler AI, Inc.","2026-02-12","NY","Other Technology","기타 기술","5000000","185000","4","보안·AI 거버넌스","83","18","12","20","13","10","10","16","1~3개월","Doppler의 비밀 관리 플랫폼은 팀이 보안 및 개발자 친화적인 워크플로를 통해 클라우드 및 온프레미스 환경 전반에서 비밀을 보호, 동기화 및 자동화하는 데 도움이 됩니다.","Doppler s secrets management platform helps teams secure, sync, and automate secrets across cloud and on-prem environments with security and developer-friendly workflows.","AI·클라우드 도구가 늘면서 권한·정책·사고·감사 증빙을 사람이 연결하기 어려운 문제","전체 보안제품 대신 AI 에이전트·MCP 사용대장, 승인, 권한, 실행로그, 감사증빙 한 흐름에 집중","조직의 AI 도구·에이전트를 2주간 발견하고 위험·권한·감사로그를 정리하는 유료 진단","회사당 월 100만~600만원 + 규정팩 + 감사 온보딩비","AI 에이전트를 도입한 스타트업·중견기업의 보안·개발 책임자","ISMS·보안 컨설턴트, MSP, AI 구축사와 규정 대응 콘텐츠","권한 그래프, 증빙 자동수집, 정책·사고·승인 데이터와 규정 매핑","대기업용 GRC가 존재하므로 중견·스타트업의 AI 에이전트 감사증빙에 집중","AI 기본법·ISMS용 에이전트 사용대장·승인·실행로그·감사 내보내기로 진입","한국 규정팩을 검증한 뒤 EU·싱가포르 규정팩과 데이터 처리 옵션을 추가","","공식 제품과 고객 인터뷰로 수요·가격·도입권한을 다시 검증","6~8주 MVP","https://www.doppler.com/","https://www.sec.gov/Archives/edgar/data/2107329/000210732926000001/0002107329-26-000001-index.html"
"156","조건부","응용","B","65","direct","BioSked, Inc.","2025-09-11","NY","Other Technology","기타 기술","1700000","122756","1","보안·AI 거버넌스","83","18","12","20","13","10","10","11","1~3개월","BioSked의 Momentum: 병원, 진료소 및 의료 행위를 위한 AI 기반 일정 관리 소프트웨어입니다. 방사선과, 응급의학, 마취과, 전문 그룹의 신뢰를 받고 있습니다. 의사 일정, RVU 추적 및 규정 준수를 자동화합니다. 무료로 시작하세요.","Momentum by BioSked: AI-powered scheduling software for hospitals, clinics, and medical practices. Trusted by radiology, emergency medicine, anesthesiology, and specialty groups. Automate physician schedules, RVU tracking, and compliance. Start free.","AI·클라우드 도구가 늘면서 권한·정책·사고·감사 증빙을 사람이 연결하기 어려운 문제","전체 보안제품 대신 AI 에이전트·MCP 사용대장, 승인, 권한, 실행로그, 감사증빙 한 흐름에 집중","조직의 AI 도구·에이전트를 2주간 발견하고 위험·권한·감사로그를 정리하는 유료 진단","회사당 월 100만~600만원 + 규정팩 + 감사 온보딩비","AI 에이전트를 도입한 스타트업·중견기업의 보안·개발 책임자","ISMS·보안 컨설턴트, MSP, AI 구축사와 규정 대응 콘텐츠","권한 그래프, 증빙 자동수집, 정책·사고·승인 데이터와 규정 매핑","대기업용 GRC가 존재하므로 중견·스타트업의 AI 에이전트 감사증빙에 집중","AI 기본법·ISMS용 에이전트 사용대장·승인·실행로그·감사 내보내기로 진입","한국 규정팩을 검증한 뒤 EU·싱가포르 규정팩과 데이터 처리 옵션을 추가","","공식 제품과 고객 인터뷰로 수요·가격·도입권한을 다시 검증","6~8주 MVP","https://biosked.com/","https://www.sec.gov/Archives/edgar/data/1896639/000089183925000039/0000891839-25-000039-index.html"
"157","추천","핵심","B","65","direct","Belay Inc.","2025-04-15","CA","Other Technology","기타 기술","4250000","3200000","1","인력·교육·온보딩","82","22","17","15","12","8","8","11","30일","Belay AI는 등반 동작과 생체정보를 분석해 실시간 성과 분석과 개인별 훈련 피드백을 제공한다.","Belay AI - the future of climbing performance enhancement. Our AI-powered technology offers climbers real-time analytics and personalized insights to elevate their skills. Explore how our technology revolutionizes climbing training, from biometric evaluation to learning analytics, tailored for climbers of all levels. Join us in our mission to transform climbing with AI and reach new heights safely and…","채용·교육·온보딩이 문서 전달에 머물러 실제 업무 수행과 규정 이수를 측정하기 어려운 문제","한 직군의 실제 업무 문서로 온보딩·역할별 코칭·이수·업무수행 증빙을 자동화","신규직원 한 역할의 문서·상황 20개를 평가형 온보딩으로 바꾸는 유료 제작 파일럿","사용자당 월 2만~10만원 + 콘텐츠 구축비 200만~1,000만원","현장·서비스 직군을 반복 채용하는 중소·중견기업의 인사·교육 책임자","직군 협회, HR·LMS 파트너, 교육기관과 역할별 평가 콘텐츠","직군별 평가·성과 데이터, 사내문서 연동과 실제 업무수행 결과","채용·교육 도구가 많으므로 콘텐츠 전달보다 실제 업무수행 측정에 집중","한 직군의 역할극·업무 증빙을 국내 규정과 조직 용어에 맞게 제공","한국에서 한 직군을 검증한 뒤 일본·동남아 현지 언어·규정 평가팩으로 확장","","공식 제품과 고객 인터뷰로 수요·가격·도입권한을 다시 검증","4~6주 MVP","https://belay.ai/","https://www.sec.gov/Archives/edgar/data/1871287/000187128725000002/0001871287-25-000002-index.html"
"158","추천","핵심","B","65","direct","TeamSense Inc.","2025-08-12","WA","Other Technology","기타 기술","19500000","19500000","7","인력·교육·온보딩","82","20","16","17","12","9","8","10","1~3개월","TeamSense는 텍스트 기반 커뮤니케이션, 출석 추적 및 HRIS 통합을 통해 인력 관리를 단순화합니다. 앱이 필요하지 않습니다. 팀의 연결을 유지하세요.","TeamSense simplifies workforce management with text-based communication, attendance tracking, and HRIS integration—no apps needed. Keep teams connected.","채용·교육·온보딩이 문서 전달에 머물러 실제 업무 수행과 규정 이수를 측정하기 어려운 문제","한 직군의 실제 업무 문서로 온보딩·역할별 코칭·이수·업무수행 증빙을 자동화","신규직원 한 역할의 문서·상황 20개를 평가형 온보딩으로 바꾸는 유료 제작 파일럿","사용자당 월 2만~10만원 + 콘텐츠 구축비 200만~1,000만원","현장·서비스 직군을 반복 채용하는 중소·중견기업의 인사·교육 책임자","직군 협회, HR·LMS 파트너, 교육기관과 역할별 평가 콘텐츠","직군별 평가·성과 데이터, 사내문서 연동과 실제 업무수행 결과","채용·교육 도구가 많으므로 콘텐츠 전달보다 실제 업무수행 측정에 집중","한 직군의 역할극·업무 증빙을 국내 규정과 조직 용어에 맞게 제공","한국에서 한 직군을 검증한 뒤 일본·동남아 현지 언어·규정 평가팩으로 확장","범용 플랫폼 전체가 아니라 한 업무와 한 구매자만 선택","범용 플랫폼 전체가 아니라 한 업무와 한 구매자만 선택","6~8주 MVP","https://teamsense.com/","https://www.sec.gov/Archives/edgar/data/1970763/000197076325000002/0001970763-25-000002-index.html"
"159","조건부","응용","A","78","direct","Vertical Insure, Inc.","2025-06-12","MN","Other Banking and Financial Services","기타","8515200","8515200","12","보험 운영","82","18","15","20","13","7","9","15","1~3개월","고객사의 산업에 맞는 당사의 맞춤형 솔루션을 사용하여 모든 온라인 거래에 보험을 포함시키십시오.","Make embedded insurance a part of every online transaction with our customized solutions for your industry.","보험 서류·갱신·담보·청구 예외가 상품과 포털마다 달라 반복 작업이 커지는 문제","보험 판단 대신 서류 접수·증빙 누락·갱신 후속조치처럼 브로커 운영을 자동화","갱신·청구 파일 100건의 누락·미응답을 찾아 우선순위와 후속문안을 제공하는 유료 진단","브로커/지점당 월 80만~400만원 + 처리 건수","GA·보험 브로커·대리점의 운영·갱신·청구 담당자","보험대리점 네트워크, GA 시스템 파트너, 갱신·누락 사례 기반 영업","보험사별 포털·서류·예외, 갱신·완료 결과와 사람 승인 데이터","보험사·GA 솔루션이 존재하므로 자문·심사보다 서류와 갱신 운영으로 제한","보험 판단은 제외하고 서류 접수·증빙 누락·갱신 후속조치에 집중","현지 브로커 파트너 방식으로 한 국가의 포털·문서부터 확장","","공식 제품과 고객 인터뷰로 수요·가격·도입권한을 다시 검증","6~8주 MVP","https://verticalinsure.com/","https://www.sec.gov/Archives/edgar/data/1960087/000143774925020203/0001437749-25-020203-index.html"
"160","조건부","응용","B","65","direct","1Fort Inc.","2025-04-17","NY","Other Technology","기타 기술","9853517","9853517","24","보험 운영","82","18","15","20","13","7","9","12","1~3개월","보험사 시간과 비용을 절약하도록 설계된 AI 플랫폼입니다.","The AI platform designed to save insurance agencies time and money.","보험 서류·갱신·담보·청구 예외가 상품과 포털마다 달라 반복 작업이 커지는 문제","보험 판단 대신 서류 접수·증빙 누락·갱신 후속조치처럼 브로커 운영을 자동화","갱신·청구 파일 100건의 누락·미응답을 찾아 우선순위와 후속문안을 제공하는 유료 진단","브로커/지점당 월 80만~400만원 + 처리 건수","GA·보험 브로커·대리점의 운영·갱신·청구 담당자","보험대리점 네트워크, GA 시스템 파트너, 갱신·누락 사례 기반 영업","보험사별 포털·서류·예외, 갱신·완료 결과와 사람 승인 데이터","보험사·GA 솔루션이 존재하므로 자문·심사보다 서류와 갱신 운영으로 제한","보험 판단은 제외하고 서류 접수·증빙 누락·갱신 후속조치에 집중","현지 브로커 파트너 방식으로 한 국가의 포털·문서부터 확장","","공식 제품과 고객 인터뷰로 수요·가격·도입권한을 다시 검증","6~8주 MVP","https://1fort.ai/","https://www.sec.gov/Archives/edgar/data/2052979/000205297925000002/0002052979-25-000002-index.html"
"161","조건부","응용","B","73","adjacent","Beckley Retreats, P.B.C.","2026-04-15","MD","Other","기타","6820553","6068483","26","법률·전문서비스 운영","82","20","15","18","13","8","8","14","1~3개월","준비, 체계화된 경험 및 통합 지원을 통해 자메이카와 네덜란드에서 합법적인 가이드 실로시빈 수련회를 제공합니다.","Legal, guided psilocybin retreats in Jamaica and the Netherlands, with preparation, structured experiences, and integration support.","전문가가 사건 접수·자료 회수·문서 검수·기한·청구를 수작업하는 문제","사건 접수·자료회수·증거 타임라인·문서 품질검사·청구 가능 활동 포착 중 하나를 자동화","과거 사건 20건에서 누락 자료·기한·청구 가능 시간을 찾아주는 유료 업무감사","사용자당 월 15만~60만원 + 구축비 또는 복원매출 수수료","로펌·노무·특허·세무·손해사정 사무소 대표와 사건 운영자","전문가 협회·교육·서식 파트너와 복원매출 사례 기반 직접 영업","한국 문서·업무 템플릿, 전문가 수정 이력, 사건·청구 결과 라벨","리걸 AI 경쟁이 강하므로 사건 운영과 청구 가능한 활동 포착 같은 좁은 흐름이 필요","범용 법률답변보다 HWP 문서 QA·자료회수·기한·청구 누수에 집중하고 전문가 승인을 유지","한국 전문서비스에서 검증한 뒤 일본과 영문권 문서·청구 워크플로로 확장","원회사는 소프트웨어 전용이 아니므로 AI 업무전환 가설을 추가 검증","원회사는 소프트웨어 전용이 아니므로 AI 업무전환 가설을 추가 검증","6~8주 MVP","https://www.beckleyretreats.com/","https://www.sec.gov/Archives/edgar/data/2124032/000212403226000001/0002124032-26-000001-index.html"
"162","조건부","응용","B","65","direct","FINSTER AI, INC.","2026-04-14","NY","Other Technology","기타 기술","34500000","26499992","1","재무·백오피스","82","19","14","20","11","9","9","9","1~3개월","Finster는 금융 분야 AI 연구 파트너입니다. 투자 은행 및 자산 관리 팀을 위한 개인화되고 사전 대응적인 개인 인텔리전스입니다.","Finster is your AI research partner for finance. Personalized, proactive, and private intelligence for investment banking and asset management teams.","계약·송장·입금·미수·회계 자료가 맞지 않아 현금 회수와 마감이 늦어지는 문제","계약·송장·입금·미수금의 불일치를 찾아 후속조치 초안을 만들고 사람이 승인","미수·송장 3개월치를 대조해 회수 우선순위와 고객별 후속문안을 제공하는 유료 진단","회사당 월 60만~300만원 + 온보딩비 또는 회수 성과수수료","계약·송장·입금·미수 관리가 복잡한 중소 B2B 기업 대표와 재무 담당자","회계사·세무사·ERP 파트너, 미수 회수·마감 단축 사례 기반 직접 영업","ERP·회계 연동, 예외·승인·회수 결과와 거래처별 지불 패턴","회계·세무 SaaS가 강하므로 불일치 탐지와 실제 회수 성과에 집중","ERP를 교체하지 않고 계약·전자세금계산서·입금 불일치와 후속조치를 연결","한국에서 회수·마감 성과를 검증한 뒤 싱가포르·호주 회계 연동으로 확장","규제 판단을 제외하고 사람 승인형 운영 보조로 제한","규제 판단을 제외하고 사람 승인형 운영 보조로 제한","6~8주 MVP","https://www.finster.ai/","https://www.sec.gov/Archives/edgar/data/2005725/000200572526000005/0002005725-26-000005-index.html"
"163","조건부","응용","B","65","direct","Troutwood, Inc.","2026-03-20","PA","Other Technology","기타 기술","8000000","2939999","8","재무·백오피스","82","19","14","20","11","9","9","16","1~3개월","금융은 진화하고 있다. 그것으로 성장하십시오. Troutwood는 참여를 통해 재무 계획 및 건강을 재정의하여 고문, 조직 및 전문가에게 권한을 부여합니다.","Finance is evolving. Grow with it. Troutwood redefines financial planning and wellness through engagement—empowering advisors, organizations, and experts.","계약·송장·입금·미수·회계 자료가 맞지 않아 현금 회수와 마감이 늦어지는 문제","계약·송장·입금·미수금의 불일치를 찾아 후속조치 초안을 만들고 사람이 승인","미수·송장 3개월치를 대조해 회수 우선순위와 고객별 후속문안을 제공하는 유료 진단","회사당 월 60만~300만원 + 온보딩비 또는 회수 성과수수료","계약·송장·입금·미수 관리가 복잡한 중소 B2B 기업 대표와 재무 담당자","회계사·세무사·ERP 파트너, 미수 회수·마감 단축 사례 기반 직접 영업","ERP·회계 연동, 예외·승인·회수 결과와 거래처별 지불 패턴","회계·세무 SaaS가 강하므로 불일치 탐지와 실제 회수 성과에 집중","ERP를 교체하지 않고 계약·전자세금계산서·입금 불일치와 후속조치를 연결","한국에서 회수·마감 성과를 검증한 뒤 싱가포르·호주 회계 연동으로 확장","규제 판단을 제외하고 사람 승인형 운영 보조로 제한","규제 판단을 제외하고 사람 승인형 운영 보조로 제한","6~8주 MVP","https://www.troutwood.com/","https://www.sec.gov/Archives/edgar/data/2042754/000204275426000001/0002042754-26-000001-index.html"
"164","조건부","응용","B","65","direct","OpsLab, Inc.","2025-04-11","TX","Other Technology","기타 기술","8816252","4024997","4","조달·물류·공급망","82","18","13","20","13","9","9","14","1~3개월","우리의 솔루션을 찾아보세요. OpsLab은 혁신적인 자산 관리 소프트웨어를 사용하여 전투원의 작전 준비 상태를 개선합니다. 우리는 비행 편대가 미래 지향적인 비행 일정을 자동으로 구축하고, 중요한 자원을 최적화하고, 물류를 단순화할 수 있도록 지원합니다. 우리의 스마트 어시스턴트는 대규모 운영 계획, 추적 및 복구 문제를 해결합니다.","Discover our solution. OpsLab uses innovative asset management software to improve operational readiness for warfighters. We enable flying squadrons to automatically build forward-looking flight schedules, optimize critical resources, and simplify logistics. Our smart assistants solve operational planning, tracking, and recovery problems at scale.","RFQ·견적·발주·선적 문서가 흩어져 가격·납기·승인 예외를 놓치는 문제","RFQ·견적·발주·선적 문서를 읽고 누락·가격변경·납기 예외를 한 품목군에서 처리","최근 RFQ·견적 100건을 표준화해 누락·가격차·미응답을 찾아주는 유료 업무진단","업체당 월 80만~400만원 + 문서/거래 건수 + 온보딩비","중소 제조·수출기업의 구매·영업·물류 책임자","ERP·관세·물류 파트너, 산업단지와 품목별 직접 영업","거래처별 예외, 품목 매핑, 견적·납기 결과와 승인 데이터","ERP는 강하지만 중소 제조업의 이메일·엑셀 예외 처리는 수작업인 경우가 많음","이메일·엑셀·거래처 품목명을 국내 RFQ·발주 문서 형식에 맞게 처리","한국 수출기업에서 시작해 일본·동남아 공급사 문서와 이메일·WhatsApp으로 확장","범용 플랫폼 전체가 아니라 한 업무와 한 구매자만 선택","범용 플랫폼 전체가 아니라 한 업무와 한 구매자만 선택","6~8주 MVP","https://www.opslab.com/","https://www.sec.gov/Archives/edgar/data/1999976/000199997625000002/0001999976-25-000002-index.html"
"165","조건부","응용","B","65","direct","TRIPWORKS, INC.","2025-09-04","NJ","Other Technology","기타 기술","6000000","","0","조달·물류·공급망","82","18","13","20","13","9","9","3","1~3개월","TripWorks는 투어·액티비티·관광시설 운영자의 온라인·현장 예약, 재고, 면책동의서, 일정과 가격 관리를 통합하는 예약 플랫폼이다.","Booking and Reservations Software for Tour, Activity & Attraction Operators. Make more money with TripWorks. Manage inventory, sell online and in person, manage waivers, and much more.","RFQ·견적·발주·선적 문서가 흩어져 가격·납기·승인 예외를 놓치는 문제","RFQ·견적·발주·선적 문서를 읽고 누락·가격변경·납기 예외를 한 품목군에서 처리","최근 RFQ·견적 100건을 표준화해 누락·가격차·미응답을 찾아주는 유료 업무진단","업체당 월 80만~400만원 + 문서/거래 건수 + 온보딩비","중소 제조·수출기업의 구매·영업·물류 책임자","ERP·관세·물류 파트너, 산업단지와 품목별 직접 영업","거래처별 예외, 품목 매핑, 견적·납기 결과와 승인 데이터","ERP는 강하지만 중소 제조업의 이메일·엑셀 예외 처리는 수작업인 경우가 많음","이메일·엑셀·거래처 품목명을 국내 RFQ·발주 문서 형식에 맞게 처리","한국 수출기업에서 시작해 일본·동남아 공급사 문서와 이메일·WhatsApp으로 확장","범용 플랫폼 전체가 아니라 한 업무와 한 구매자만 선택","범용 플랫폼 전체가 아니라 한 업무와 한 구매자만 선택","6~8주 MVP","https://www.tripworks.com/","https://www.sec.gov/Archives/edgar/data/2000143/000200014325000001/0002000143-25-000001-index.html"
"166","조건부","응용","A","78","direct","Crew Command, Inc.","2026-04-08","NH","Computers","컴퓨터","","25000","1","현장·건설·산업 운영","82","19","13","19","14","8","9","8","1~3개월","현장 우선 건설관리 플랫폼입니다. AI 기반 일일 로그, 직원 일정 관리, 실시간 작업 비용 계산, 대형 토목 계약업체를 위한 날씨 인식 계획.","Field-first construction management platform. AI-powered daily logs, crew scheduling, real-time job costing, and weather-aware planning for heavy civil contractors.","현장 사진·완료서·견적·규정 증빙이 흩어져 청구와 공정 결정이 늦어지는 문제","작업사진·완료서·자재·견적을 청구와 규정 증빙으로 바꾸는 공종 하나의 도구","한 현장의 사진·작업일보를 기성·청구 증빙으로 변환하는 4주 유료 파일럿","업체당 월 70만~350만원 + 현장 수 + 초기 문서설정비","전문건설사·설비사·정비업체의 현장소장과 공무·청구 담당자","공종 협회, 세무·ERP·장비 파트너, 현장 사례 기반 직접 영업","공종별 문서·사진 판정, 청구 결과, 현장 시스템 연동과 예외 규칙","건설 공무·적산·견적 자동화가 인접하므로 전 공종 ERP보다 작업→청구 흐름에 집중","카카오톡 사진·HWP·세금계산서·공종 용어를 연결해 작업 완료→청구 한 공종으로 제한","한국 공종에서 검증한 뒤 일본·호주의 유사 현장 문서와 청구 흐름으로 확장","","공식 제품과 고객 인터뷰로 수요·가격·도입권한을 다시 검증","6~8주 MVP","https://crewcommand.ai/","https://www.sec.gov/Archives/edgar/data/2128156/000212815626000001/0002128156-26-000001-index.html"
"167","조건부","응용","B","65","direct","Shovels, Inc.","2025-01-17","CA","Other","기타","6686932","6567728","30","현장·건설·산업 운영","82","17","13","19","15","8","10","12","1~3개월","Shovels는 AI를 사용하여 단편화된 허가 데이터를 Shovel 지원 인텔리전스로 전환하여 건설의 첫 번째 신호를 포착합니다. API, 웹 앱 또는 데이터 웨어하우스를 통해 액세스합니다.","Shovels captures the first signal of construction—using AI to turn fragmented permit data into Shovel-ready intelligence. Access via API, web app, or data warehouse.","현장 사진·완료서·견적·규정 증빙이 흩어져 청구와 공정 결정이 늦어지는 문제","작업사진·완료서·자재·견적을 청구와 규정 증빙으로 바꾸는 공종 하나의 도구","한 현장의 사진·작업일보를 기성·청구 증빙으로 변환하는 4주 유료 파일럿","업체당 월 70만~350만원 + 현장 수 + 초기 문서설정비","전문건설사·설비사·정비업체의 현장소장과 공무·청구 담당자","공종 협회, 세무·ERP·장비 파트너, 현장 사례 기반 직접 영업","공종별 문서·사진 판정, 청구 결과, 현장 시스템 연동과 예외 규칙","건설 공무·적산·견적 자동화가 인접하므로 전 공종 ERP보다 작업→청구 흐름에 집중","카카오톡 사진·HWP·세금계산서·공종 용어를 연결해 작업 완료→청구 한 공종으로 제한","한국 공종에서 검증한 뒤 일본·호주의 유사 현장 문서와 청구 흐름으로 확장","핵심 시스템 연동 전 파일·이메일 입력으로 먼저 검증","핵심 시스템 연동 전 파일·이메일 입력으로 먼저 검증","8~12주 또는 파트너","https://www.shovels.ai/","https://www.sec.gov/Archives/edgar/data/2051488/000205148825000001/0002051488-25-000001-index.html"
"168","조건부","응용","B","65","direct","Quantasonix Technologies, Inc.","2026-05-12","IN","Other Technology","기타 기술","2000000","1900000","6","현장·건설·산업 운영","82","19","13","19","14","8","9","16","1~3개월","Quantasonix가 기존 모니터링이 부족한 산업 환경에 인라인, 물리학 기반 감지 및 실시간 프로세스 분석을 제공하는 방법을 알아보세요.","Learn how Quantasonix delivers inline, physics-grounded sensing and real-time process analytics for industrial environments where conventional monitoring falls short.","현장 사진·완료서·견적·규정 증빙이 흩어져 청구와 공정 결정이 늦어지는 문제","작업사진·완료서·자재·견적을 청구와 규정 증빙으로 바꾸는 공종 하나의 도구","한 현장의 사진·작업일보를 기성·청구 증빙으로 변환하는 4주 유료 파일럿","업체당 월 70만~350만원 + 현장 수 + 초기 문서설정비","전문건설사·설비사·정비업체의 현장소장과 공무·청구 담당자","공종 협회, 세무·ERP·장비 파트너, 현장 사례 기반 직접 영업","공종별 문서·사진 판정, 청구 결과, 현장 시스템 연동과 예외 규칙","건설 공무·적산·견적 자동화가 인접하므로 전 공종 ERP보다 작업→청구 흐름에 집중","카카오톡 사진·HWP·세금계산서·공종 용어를 연결해 작업 완료→청구 한 공종으로 제한","한국 공종에서 검증한 뒤 일본·호주의 유사 현장 문서와 청구 흐름으로 확장","","공식 제품과 고객 인터뷰로 수요·가격·도입권한을 다시 검증","6~8주 MVP","https://quantasonix.com/","https://www.sec.gov/Archives/edgar/data/2132819/000213281926000001/0002132819-26-000001-index.html"
"169","조건부","응용","B","65","direct","PointField, Inc.","2026-04-06","VA","Other Technology","기타 기술","90","90","2","현장·건설·산업 운영","82","19","13","19","14","8","9","8","1~3개월","PointField는 파우더 베드 융합 구축 데이터를 검토 가능한 증거로 전환합니다. Contextualize는 기계 기록, 계산된 지표, 검사 결과를 하나의 검사 가능한 기록으로 연결합니다.","PointField turns powder bed fusion build data into review-ready evidence. Contextualize connects machine records, computed metrics, and inspection results into one inspectable record.","현장 사진·완료서·견적·규정 증빙이 흩어져 청구와 공정 결정이 늦어지는 문제","작업사진·완료서·자재·견적을 청구와 규정 증빙으로 바꾸는 공종 하나의 도구","한 현장의 사진·작업일보를 기성·청구 증빙으로 변환하는 4주 유료 파일럿","업체당 월 70만~350만원 + 현장 수 + 초기 문서설정비","전문건설사·설비사·정비업체의 현장소장과 공무·청구 담당자","공종 협회, 세무·ERP·장비 파트너, 현장 사례 기반 직접 영업","공종별 문서·사진 판정, 청구 결과, 현장 시스템 연동과 예외 규칙","건설 공무·적산·견적 자동화가 인접하므로 전 공종 ERP보다 작업→청구 흐름에 집중","카카오톡 사진·HWP·세금계산서·공종 용어를 연결해 작업 완료→청구 한 공종으로 제한","한국 공종에서 검증한 뒤 일본·호주의 유사 현장 문서와 청구 흐름으로 확장","","공식 제품과 고객 인터뷰로 수요·가격·도입권한을 다시 검증","6~8주 MVP","https://pointfield.io/","https://www.sec.gov/Archives/edgar/data/2126846/000212684626000001/0002126846-26-000001-index.html"
"170","조건부","응용","B","65","direct","Incluud, Inc.","2025-07-18","ID","Other Technology","기타 기술","10000000","","0","현장·건설·산업 운영","82","19","13","19","14","8","9","3","1~3개월","Incluud는 소매·숙박·제조 기업의 고객 데이터를 결합·보강해 의사결정과 데이터 수익화를 지원하는 AI SaaS다.","Transforming retail withAI-driven precision We are an AI-native Software-as-a-Service (SaaS) platform providing enterprise-grade data collaboration, enrichment, and decision intelligence services across retail, hospitality, manufacturing, entertainment, and other data-intensive industries. Explore how it works Our Retail Partner Platform Expand, enrich, and monetize your consumer data with Incluud. Partnerships…","현장 사진·완료서·견적·규정 증빙이 흩어져 청구와 공정 결정이 늦어지는 문제","작업사진·완료서·자재·견적을 청구와 규정 증빙으로 바꾸는 공종 하나의 도구","한 현장의 사진·작업일보를 기성·청구 증빙으로 변환하는 4주 유료 파일럿","업체당 월 70만~350만원 + 현장 수 + 초기 문서설정비","전문건설사·설비사·정비업체의 현장소장과 공무·청구 담당자","공종 협회, 세무·ERP·장비 파트너, 현장 사례 기반 직접 영업","공종별 문서·사진 판정, 청구 결과, 현장 시스템 연동과 예외 규칙","건설 공무·적산·견적 자동화가 인접하므로 전 공종 ERP보다 작업→청구 흐름에 집중","카카오톡 사진·HWP·세금계산서·공종 용어를 연결해 작업 완료→청구 한 공종으로 제한","한국 공종에서 검증한 뒤 일본·호주의 유사 현장 문서와 청구 흐름으로 확장","","공식 제품과 고객 인터뷰로 수요·가격·도입권한을 다시 검증","6~8주 MVP","https://incluud.com/","https://www.sec.gov/Archives/edgar/data/2023180/000202318025000003/0002023180-25-000003-index.html"
"171","조건부","응용","A","85","direct","Clear Current Technologies Inc.","2025-07-31","CT","Other Energy","기타","4285002","4285002","6","재무·백오피스","82","19","12","20","13","9","9","17","1~3개월","대형 전력 사용자의 요금·계약·자산·조달 정보를 한곳에 모아 비용 오류와 운영 의사결정을 관리한다.","Energy managementfor the AI age GET IN TOUCH Clear Current is the Nerve Center of your energy operations Our platform helps you optimize efficiency, reduce costs, andmake informed decisions—all from one centralized platform Centralized information​ Quickly access and validate your documentation, spend, and asset characteristics Informed decision-making Utilize historical data, real-time IoT feeds, and market [ ]","계약·송장·입금·미수·회계 자료가 맞지 않아 현금 회수와 마감이 늦어지는 문제","계약·송장·입금·미수금의 불일치를 찾아 후속조치 초안을 만들고 사람이 승인","미수·송장 3개월치를 대조해 회수 우선순위와 고객별 후속문안을 제공하는 유료 진단","회사당 월 60만~300만원 + 온보딩비 또는 회수 성과수수료","계약·송장·입금·미수 관리가 복잡한 중소 B2B 기업 대표와 재무 담당자","회계사·세무사·ERP 파트너, 미수 회수·마감 단축 사례 기반 직접 영업","ERP·회계 연동, 예외·승인·회수 결과와 거래처별 지불 패턴","회계·세무 SaaS가 강하므로 불일치 탐지와 실제 회수 성과에 집중","ERP를 교체하지 않고 계약·전자세금계산서·입금 불일치와 후속조치를 연결","한국에서 회수·마감 성과를 검증한 뒤 싱가포르·호주 회계 연동으로 확장","대기업·공공 조달과 보안심사로 첫 매출이 느릴 수 있음 | 범용 플랫폼 전체가 아니라 한 업무와 한 구매자만 선택","대기업·공공 조달과 보안심사로 첫 매출이 느릴 수 있음","6~8주 MVP","https://clearcurrent.ai/","https://www.sec.gov/Archives/edgar/data/2078442/000207844225000001/0002078442-25-000001-index.html"
"172","조건부","응용","A","85","direct","Pinpoint Analytics Inc.","2025-09-16","NJ","Other Technology","기타 기술","2500000","2000000","7","현장·건설·산업 운영","82","18","12","20","15","8","9","17","1~3개월","공공공사 과거 입찰자료와 시장 변수를 분석해 건설사와 발주기관의 입찰가격 결정을 돕는다.","PinPoint Analytics is estimating support software that harnesses the power of technology to help contractors and municipalities make the best decisions when it comes to pricing construction jobs.","현장 사진·완료서·견적·규정 증빙이 흩어져 청구와 공정 결정이 늦어지는 문제","작업사진·완료서·자재·견적을 청구와 규정 증빙으로 바꾸는 공종 하나의 도구","한 현장의 사진·작업일보를 기성·청구 증빙으로 변환하는 4주 유료 파일럿","업체당 월 70만~350만원 + 현장 수 + 초기 문서설정비","전문건설사·설비사·정비업체의 현장소장과 공무·청구 담당자","공종 협회, 세무·ERP·장비 파트너, 현장 사례 기반 직접 영업","공종별 문서·사진 판정, 청구 결과, 현장 시스템 연동과 예외 규칙","건설 공무·적산·견적 자동화가 인접하므로 전 공종 ERP보다 작업→청구 흐름에 집중","카카오톡 사진·HWP·세금계산서·공종 용어를 연결해 작업 완료→청구 한 공종으로 제한","한국 공종에서 검증한 뒤 일본·호주의 유사 현장 문서와 청구 흐름으로 확장","대기업·공공 조달과 보안심사로 첫 매출이 느릴 수 있음","대기업·공공 조달과 보안심사로 첫 매출이 느릴 수 있음","6~8주 MVP","https://www.pinpointanalytics.ai/","https://www.sec.gov/Archives/edgar/data/2039044/000203904425000002/0002039044-25-000002-index.html"
"173","조건부","응용","B","65","direct","RegScale, Inc.","2025-09-11","VA","Other Technology","기타 기술","27449986","27449986","8","보안·AI 거버넌스","82","16","12","20","14","10","10","10","1~3개월","RegScale의 지속적인 제어 모니터링 플랫폼을 사용하여 Cyber ​​GRC의 미래를 대비하고 거버넌스, 위험 및 규정 준수 프로그램을 간소화하세요.","Future-proof your Cyber GRC and streamline your governance, risk, and compliance program with RegScale’s Continuous Controls Monitoring platform.","AI·클라우드 도구가 늘면서 권한·정책·사고·감사 증빙을 사람이 연결하기 어려운 문제","전체 보안제품 대신 AI 에이전트·MCP 사용대장, 승인, 권한, 실행로그, 감사증빙 한 흐름에 집중","조직의 AI 도구·에이전트를 2주간 발견하고 위험·권한·감사로그를 정리하는 유료 진단","회사당 월 100만~600만원 + 규정팩 + 감사 온보딩비","AI 에이전트를 도입한 스타트업·중견기업의 보안·개발 책임자","ISMS·보안 컨설턴트, MSP, AI 구축사와 규정 대응 콘텐츠","권한 그래프, 증빙 자동수집, 정책·사고·승인 데이터와 규정 매핑","대기업용 GRC가 존재하므로 중견·스타트업의 AI 에이전트 감사증빙에 집중","AI 기본법·ISMS용 에이전트 사용대장·승인·실행로그·감사 내보내기로 진입","한국 규정팩을 검증한 뒤 EU·싱가포르 규정팩과 데이터 처리 옵션을 추가","범용 플랫폼 전체가 아니라 한 업무와 한 구매자만 선택","범용 플랫폼 전체가 아니라 한 업무와 한 구매자만 선택","8~12주 또는 파트너","https://regscale.com/","https://www.sec.gov/Archives/edgar/data/1943681/000123191925000187/0001231919-25-000187-index.html"
"174","조건부","응용","B","65","direct","Entelligent Inc.","2025-11-28","CO","Other","기타","12000000","10253639","43","보안·AI 거버넌스","82","18","12","20","13","9","10","12","1~3개월","우리는 기후 위험에 대한 투자 노출을 측정 및 관리합니다 - 기후 과학 및 기계 학습을 ESG 투자 솔루션으로 전환합니다","We Measure & Manage Investment Exposure to Climate Risk - Translating Climate Science & Machine Learning into ESG Investment Solutions","AI·클라우드 도구가 늘면서 권한·정책·사고·감사 증빙을 사람이 연결하기 어려운 문제","전체 보안제품 대신 AI 에이전트·MCP 사용대장, 승인, 권한, 실행로그, 감사증빙 한 흐름에 집중","조직의 AI 도구·에이전트를 2주간 발견하고 위험·권한·감사로그를 정리하는 유료 진단","회사당 월 100만~600만원 + 규정팩 + 감사 온보딩비","AI 에이전트를 도입한 스타트업·중견기업의 보안·개발 책임자","ISMS·보안 컨설턴트, MSP, AI 구축사와 규정 대응 콘텐츠","권한 그래프, 증빙 자동수집, 정책·사고·승인 데이터와 규정 매핑","대기업용 GRC가 존재하므로 중견·스타트업의 AI 에이전트 감사증빙에 집중","AI 기본법·ISMS용 에이전트 사용대장·승인·실행로그·감사 내보내기로 진입","한국 규정팩을 검증한 뒤 EU·싱가포르 규정팩과 데이터 처리 옵션을 추가","","공식 제품과 고객 인터뷰로 수요·가격·도입권한을 다시 검증","6~8주 MVP","https://www.entelligent.com/","https://www.sec.gov/Archives/edgar/data/1864625/000186462525000006/0001864625-25-000006-index.html"
"175","조건부","응용","B","65","direct","Simplifyance Inc.","2025-04-08","AZ","Other Technology","기타 기술","3554660","2304660","16","보안·AI 거버넌스","82","16","12","20","14","10","10","14","1~3개월","행동 건강을 위한 규정 준수, 교육 및 HR을 위한 단일 플랫폼으로 필요할 때 라이선스, 구현 및 자문을 제공합니다.","One platform for compliance, training, and HR for behavioral health — with licensing, implementation, and advisory when you need it.","AI·클라우드 도구가 늘면서 권한·정책·사고·감사 증빙을 사람이 연결하기 어려운 문제","전체 보안제품 대신 AI 에이전트·MCP 사용대장, 승인, 권한, 실행로그, 감사증빙 한 흐름에 집중","조직의 AI 도구·에이전트를 2주간 발견하고 위험·권한·감사로그를 정리하는 유료 진단","회사당 월 100만~600만원 + 규정팩 + 감사 온보딩비","AI 에이전트를 도입한 스타트업·중견기업의 보안·개발 책임자","ISMS·보안 컨설턴트, MSP, AI 구축사와 규정 대응 콘텐츠","권한 그래프, 증빙 자동수집, 정책·사고·승인 데이터와 규정 매핑","대기업용 GRC가 존재하므로 중견·스타트업의 AI 에이전트 감사증빙에 집중","AI 기본법·ISMS용 에이전트 사용대장·승인·실행로그·감사 내보내기로 진입","한국 규정팩을 검증한 뒤 EU·싱가포르 규정팩과 데이터 처리 옵션을 추가","범용 플랫폼 전체가 아니라 한 업무와 한 구매자만 선택","범용 플랫폼 전체가 아니라 한 업무와 한 구매자만 선택","8~12주 또는 파트너","https://simplifyance.com/","https://www.sec.gov/Archives/edgar/data/1970914/000197091425000001/0001970914-25-000001-index.html"
"176","조건부","응용","B","65","direct","SaaSAudit, Inc.","2025-12-17","MA","Other Technology","기타 기술","1000000","600000","1","보안·AI 거버넌스","82","16","12","20","14","10","10","11","1~3개월","스타트업을 위해 제작됨: 며칠 안에 감사 준비가 완료됩니다. SaaSAudit 자동화 플랫폼, CPA 회사의 감사, 침투 테스트 및 컨시어지 서비스가 포함됩니다.","Built for startups: get audit-ready in days. Includes SaaSAudit automation platform, audit by CPA firm, penetration testing, and concierge service.","AI·클라우드 도구가 늘면서 권한·정책·사고·감사 증빙을 사람이 연결하기 어려운 문제","전체 보안제품 대신 AI 에이전트·MCP 사용대장, 승인, 권한, 실행로그, 감사증빙 한 흐름에 집중","조직의 AI 도구·에이전트를 2주간 발견하고 위험·권한·감사로그를 정리하는 유료 진단","회사당 월 100만~600만원 + 규정팩 + 감사 온보딩비","AI 에이전트를 도입한 스타트업·중견기업의 보안·개발 책임자","ISMS·보안 컨설턴트, MSP, AI 구축사와 규정 대응 콘텐츠","권한 그래프, 증빙 자동수집, 정책·사고·승인 데이터와 규정 매핑","대기업용 GRC가 존재하므로 중견·스타트업의 AI 에이전트 감사증빙에 집중","AI 기본법·ISMS용 에이전트 사용대장·승인·실행로그·감사 내보내기로 진입","한국 규정팩을 검증한 뒤 EU·싱가포르 규정팩과 데이터 처리 옵션을 추가","범용 플랫폼 전체가 아니라 한 업무와 한 구매자만 선택","범용 플랫폼 전체가 아니라 한 업무와 한 구매자만 선택","8~12주 또는 파트너","https://www.saasaudit.ai/","https://www.sec.gov/Archives/edgar/data/2097480/000209748025000001/0002097480-25-000001-index.html"
"177","조건부","응용","B","65","adjacent","Marketfuel Inc.","2025-04-29","FL","Other Technology","기타 기술","1000000","","0","개발도구·데이터","81","19","15","18","11","10","8","3","1~3개월","업계 최신 코드를 사용하여 고객에게 펀치아웃, 프로그램 상점, 팝업 상점 등을 제공하십시오. ​​이행 및 보고 기능이 내장되어 있습니다. 개발자가 필요하지 않습니다.","Using the newest code in the industry - offer your clients punchouts, program stores, pop-up shops and more. ​​Fulfillment and reporting built in. No developers needed.","코드·데이터·클라우드 맥락이 파편화돼 개발·분석·AI 배포의 오류와 대기시간이 늘어나는 문제","코드·티켓·문서 맥락, 생성코드 QA, 데이터 품질 중 평가 가능한 한 문제를 해결","고객 저장소·데이터셋 한 곳에서 오류 20건을 재현·분류하는 2주 유료 파일럿","개발자/데이터 사용자당 월 3만~20만원 + 기업 온보딩비","AI 기능을 운영하는 국내외 개발·데이터 팀과 소프트웨어 회사","오픈소스·기술 콘텐츠, 개발자 커뮤니티, 클라우드·SI 파트너","저장소·티켓 연동, 조직별 평가셋, 오류·수정·배포 결과 데이터","글로벌 개발도구와 국내 MSP가 강하므로 특정 평가셋이나 레거시 연동이 필요","한국 레거시·SI 스택의 코드·티켓·문서와 생성코드 QA처럼 현지 맥락이 필요한 문제로 진입","영문 제품과 API를 먼저 제공하고 평가셋·연동팩을 산업별로 확장","원회사는 소프트웨어 전용이 아니므로 AI 업무전환 가설을 추가 검증","원회사는 소프트웨어 전용이 아니므로 AI 업무전환 가설을 추가 검증","6~8주 MVP","https://www.marketfuel.com/","https://www.sec.gov/Archives/edgar/data/2039314/000203931425000002/0002039314-25-000002-index.html"
"178","조건부","응용","B","64","direct","CardFlow Financial, Inc.","2025-10-02","DE","Other Technology","기타 기술","500000","50000","1","재무·백오피스","81","19","14","20","11","8","9","3","1~3개월","CardFlow로 신용카드 결제를 단순화하세요. 모든 카드를 연결하고, 매월 결제하고, 하나의 스마트 대시보드에서 진행 상황을 추적하세요. 숨겨진 수수료는 없습니다. 마음의 평화를 누릴 수 있습니다.","Simplify your credit card payments with CardFlow. Link all your cards, make one monthly payment, and track your progress in one smart dashboard. No hidden fees—just peace of mind.","계약·송장·입금·미수·회계 자료가 맞지 않아 현금 회수와 마감이 늦어지는 문제","계약·송장·입금·미수금의 불일치를 찾아 후속조치 초안을 만들고 사람이 승인","미수·송장 3개월치를 대조해 회수 우선순위와 고객별 후속문안을 제공하는 유료 진단","회사당 월 60만~300만원 + 온보딩비 또는 회수 성과수수료","계약·송장·입금·미수 관리가 복잡한 중소 B2B 기업 대표와 재무 담당자","회계사·세무사·ERP 파트너, 미수 회수·마감 단축 사례 기반 직접 영업","ERP·회계 연동, 예외·승인·회수 결과와 거래처별 지불 패턴","회계·세무 SaaS가 강하므로 불일치 탐지와 실제 회수 성과에 집중","ERP를 교체하지 않고 계약·전자세금계산서·입금 불일치와 후속조치를 연결","한국에서 회수·마감 성과를 검증한 뒤 싱가포르·호주 회계 연동으로 확장","규제 판단을 제외하고 사람 승인형 운영 보조로 제한","규제 판단을 제외하고 사람 승인형 운영 보조로 제한","6~8주 MVP","https://www.cardflowfinancial.com/","https://www.sec.gov/Archives/edgar/data/2089403/000207544325000001/0002075443-25-000001-index.html"
"179","조건부","응용","B","65","adjacent","Vleyr Technologies Inc.","2026-01-22","NY","Other Technology","기타 기술","3000000","","0","조달·물류·공급망","81","18","14","18","14","9","8","5","1~3개월","Vleyr는 검증된 Vleyree를 주민 및 통근자와 연결하여 차량이 도로변 규정을 준수하도록 유지하고 티켓을 방지하며 도시 운영을 안전하고 효율적으로 지원합니다.","Vleyr connects verified Vleyrees with residents and commuters to keep vehicles curbside compliant, avoid tickets, and support city operations safely and efficiently.","RFQ·견적·발주·선적 문서가 흩어져 가격·납기·승인 예외를 놓치는 문제","RFQ·견적·발주·선적 문서를 읽고 누락·가격변경·납기 예외를 한 품목군에서 처리","최근 RFQ·견적 100건을 표준화해 누락·가격차·미응답을 찾아주는 유료 업무진단","업체당 월 80만~400만원 + 문서/거래 건수 + 온보딩비","중소 제조·수출기업의 구매·영업·물류 책임자","ERP·관세·물류 파트너, 산업단지와 품목별 직접 영업","거래처별 예외, 품목 매핑, 견적·납기 결과와 승인 데이터","ERP는 강하지만 중소 제조업의 이메일·엑셀 예외 처리는 수작업인 경우가 많음","이메일·엑셀·거래처 품목명을 국내 RFQ·발주 문서 형식에 맞게 처리","한국 수출기업에서 시작해 일본·동남아 공급사 문서와 이메일·WhatsApp으로 확장","원회사는 소프트웨어 전용이 아니므로 AI 업무전환 가설을 추가 검증","원회사는 소프트웨어 전용이 아니므로 AI 업무전환 가설을 추가 검증","6~8주 MVP","https://vleyr.com/","https://www.sec.gov/Archives/edgar/data/2106667/000210666726000001/0002106667-26-000001-index.html"
"180","조건부","응용","A","78","direct","Anadyr Horizon, Inc.","2025-07-16","NY","Other Technology","기타 기술","3500000","2080000","6","개발도구·데이터","81","21","14","17","10","10","9","17","1~3개월","Anadyr Horizon Inc.는 지정학적 확대를 예측하는 AI 기반 시뮬레이션을 구축합니다. 우리 플랫폼은 정부, 투자자, 보험사가 위기가 시작되기 전에 위기 경로를 확인할 수 있도록 도와줍니다.","Anadyr Horizon Inc. builds AI-powered simulations that predict geopolitical escalation. Our platform helps governments, investors, and insurers see crisis pathways before they ignite.","코드·데이터·클라우드 맥락이 파편화돼 개발·분석·AI 배포의 오류와 대기시간이 늘어나는 문제","코드·티켓·문서 맥락, 생성코드 QA, 데이터 품질 중 평가 가능한 한 문제를 해결","고객 저장소·데이터셋 한 곳에서 오류 20건을 재현·분류하는 2주 유료 파일럿","개발자/데이터 사용자당 월 3만~20만원 + 기업 온보딩비","AI 기능을 운영하는 국내외 개발·데이터 팀과 소프트웨어 회사","오픈소스·기술 콘텐츠, 개발자 커뮤니티, 클라우드·SI 파트너","저장소·티켓 연동, 조직별 평가셋, 오류·수정·배포 결과 데이터","글로벌 개발도구와 국내 MSP가 강하므로 특정 평가셋이나 레거시 연동이 필요","한국 레거시·SI 스택의 코드·티켓·문서와 생성코드 QA처럼 현지 맥락이 필요한 문제로 진입","영문 제품과 API를 먼저 제공하고 평가셋·연동팩을 산업별로 확장","","공식 제품과 고객 인터뷰로 수요·가격·도입권한을 다시 검증","6~8주 MVP","https://www.anadyr-horizon.com/","https://www.sec.gov/Archives/edgar/data/2075667/000207566725000001/0002075667-25-000001-index.html"
"181","조건부","응용","A","78","direct","Wood Wide AI, Inc.","2025-07-14","PA","Other Technology","기타 기술","1125000","1125000","3","개발도구·데이터","81","21","14","17","10","10","9","17","1~3개월","Wood Wide의 재사용 가능한 표현 레이어를 사용하면 AI 기반 팀이 요구 사항 변경에 따라 작업별 모델을 구축하거나 지속적인 재조정 없이 여러 작업에 걸쳐 추론을 추가할 수 있습니다.","Wood Wide s reusable representation layer enables AI-native teams to add reasoning across multiple operations without building task-specific models or continuous retuning as requirements change.","코드·데이터·클라우드 맥락이 파편화돼 개발·분석·AI 배포의 오류와 대기시간이 늘어나는 문제","코드·티켓·문서 맥락, 생성코드 QA, 데이터 품질 중 평가 가능한 한 문제를 해결","고객 저장소·데이터셋 한 곳에서 오류 20건을 재현·분류하는 2주 유료 파일럿","개발자/데이터 사용자당 월 3만~20만원 + 기업 온보딩비","AI 기능을 운영하는 국내외 개발·데이터 팀과 소프트웨어 회사","오픈소스·기술 콘텐츠, 개발자 커뮤니티, 클라우드·SI 파트너","저장소·티켓 연동, 조직별 평가셋, 오류·수정·배포 결과 데이터","글로벌 개발도구와 국내 MSP가 강하므로 특정 평가셋이나 레거시 연동이 필요","한국 레거시·SI 스택의 코드·티켓·문서와 생성코드 QA처럼 현지 맥락이 필요한 문제로 진입","영문 제품과 API를 먼저 제공하고 평가셋·연동팩을 산업별로 확장","","공식 제품과 고객 인터뷰로 수요·가격·도입권한을 다시 검증","6~8주 MVP","https://www.woodwide.ai/","https://www.sec.gov/Archives/edgar/data/2073658/000207365825000001/0002073658-25-000001-index.html"
"182","조건부","응용","B","65","direct","Reactor Technologies, Inc.","2026-06-10","CA","Other Technology","기타 기술","47999892","25232004","8","개발도구·데이터","81","21","14","17","10","10","9","12","1~3개월","Reactor는 실시간 생성 미디어를 위한 개발자 인프라입니다. 어디에서나 가장 빠른 추론, 50ms 미만 스트리밍, 모든 주요 세계 모델을 하나의 API로 제공합니다.","Reactor is the developer infrastructure for real-time generative media. Fastest inference anywhere, sub-50ms streaming, every major world model on one API.","코드·데이터·클라우드 맥락이 파편화돼 개발·분석·AI 배포의 오류와 대기시간이 늘어나는 문제","코드·티켓·문서 맥락, 생성코드 QA, 데이터 품질 중 평가 가능한 한 문제를 해결","고객 저장소·데이터셋 한 곳에서 오류 20건을 재현·분류하는 2주 유료 파일럿","개발자/데이터 사용자당 월 3만~20만원 + 기업 온보딩비","AI 기능을 운영하는 국내외 개발·데이터 팀과 소프트웨어 회사","오픈소스·기술 콘텐츠, 개발자 커뮤니티, 클라우드·SI 파트너","저장소·티켓 연동, 조직별 평가셋, 오류·수정·배포 결과 데이터","글로벌 개발도구와 국내 MSP가 강하므로 특정 평가셋이나 레거시 연동이 필요","한국 레거시·SI 스택의 코드·티켓·문서와 생성코드 QA처럼 현지 맥락이 필요한 문제로 진입","영문 제품과 API를 먼저 제공하고 평가셋·연동팩을 산업별로 확장","","공식 제품과 고객 인터뷰로 수요·가격·도입권한을 다시 검증","6~8주 MVP","https://www.reactor.inc/","https://www.sec.gov/Archives/edgar/data/2104457/000210445726000001/0002104457-26-000001-index.html"
"183","조건부","응용","B","65","direct","Bayesline, Inc.","2026-05-15","NY","Other Technology","기타 기술","6194999","5785478","47","개발도구·데이터","81","21","14","17","10","10","9","14","1~3개월","자산 관리자를 위한 고도로 맞춤화 가능하고 엄청나게 빠른 분석입니다.","Highly customizable and blazingly fast analytics for asset managers.","코드·데이터·클라우드 맥락이 파편화돼 개발·분석·AI 배포의 오류와 대기시간이 늘어나는 문제","코드·티켓·문서 맥락, 생성코드 QA, 데이터 품질 중 평가 가능한 한 문제를 해결","고객 저장소·데이터셋 한 곳에서 오류 20건을 재현·분류하는 2주 유료 파일럿","개발자/데이터 사용자당 월 3만~20만원 + 기업 온보딩비","AI 기능을 운영하는 국내외 개발·데이터 팀과 소프트웨어 회사","오픈소스·기술 콘텐츠, 개발자 커뮤니티, 클라우드·SI 파트너","저장소·티켓 연동, 조직별 평가셋, 오류·수정·배포 결과 데이터","글로벌 개발도구와 국내 MSP가 강하므로 특정 평가셋이나 레거시 연동이 필요","한국 레거시·SI 스택의 코드·티켓·문서와 생성코드 QA처럼 현지 맥락이 필요한 문제로 진입","영문 제품과 API를 먼저 제공하고 평가셋·연동팩을 산업별로 확장","","공식 제품과 고객 인터뷰로 수요·가격·도입권한을 다시 검증","6~8주 MVP","https://bayesline.com/","https://www.sec.gov/Archives/edgar/data/2133628/000213362826000001/0002133628-26-000001-index.html"
"184","조건부","응용","B","65","direct","Wokelo Inc.","2025-07-02","WA","Other Technology","기타 기술","5075511","5075511","20","개발도구·데이터","81","21","14","17","10","10","9","12","1~3개월","Wokelo는 2천만 개 이상의 기업 데이터베이스를 바탕으로 투자기회 발굴, 실사, 거래 조사와 전략 수립을 자동화하는 AI 플랫폼이다.","Agentic AI platform designed to automate deal sourcing, due diligence, deal research & strategy. Proprietary 20M+ company database. Trusted by KPMG, SoftBank, and more.","코드·데이터·클라우드 맥락이 파편화돼 개발·분석·AI 배포의 오류와 대기시간이 늘어나는 문제","코드·티켓·문서 맥락, 생성코드 QA, 데이터 품질 중 평가 가능한 한 문제를 해결","고객 저장소·데이터셋 한 곳에서 오류 20건을 재현·분류하는 2주 유료 파일럿","개발자/데이터 사용자당 월 3만~20만원 + 기업 온보딩비","AI 기능을 운영하는 국내외 개발·데이터 팀과 소프트웨어 회사","오픈소스·기술 콘텐츠, 개발자 커뮤니티, 클라우드·SI 파트너","저장소·티켓 연동, 조직별 평가셋, 오류·수정·배포 결과 데이터","글로벌 개발도구와 국내 MSP가 강하므로 특정 평가셋이나 레거시 연동이 필요","한국 레거시·SI 스택의 코드·티켓·문서와 생성코드 QA처럼 현지 맥락이 필요한 문제로 진입","영문 제품과 API를 먼저 제공하고 평가셋·연동팩을 산업별로 확장","","공식 제품과 고객 인터뷰로 수요·가격·도입권한을 다시 검증","6~8주 MVP","https://www.wokelo.ai/","https://www.sec.gov/Archives/edgar/data/2067984/000089843225000466/0000898432-25-000466-index.html"
"185","조건부","응용","B","65","direct","POPOLOGY Global Corp.","2025-10-29","NJ","Other Technology","기타 기술","50000000","1650000","3","마케팅·영업·고객운영","81","20","14","17","13","10","7","14","1~3개월","POPOLOGY는 검증 가능한 디지털 관심을 위한 미디어 및 데이터 인프라입니다. 우리는 콘텐츠, 참여, 가치에 대한 검증을 표준화하기 위해 기존 인터넷과 함께 운영합니다.","POPOLOGY is media and data infrastructure for verifiable digital attention. We operate alongside the existing internet to standardize verification across content, engagement, and value.","콘텐츠·문의·고객대화가 매출 행동으로 연결되지 않고 사람이 채널마다 반복 처리하는 문제","문의·리뷰·콘텐츠를 예약·구매·재방문 행동까지 연결하는 업종 특화 도구","최근 문의·리뷰 200건을 매출 행동으로 분류하고 2주간 후속메시지를 실행하는 유료 파일럿","브랜드/지점당 월 30만~200만원 + 채널·전환 건수","예약·상담·반복구매가 중요한 중소 브랜드와 서비스업체","네이버·카카오·스마트스토어 대행사, 업종 커뮤니티, 매출 사례 직접 영업","채널 연동, 업종별 콘텐츠·대화 성과와 실제 예약·구매 전환 데이터","CRM·채널 상담 도구가 많으므로 업종별 예약·매출 귀속까지 완료해야 차별화","네이버·카카오·인스타그램·스마트스토어 문의를 예약·구매·재방문 결과까지 연결","한국 업종별 전환 데이터를 쌓은 뒤 일본 LINE과 동남아 WhatsApp으로 확장","대기업·공공 조달과 보안심사로 첫 매출이 느릴 수 있음 | 규제 판단을 제외하고 사람 승인형 운영 보조로 제한","대기업·공공 조달과 보안심사로 첫 매출이 느릴 수 있음","6~8주 MVP","https://popology.io/","https://www.sec.gov/Archives/edgar/data/2093414/000209341425000001/0002093414-25-000001-index.html"
"186","조건부","응용","B","65","direct","3Aware, Inc.","2026-01-02","IN","Other Health Care","기타 헬스케어","1300000","1268750","18","개발도구·데이터","81","21","14","17","10","10","9","16","1~3개월","3Aware의 실제 증거 플랫폼이 혁신적인 분석 및 데이터 솔루션을 통해 의료 의사결정을 어떻게 변화시키는지 알아보세요.","Discover how 3Aware s real world evidence platform transforms healthcare decision-making through innovative analytics and data solutions.","코드·데이터·클라우드 맥락이 파편화돼 개발·분석·AI 배포의 오류와 대기시간이 늘어나는 문제","코드·티켓·문서 맥락, 생성코드 QA, 데이터 품질 중 평가 가능한 한 문제를 해결","고객 저장소·데이터셋 한 곳에서 오류 20건을 재현·분류하는 2주 유료 파일럿","개발자/데이터 사용자당 월 3만~20만원 + 기업 온보딩비","AI 기능을 운영하는 국내외 개발·데이터 팀과 소프트웨어 회사","오픈소스·기술 콘텐츠, 개발자 커뮤니티, 클라우드·SI 파트너","저장소·티켓 연동, 조직별 평가셋, 오류·수정·배포 결과 데이터","글로벌 개발도구와 국내 MSP가 강하므로 특정 평가셋이나 레거시 연동이 필요","한국 레거시·SI 스택의 코드·티켓·문서와 생성코드 QA처럼 현지 맥락이 필요한 문제로 진입","영문 제품과 API를 먼저 제공하고 평가셋·연동팩을 산업별로 확장","","공식 제품과 고객 인터뷰로 수요·가격·도입권한을 다시 검증","6~8주 MVP","https://3aware.com/","https://www.sec.gov/Archives/edgar/data/2009454/000200945426000001/0002009454-26-000001-index.html"
"187","조건부","응용","B","65","direct","Anomaly G LLC","2025-08-06","VT","Other","기타","1053134","1053134","18","개발도구·데이터","81","21","14","17","10","10","9","14","1~3개월","향후 문제를 예측하여 실시간으로 이상 징후를 탐지합니다. 수학 및 고급 분석을 사용하여 비정상적인 패턴을 감지하고 시계열 지표를 모니터링합니다.","Anomaly detection in real time by predicting future problems. Detect unusual patterns and monitor any time series metrics using math and advanced analytics.","코드·데이터·클라우드 맥락이 파편화돼 개발·분석·AI 배포의 오류와 대기시간이 늘어나는 문제","코드·티켓·문서 맥락, 생성코드 QA, 데이터 품질 중 평가 가능한 한 문제를 해결","고객 저장소·데이터셋 한 곳에서 오류 20건을 재현·분류하는 2주 유료 파일럿","개발자/데이터 사용자당 월 3만~20만원 + 기업 온보딩비","AI 기능을 운영하는 국내외 개발·데이터 팀과 소프트웨어 회사","오픈소스·기술 콘텐츠, 개발자 커뮤니티, 클라우드·SI 파트너","저장소·티켓 연동, 조직별 평가셋, 오류·수정·배포 결과 데이터","글로벌 개발도구와 국내 MSP가 강하므로 특정 평가셋이나 레거시 연동이 필요","한국 레거시·SI 스택의 코드·티켓·문서와 생성코드 QA처럼 현지 맥락이 필요한 문제로 진입","영문 제품과 API를 먼저 제공하고 평가셋·연동팩을 산업별로 확장","","공식 제품과 고객 인터뷰로 수요·가격·도입권한을 다시 검증","6~8주 MVP","https://anomaly.io/","https://www.sec.gov/Archives/edgar/data/2075261/000207526125000001/0002075261-25-000001-index.html"
"188","조건부","응용","B","65","direct","Eloo, LLC","2026-05-12","OH","Other Technology","기타 기술","500000","340000","1","개발도구·데이터","81","21","14","17","10","10","9","13","1~3개월","몇 시간 만에 가동할 수 있는 AI 에이전트를 사용하면 더 빠르게 움직일 수 있습니다. 바쁜 전문가를 위한 코드가 필요 없고 번거롭지 않은 자동화입니다.","Move faster with AI agents you can spin up in hours. Code-free, hustle-free automation for busy professionals.","코드·데이터·클라우드 맥락이 파편화돼 개발·분석·AI 배포의 오류와 대기시간이 늘어나는 문제","코드·티켓·문서 맥락, 생성코드 QA, 데이터 품질 중 평가 가능한 한 문제를 해결","고객 저장소·데이터셋 한 곳에서 오류 20건을 재현·분류하는 2주 유료 파일럿","개발자/데이터 사용자당 월 3만~20만원 + 기업 온보딩비","AI 기능을 운영하는 국내외 개발·데이터 팀과 소프트웨어 회사","오픈소스·기술 콘텐츠, 개발자 커뮤니티, 클라우드·SI 파트너","저장소·티켓 연동, 조직별 평가셋, 오류·수정·배포 결과 데이터","글로벌 개발도구와 국내 MSP가 강하므로 특정 평가셋이나 레거시 연동이 필요","한국 레거시·SI 스택의 코드·티켓·문서와 생성코드 QA처럼 현지 맥락이 필요한 문제로 진입","영문 제품과 API를 먼저 제공하고 평가셋·연동팩을 산업별로 확장","","공식 제품과 고객 인터뷰로 수요·가격·도입권한을 다시 검증","6~8주 MVP","https://eloo.ai/","https://www.sec.gov/Archives/edgar/data/2134512/000213451226000001/0002134512-26-000001-index.html"
"189","조건부","응용","B","65","direct","Governly, Inc.","2025-12-29","FL","Other Technology","기타 기술","200000","200000","1","인력·교육·온보딩","81","21","14","17","12","9","8","11","1~3개월","전체 안건 패킷을 자동으로 자동으로 분석하므로 이사회 구성원은 발언, 동의 초안을 준비하고 모든 회의에 참석하여 주도할 준비를 할 수 있습니다.","Governly analyzes your entire agenda packet automatically — so board members can prepare remarks, draft motions, and arrive at every meeting ready to lead.","채용·교육·온보딩이 문서 전달에 머물러 실제 업무 수행과 규정 이수를 측정하기 어려운 문제","한 직군의 실제 업무 문서로 온보딩·역할별 코칭·이수·업무수행 증빙을 자동화","신규직원 한 역할의 문서·상황 20개를 평가형 온보딩으로 바꾸는 유료 제작 파일럿","사용자당 월 2만~10만원 + 콘텐츠 구축비 200만~1,000만원","현장·서비스 직군을 반복 채용하는 중소·중견기업의 인사·교육 책임자","직군 협회, HR·LMS 파트너, 교육기관과 역할별 평가 콘텐츠","직군별 평가·성과 데이터, 사내문서 연동과 실제 업무수행 결과","채용·교육 도구가 많으므로 콘텐츠 전달보다 실제 업무수행 측정에 집중","한 직군의 역할극·업무 증빙을 국내 규정과 조직 용어에 맞게 제공","한국에서 한 직군을 검증한 뒤 일본·동남아 현지 언어·규정 평가팩으로 확장","대기업·공공 조달과 보안심사로 첫 매출이 느릴 수 있음","대기업·공공 조달과 보안심사로 첫 매출이 느릴 수 있음","6~8주 MVP","https://governly.com/","https://www.sec.gov/Archives/edgar/data/2102725/000210272525000001/0002102725-25-000001-index.html"
"190","조건부","응용","B","65","direct","Strata, Inc.","2026-03-09","CO","Computers","컴퓨터","","100000","4","개발도구·데이터","81","21","14","17","10","10","9","16","1~3개월","Strata는 강력한 3D 모델링 소프트웨어 및 솔루션을 만드는 3D/VR/AR 개발자 및 스튜디오입니다. 무료 평가판을 시작하고 프로젝트에 생기를 불어넣으세요!","Strata is a 3D/VR/AR Developer and Studio that creates powerful 3D modeling software and solutions. Start a free trial and bring your project to life!","코드·데이터·클라우드 맥락이 파편화돼 개발·분석·AI 배포의 오류와 대기시간이 늘어나는 문제","코드·티켓·문서 맥락, 생성코드 QA, 데이터 품질 중 평가 가능한 한 문제를 해결","고객 저장소·데이터셋 한 곳에서 오류 20건을 재현·분류하는 2주 유료 파일럿","개발자/데이터 사용자당 월 3만~20만원 + 기업 온보딩비","AI 기능을 운영하는 국내외 개발·데이터 팀과 소프트웨어 회사","오픈소스·기술 콘텐츠, 개발자 커뮤니티, 클라우드·SI 파트너","저장소·티켓 연동, 조직별 평가셋, 오류·수정·배포 결과 데이터","글로벌 개발도구와 국내 MSP가 강하므로 특정 평가셋이나 레거시 연동이 필요","한국 레거시·SI 스택의 코드·티켓·문서와 생성코드 QA처럼 현지 맥락이 필요한 문제로 진입","영문 제품과 API를 먼저 제공하고 평가셋·연동팩을 산업별로 확장","","공식 제품과 고객 인터뷰로 수요·가격·도입권한을 다시 검증","6~8주 MVP","https://www.strata.com/","https://www.sec.gov/Archives/edgar/data/2116887/000211688726000001/0002116887-26-000001-index.html"
"191","조건부","응용","B","65","direct","Payprweight, Inc.","2026-05-07","VA","Other","기타","400000","10000","1","개발도구·데이터","81","21","14","17","10","10","9","5","1~3개월","Payprweight는 전문가, 고용 팀 및 경영진이 실시간 데이터, AI 통찰력 및 맞춤형 분석을 기반으로 급여 제안, 벤치마크 역할을 평가하고 정보에 입각한 급여 결정을 내릴 수 있도록 돕는 보상 인텔리전스 플랫폼입니다.","Payprweight is a compensation intelligence platform that helps professionals, hiring teams, and executives evaluate salary offers, benchmark roles, and make informed pay decisions, powered by real-time data, AI insights, and personalized analytics.","코드·데이터·클라우드 맥락이 파편화돼 개발·분석·AI 배포의 오류와 대기시간이 늘어나는 문제","코드·티켓·문서 맥락, 생성코드 QA, 데이터 품질 중 평가 가능한 한 문제를 해결","고객 저장소·데이터셋 한 곳에서 오류 20건을 재현·분류하는 2주 유료 파일럿","개발자/데이터 사용자당 월 3만~20만원 + 기업 온보딩비","AI 기능을 운영하는 국내외 개발·데이터 팀과 소프트웨어 회사","오픈소스·기술 콘텐츠, 개발자 커뮤니티, 클라우드·SI 파트너","저장소·티켓 연동, 조직별 평가셋, 오류·수정·배포 결과 데이터","글로벌 개발도구와 국내 MSP가 강하므로 특정 평가셋이나 레거시 연동이 필요","한국 레거시·SI 스택의 코드·티켓·문서와 생성코드 QA처럼 현지 맥락이 필요한 문제로 진입","영문 제품과 API를 먼저 제공하고 평가셋·연동팩을 산업별로 확장","","공식 제품과 고객 인터뷰로 수요·가격·도입권한을 다시 검증","6~8주 MVP","https://payprweight.com/","https://www.sec.gov/Archives/edgar/data/2133042/000213304226000001/0002133042-26-000001-index.html"
"192","조건부","응용","B","65","adjacent","Quantivex LLC","2026-04-08","NJ","Other Technology","기타 기술","300000","300000","1","조달·물류·공급망","81","18","13","20","13","9","8","13","1~3개월","전문 엔지니어가 지휘합니다. AI는 증폭하고 보호합니다. 팀을 소모하는 오버헤드가 사라집니다. 결과 기반 참여. 금융 서비스, 물류, 에너지 및 다자간 분야 전반에 걸쳐 입증된 결과입니다.","Expert engineers command. AI amplifies and safeguards. The overhead consuming your teams dissipates. Outcome-based engagement. Proven results across financial services, logistics, energy, and multilaterals.","RFQ·견적·발주·선적 문서가 흩어져 가격·납기·승인 예외를 놓치는 문제","RFQ·견적·발주·선적 문서를 읽고 누락·가격변경·납기 예외를 한 품목군에서 처리","최근 RFQ·견적 100건을 표준화해 누락·가격차·미응답을 찾아주는 유료 업무진단","업체당 월 80만~400만원 + 문서/거래 건수 + 온보딩비","중소 제조·수출기업의 구매·영업·물류 책임자","ERP·관세·물류 파트너, 산업단지와 품목별 직접 영업","거래처별 예외, 품목 매핑, 견적·납기 결과와 승인 데이터","ERP는 강하지만 중소 제조업의 이메일·엑셀 예외 처리는 수작업인 경우가 많음","이메일·엑셀·거래처 품목명을 국내 RFQ·발주 문서 형식에 맞게 처리","한국 수출기업에서 시작해 일본·동남아 공급사 문서와 이메일·WhatsApp으로 확장","원회사는 소프트웨어 전용이 아니므로 AI 업무전환 가설을 추가 검증","원회사는 소프트웨어 전용이 아니므로 AI 업무전환 가설을 추가 검증","6~8주 MVP","https://quantivex.com/","https://www.sec.gov/Archives/edgar/data/2128100/000212810026000001/0002128100-26-000001-index.html"
"193","조건부","응용","B","65","direct","Quodus Inc.","2025-04-11","DE","Other Technology","기타 기술","","100000","12","개발도구·데이터","81","19","13","19","10","10","10","14","1~3개월","Quodus는 계획된 점유 및 무료 사용 점유를 실시간으로 추적하여 시설을 최적화하고 계획을 개선하며 비용을 절감하는 고급 공간 분석 기능을 제공합니다.","Quodus delivers advanced space‑analytics—tracking planned and free‑use occupancy in real time to optimize facilities, improve planning, and cut costs.","코드·데이터·클라우드 맥락이 파편화돼 개발·분석·AI 배포의 오류와 대기시간이 늘어나는 문제","코드·티켓·문서 맥락, 생성코드 QA, 데이터 품질 중 평가 가능한 한 문제를 해결","고객 저장소·데이터셋 한 곳에서 오류 20건을 재현·분류하는 2주 유료 파일럿","개발자/데이터 사용자당 월 3만~20만원 + 기업 온보딩비","AI 기능을 운영하는 국내외 개발·데이터 팀과 소프트웨어 회사","오픈소스·기술 콘텐츠, 개발자 커뮤니티, 클라우드·SI 파트너","저장소·티켓 연동, 조직별 평가셋, 오류·수정·배포 결과 데이터","글로벌 개발도구와 국내 MSP가 강하므로 특정 평가셋이나 레거시 연동이 필요","한국 레거시·SI 스택의 코드·티켓·문서와 생성코드 QA처럼 현지 맥락이 필요한 문제로 진입","영문 제품과 API를 먼저 제공하고 평가셋·연동팩을 산업별로 확장","핵심 시스템 연동 전 파일·이메일 입력으로 먼저 검증","핵심 시스템 연동 전 파일·이메일 입력으로 먼저 검증","6~8주 MVP","https://quodus.ai/","https://www.sec.gov/Archives/edgar/data/2064384/000206438425000001/0002064384-25-000001-index.html"
"194","조건부","응용","B","65","direct","BulkSource, Inc.","2025-08-21","CO","Other Technology","기타 기술","","2225000","1","조달·물류·공급망","81","19","11","20","13","9","9","11","3~6개월+","운영을 통합하고 작업 흐름을 자동화하며 전체 공급망을 연결하는 대량 자재 생산업체를 위한 완벽한 운영 플랫폼입니다.","A complete operating platform for bulk material producers that unifies operations, automates workflows, and connects the entire supply chain.","RFQ·견적·발주·선적 문서가 흩어져 가격·납기·승인 예외를 놓치는 문제","RFQ·견적·발주·선적 문서를 읽고 누락·가격변경·납기 예외를 한 품목군에서 처리","최근 RFQ·견적 100건을 표준화해 누락·가격차·미응답을 찾아주는 유료 업무진단","업체당 월 80만~400만원 + 문서/거래 건수 + 온보딩비","중소 제조·수출기업의 구매·영업·물류 책임자","ERP·관세·물류 파트너, 산업단지와 품목별 직접 영업","거래처별 예외, 품목 매핑, 견적·납기 결과와 승인 데이터","ERP는 강하지만 중소 제조업의 이메일·엑셀 예외 처리는 수작업인 경우가 많음","이메일·엑셀·거래처 품목명을 국내 RFQ·발주 문서 형식에 맞게 처리","한국 수출기업에서 시작해 일본·동남아 공급사 문서와 이메일·WhatsApp으로 확장","대기업·공공 조달과 보안심사로 첫 매출이 느릴 수 있음","대기업·공공 조달과 보안심사로 첫 매출이 느릴 수 있음","6~8주 MVP","https://bulksource.com/","https://www.sec.gov/Archives/edgar/data/1878342/000187834225000004/0001878342-25-000004-index.html"
"195","조건부","응용","B","65","adjacent","Careforce Inc.","2025-11-07","CA","Other Health Care","기타 헬스케어","6691976","2676790","4","인력·교육·온보딩","80","20","17","14","13","9","7","14","30일","Careforce는 환자 발굴·접촉·예약·진료 조정과 보고 업무를 AI 에이전트로 자동화해 의료기관의 미충족 진료를 줄인다.","Autonomous AI workforce to find, engage, and coordinate patient care 3x faster with 6x ROI. Close critical care gaps, scale operations efficiently, generate accurate reports and get a single view of the patient across all services to chat with.","채용·교육·온보딩이 문서 전달에 머물러 실제 업무 수행과 규정 이수를 측정하기 어려운 문제","한 직군의 실제 업무 문서로 온보딩·역할별 코칭·이수·업무수행 증빙을 자동화","신규직원 한 역할의 문서·상황 20개를 평가형 온보딩으로 바꾸는 유료 제작 파일럿","사용자당 월 2만~10만원 + 콘텐츠 구축비 200만~1,000만원","현장·서비스 직군을 반복 채용하는 중소·중견기업의 인사·교육 책임자","직군 협회, HR·LMS 파트너, 교육기관과 역할별 평가 콘텐츠","직군별 평가·성과 데이터, 사내문서 연동과 실제 업무수행 결과","채용·교육 도구가 많으므로 콘텐츠 전달보다 실제 업무수행 측정에 집중","한 직군의 역할극·업무 증빙을 국내 규정과 조직 용어에 맞게 제공","한국에서 한 직군을 검증한 뒤 일본·동남아 현지 언어·규정 평가팩으로 확장","원회사는 소프트웨어 전용이 아니므로 AI 업무전환 가설을 추가 검증","원회사는 소프트웨어 전용이 아니므로 AI 업무전환 가설을 추가 검증","6~8주 MVP","https://careforce.ai/","https://www.sec.gov/Archives/edgar/data/2095881/000209588125000001/0002095881-25-000001-index.html"
"196","조건부","응용","B","65","adjacent","Fufild, Inc.","2025-10-07","TN","Other Technology","기타 기술","2000000","685000","2","인력·교육·온보딩","80","20","16","16","12","9","7","14","1~3개월","Fufild는 고용주가 직원들이 즐거움, 웰빙, 편의 및 성장 전반에 걸쳐 실제로 사용할 수 있는 유연한 월별 지원 자금을 지원하도록 돕습니다.","Fufild helps employers fund flexible monthly support employees actually use across Enjoyment, Wellness, Convenience, and Growth.","채용·교육·온보딩이 문서 전달에 머물러 실제 업무 수행과 규정 이수를 측정하기 어려운 문제","한 직군의 실제 업무 문서로 온보딩·역할별 코칭·이수·업무수행 증빙을 자동화","신규직원 한 역할의 문서·상황 20개를 평가형 온보딩으로 바꾸는 유료 제작 파일럿","사용자당 월 2만~10만원 + 콘텐츠 구축비 200만~1,000만원","현장·서비스 직군을 반복 채용하는 중소·중견기업의 인사·교육 책임자","직군 협회, HR·LMS 파트너, 교육기관과 역할별 평가 콘텐츠","직군별 평가·성과 데이터, 사내문서 연동과 실제 업무수행 결과","채용·교육 도구가 많으므로 콘텐츠 전달보다 실제 업무수행 측정에 집중","한 직군의 역할극·업무 증빙을 국내 규정과 조직 용어에 맞게 제공","한국에서 한 직군을 검증한 뒤 일본·동남아 현지 언어·규정 평가팩으로 확장","원회사는 소프트웨어 전용이 아니므로 AI 업무전환 가설을 추가 검증","원회사는 소프트웨어 전용이 아니므로 AI 업무전환 가설을 추가 검증","6~8주 MVP","https://fufild.com/","https://www.sec.gov/Archives/edgar/data/2090284/000209028425000001/0002090284-25-000001-index.html"
"197","조건부","응용","B","65","adjacent","Skillframe Inc.","2025-01-30","OH","Other","기타","525000","525000","3","인력·교육·온보딩","80","20","16","16","12","9","7","14","1~3개월","Skillframe의 강력한 AI와 전문 채용 담당자의 조합은 채용 프로세스를 강화하여 적은 비용으로 더 빠르게 고품질 채용을 제공합니다.","Skillframe s combination of powerful AI and expert recruiters supercharge your hiring process, delivering quality hires faster at a fraction of the cost.","채용·교육·온보딩이 문서 전달에 머물러 실제 업무 수행과 규정 이수를 측정하기 어려운 문제","한 직군의 실제 업무 문서로 온보딩·역할별 코칭·이수·업무수행 증빙을 자동화","신규직원 한 역할의 문서·상황 20개를 평가형 온보딩으로 바꾸는 유료 제작 파일럿","사용자당 월 2만~10만원 + 콘텐츠 구축비 200만~1,000만원","현장·서비스 직군을 반복 채용하는 중소·중견기업의 인사·교육 책임자","직군 협회, HR·LMS 파트너, 교육기관과 역할별 평가 콘텐츠","직군별 평가·성과 데이터, 사내문서 연동과 실제 업무수행 결과","채용·교육 도구가 많으므로 콘텐츠 전달보다 실제 업무수행 측정에 집중","한 직군의 역할극·업무 증빙을 국내 규정과 조직 용어에 맞게 제공","한국에서 한 직군을 검증한 뒤 일본·동남아 현지 언어·규정 평가팩으로 확장","원회사는 소프트웨어 전용이 아니므로 AI 업무전환 가설을 추가 검증","원회사는 소프트웨어 전용이 아니므로 AI 업무전환 가설을 추가 검증","6~8주 MVP","https://www.skillframe.ai/","https://www.sec.gov/Archives/edgar/data/2053837/000205383725000001/0002053837-25-000001-index.html"
"198","조건부","응용","A","78","direct","Tequila Financial LLC","2026-02-18","CA","Other","기타","","","0","보험 운영","80","18","14","19","13","7","9","8","1~3개월","100% 아가베 데킬라 배럴에 투자하고 프리미엄 Extra Añejo로 숙성되는 동안 보유하세요. 보관, 보험 및 출국 지원이 포함됩니다.","Invest in barrels of 100% agave tequila and hold as it ages into premium Extra Añejo. Storage, insurance, and exit support included.","보험 서류·갱신·담보·청구 예외가 상품과 포털마다 달라 반복 작업이 커지는 문제","보험 판단 대신 서류 접수·증빙 누락·갱신 후속조치처럼 브로커 운영을 자동화","갱신·청구 파일 100건의 누락·미응답을 찾아 우선순위와 후속문안을 제공하는 유료 진단","브로커/지점당 월 80만~400만원 + 처리 건수","GA·보험 브로커·대리점의 운영·갱신·청구 담당자","보험대리점 네트워크, GA 시스템 파트너, 갱신·누락 사례 기반 영업","보험사별 포털·서류·예외, 갱신·완료 결과와 사람 승인 데이터","보험사·GA 솔루션이 존재하므로 자문·심사보다 서류와 갱신 운영으로 제한","보험 판단은 제외하고 서류 접수·증빙 누락·갱신 후속조치에 집중","현지 브로커 파트너 방식으로 한 국가의 포털·문서부터 확장","","공식 제품과 고객 인터뷰로 수요·가격·도입권한을 다시 검증","6~8주 MVP","https://tequilafinancial.com/","https://www.sec.gov/Archives/edgar/data/2082638/000208263826000001/0002082638-26-000001-index.html"
"199","조건부","응용","B","70","direct","Hipp Health Inc.","2025-07-31","CA","Other Technology","기타 기술","6624999","6180568","10","재무·백오피스","80","15","13","20","14","9","9","12","1~3개월","힙을 만나보세요. ABA 전문가가 수술에 소요되는 시간을 줄이고 환자와 더 많은 시간을 보낼 수 있도록 돕는 AI 기반 플랫폼입니다.","Meet Hipp. The AI-powered platform that helps ABA professionals spend less time on operations and more time with patients.","계약·송장·입금·미수·회계 자료가 맞지 않아 현금 회수와 마감이 늦어지는 문제","계약·송장·입금·미수금의 불일치를 찾아 후속조치 초안을 만들고 사람이 승인","미수·송장 3개월치를 대조해 회수 우선순위와 고객별 후속문안을 제공하는 유료 진단","회사당 월 60만~300만원 + 온보딩비 또는 회수 성과수수료","계약·송장·입금·미수 관리가 복잡한 중소 B2B 기업 대표와 재무 담당자","회계사·세무사·ERP 파트너, 미수 회수·마감 단축 사례 기반 직접 영업","ERP·회계 연동, 예외·승인·회수 결과와 거래처별 지불 패턴","회계·세무 SaaS가 강하므로 불일치 탐지와 실제 회수 성과에 집중","ERP를 교체하지 않고 계약·전자세금계산서·입금 불일치와 후속조치를 연결","한국에서 회수·마감 성과를 검증한 뒤 싱가포르·호주 회계 연동으로 확장","물리·자본 요소를 제외한 주변 운영 소프트웨어만 참고 | 범용 플랫폼 전체가 아니라 한 업무와 한 구매자만 선택","물리·자본 요소를 제외한 주변 운영 소프트웨어만 참고","8~12주 또는 파트너","https://www.hipp.health/","https://www.sec.gov/Archives/edgar/data/2075798/000207579825000001/0002075798-25-000001-index.html"
"200","조건부","응용","B","69","adjacent","Stock It Better, Inc.","2026-04-24","IL","Other","기타","1500000","1500000","5","조달·물류·공급망","80","18","13","20","13","8","8","16","1~3개월","Stock은 현재까지 기부된 상품이 500만 달러 이상인 브랜드 및 3PL이 기부할 초과 재고 및 쓸모 없는 재고를 나열할 수 있는 최고의 마켓플레이스입니다.","Stock is the #1 marketplace for brands and 3PLs to list excess and obsolete inventory for donation with over $5 million in goods donated to date.","RFQ·견적·발주·선적 문서가 흩어져 가격·납기·승인 예외를 놓치는 문제","RFQ·견적·발주·선적 문서를 읽고 누락·가격변경·납기 예외를 한 품목군에서 처리","최근 RFQ·견적 100건을 표준화해 누락·가격차·미응답을 찾아주는 유료 업무진단","업체당 월 80만~400만원 + 문서/거래 건수 + 온보딩비","중소 제조·수출기업의 구매·영업·물류 책임자","ERP·관세·물류 파트너, 산업단지와 품목별 직접 영업","거래처별 예외, 품목 매핑, 견적·납기 결과와 승인 데이터","ERP는 강하지만 중소 제조업의 이메일·엑셀 예외 처리는 수작업인 경우가 많음","이메일·엑셀·거래처 품목명을 국내 RFQ·발주 문서 형식에 맞게 처리","한국 수출기업에서 시작해 일본·동남아 공급사 문서와 이메일·WhatsApp으로 확장","원회사는 소프트웨어 전용이 아니므로 AI 업무전환 가설을 추가 검증","원회사는 소프트웨어 전용이 아니므로 AI 업무전환 가설을 추가 검증","6~8주 MVP","https://www.stockitbetter.com/","https://www.sec.gov/Archives/edgar/data/2131471/000213147126000001/0002131471-26-000001-index.html"
"201","조건부","응용","B","65","direct","Bill360, Inc.","2025-02-07","FL","Other Technology","기타 기술","12000000","599999","1","재무·백오피스","80","17","13","20","11","9","10","11","1~3개월","Bill360은 B2B 기업의 전자송장, 내장형 결제, 거래수수료 절감과 매출채권 회수기간 모니터링을 제공하는 매출채권 자동화 플랫폼이다.","Bill360 AR automation for B2B companies provides electronic invoicing, embedded payments, AI technology that lowers transaction fees, DSO monitoring & more","계약·송장·입금·미수·회계 자료가 맞지 않아 현금 회수와 마감이 늦어지는 문제","계약·송장·입금·미수금의 불일치를 찾아 후속조치 초안을 만들고 사람이 승인","미수·송장 3개월치를 대조해 회수 우선순위와 고객별 후속문안을 제공하는 유료 진단","회사당 월 60만~300만원 + 온보딩비 또는 회수 성과수수료","계약·송장·입금·미수 관리가 복잡한 중소 B2B 기업 대표와 재무 담당자","회계사·세무사·ERP 파트너, 미수 회수·마감 단축 사례 기반 직접 영업","ERP·회계 연동, 예외·승인·회수 결과와 거래처별 지불 패턴","회계·세무 SaaS가 강하므로 불일치 탐지와 실제 회수 성과에 집중","ERP를 교체하지 않고 계약·전자세금계산서·입금 불일치와 후속조치를 연결","한국에서 회수·마감 성과를 검증한 뒤 싱가포르·호주 회계 연동으로 확장","규제 판단을 제외하고 사람 승인형 운영 보조로 제한 | 핵심 시스템 연동 전 파일·이메일 입력으로 먼저 검증","규제 판단을 제외하고 사람 승인형 운영 보조로 제한","8~12주 또는 파트너","https://bill360.com/","https://www.sec.gov/Archives/edgar/data/1856685/000141588925003336/0001415889-25-003336-index.html"
"202","조건부","응용","B","58","direct","Cartwheel Inc.","2025-01-07","NY","Other Technology","기타 기술","10000000","8749891","16","재무·백오피스","80","17","13","20","13","8","9","12","1~3개월","Cartwheel은 인력파견업체의 매출채권 청구와 회수를 자동화해 현금흐름, 업무 가시성과 후속조치를 개선한다.","Accounts Receivable Automation for the Staffing Industry","계약·송장·입금·미수·회계 자료가 맞지 않아 현금 회수와 마감이 늦어지는 문제","계약·송장·입금·미수금의 불일치를 찾아 후속조치 초안을 만들고 사람이 승인","미수·송장 3개월치를 대조해 회수 우선순위와 고객별 후속문안을 제공하는 유료 진단","회사당 월 60만~300만원 + 온보딩비 또는 회수 성과수수료","계약·송장·입금·미수 관리가 복잡한 중소 B2B 기업 대표와 재무 담당자","회계사·세무사·ERP 파트너, 미수 회수·마감 단축 사례 기반 직접 영업","ERP·회계 연동, 예외·승인·회수 결과와 거래처별 지불 패턴","회계·세무 SaaS가 강하므로 불일치 탐지와 실제 회수 성과에 집중","ERP를 교체하지 않고 계약·전자세금계산서·입금 불일치와 후속조치를 연결","한국에서 회수·마감 성과를 검증한 뒤 싱가포르·호주 회계 연동으로 확장","물리·자본 요소를 제외한 주변 운영 소프트웨어만 참고","물리·자본 요소를 제외한 주변 운영 소프트웨어만 참고","8~12주 또는 파트너","https://cartwheel.io/","https://www.sec.gov/Archives/edgar/data/2051112/000106299325000465/0001062993-25-000465-index.html"
"203","조건부","응용","B","65","direct","Monument Software, Inc.","2025-12-22","TX","Other Technology","기타 기술","7999995","7171000","13","개발도구·데이터","80","19","13","19","10","10","9","12","1~3개월","Monument Software는 셀프 스토리지 소프트웨어 솔루션을 제공합니다. 우리와 함께 운영을 자동화하고, 수익을 늘리고, 임차인 관리를 간소화하세요!","Monument Software delivers self-storage software solutions. Automate operations, boost revenue, and streamline tenant management with us!","코드·데이터·클라우드 맥락이 파편화돼 개발·분석·AI 배포의 오류와 대기시간이 늘어나는 문제","코드·티켓·문서 맥락, 생성코드 QA, 데이터 품질 중 평가 가능한 한 문제를 해결","고객 저장소·데이터셋 한 곳에서 오류 20건을 재현·분류하는 2주 유료 파일럿","개발자/데이터 사용자당 월 3만~20만원 + 기업 온보딩비","AI 기능을 운영하는 국내외 개발·데이터 팀과 소프트웨어 회사","오픈소스·기술 콘텐츠, 개발자 커뮤니티, 클라우드·SI 파트너","저장소·티켓 연동, 조직별 평가셋, 오류·수정·배포 결과 데이터","글로벌 개발도구와 국내 MSP가 강하므로 특정 평가셋이나 레거시 연동이 필요","한국 레거시·SI 스택의 코드·티켓·문서와 생성코드 QA처럼 현지 맥락이 필요한 문제로 진입","영문 제품과 API를 먼저 제공하고 평가셋·연동팩을 산업별로 확장","범용 플랫폼 전체가 아니라 한 업무와 한 구매자만 선택","범용 플랫폼 전체가 아니라 한 업무와 한 구매자만 선택","6~8주 MVP","https://monument.io/","https://www.sec.gov/Archives/edgar/data/1976287/000197628725000002/0001976287-25-000002-index.html"
"204","조건부","응용","B","65","direct","Talon Precision Industries, LLC","2026-04-09","MA","Manufacturing","제조","7000000","7000000","9","개발도구·데이터","80","19","13","19","10","10","9","14","1~3개월","Talon의 현장 조사 및 자산 검사 소프트웨어, 데이터 집계를 위한 강력한 API, 팀 협업 기능은 원격 인프라 자산에 대한 귀중한 통찰력을 제공합니다.","Talon’s site survey and asset inspection software, robust API’s for aggregating data, and team collaboration features provide valuable insights into remote infrastructure assets.","코드·데이터·클라우드 맥락이 파편화돼 개발·분석·AI 배포의 오류와 대기시간이 늘어나는 문제","코드·티켓·문서 맥락, 생성코드 QA, 데이터 품질 중 평가 가능한 한 문제를 해결","고객 저장소·데이터셋 한 곳에서 오류 20건을 재현·분류하는 2주 유료 파일럿","개발자/데이터 사용자당 월 3만~20만원 + 기업 온보딩비","AI 기능을 운영하는 국내외 개발·데이터 팀과 소프트웨어 회사","오픈소스·기술 콘텐츠, 개발자 커뮤니티, 클라우드·SI 파트너","저장소·티켓 연동, 조직별 평가셋, 오류·수정·배포 결과 데이터","글로벌 개발도구와 국내 MSP가 강하므로 특정 평가셋이나 레거시 연동이 필요","한국 레거시·SI 스택의 코드·티켓·문서와 생성코드 QA처럼 현지 맥락이 필요한 문제로 진입","영문 제품과 API를 먼저 제공하고 평가셋·연동팩을 산업별로 확장","범용 플랫폼 전체가 아니라 한 업무와 한 구매자만 선택","범용 플랫폼 전체가 아니라 한 업무와 한 구매자만 선택","6~8주 MVP","https://www.talon.io/","https://www.sec.gov/Archives/edgar/data/2125412/000212541226000001/0002125412-26-000001-index.html"
"205","조건부","응용","B","65","direct","InfiniteWatch Inc.","2026-01-07","DE","Other Technology","기타 기술","5000000","3970000","21","개발도구·데이터","80","19","13","19","10","10","9","16","1~3개월","모든 고객 접점을 위한 AI 에이전트로 모든 대화를 관찰할 수 있습니다. 청구, 수집, 갱신, 정책 서비스 및 대리 상거래.","AI agents for every customer touchpoint, with observability across every conversation. Claims, collections, renewals, policy service, and agentic commerce.","코드·데이터·클라우드 맥락이 파편화돼 개발·분석·AI 배포의 오류와 대기시간이 늘어나는 문제","코드·티켓·문서 맥락, 생성코드 QA, 데이터 품질 중 평가 가능한 한 문제를 해결","고객 저장소·데이터셋 한 곳에서 오류 20건을 재현·분류하는 2주 유료 파일럿","개발자/데이터 사용자당 월 3만~20만원 + 기업 온보딩비","AI 기능을 운영하는 국내외 개발·데이터 팀과 소프트웨어 회사","오픈소스·기술 콘텐츠, 개발자 커뮤니티, 클라우드·SI 파트너","저장소·티켓 연동, 조직별 평가셋, 오류·수정·배포 결과 데이터","글로벌 개발도구와 국내 MSP가 강하므로 특정 평가셋이나 레거시 연동이 필요","한국 레거시·SI 스택의 코드·티켓·문서와 생성코드 QA처럼 현지 맥락이 필요한 문제로 진입","영문 제품과 API를 먼저 제공하고 평가셋·연동팩을 산업별로 확장","범용 플랫폼 전체가 아니라 한 업무와 한 구매자만 선택","범용 플랫폼 전체가 아니라 한 업무와 한 구매자만 선택","6~8주 MVP","https://infinitewatch.ai/","https://www.sec.gov/Archives/edgar/data/2098252/000209825226000001/0002098252-26-000001-index.html"
"206","조건부","응용","B","65","direct","Glazier Software, Inc.","2025-05-02","CA","Other Technology","기타 기술","1999999","1999999","2","개발도구·데이터","80","19","13","19","10","10","9","14","1~3개월","Glazier: 상업용 및 주거용 유리 기업을 위한 올인원 소프트웨어입니다. 견적, 일정, 송장, PO 추적 및 분석을 관리합니다. 데모를 예약하세요.","Glazier: all‑in‑one software for commercial and residential glass businesses. Manage quotes, scheduling, invoices, PO tracking, and analytics. Book a demo.","코드·데이터·클라우드 맥락이 파편화돼 개발·분석·AI 배포의 오류와 대기시간이 늘어나는 문제","코드·티켓·문서 맥락, 생성코드 QA, 데이터 품질 중 평가 가능한 한 문제를 해결","고객 저장소·데이터셋 한 곳에서 오류 20건을 재현·분류하는 2주 유료 파일럿","개발자/데이터 사용자당 월 3만~20만원 + 기업 온보딩비","AI 기능을 운영하는 국내외 개발·데이터 팀과 소프트웨어 회사","오픈소스·기술 콘텐츠, 개발자 커뮤니티, 클라우드·SI 파트너","저장소·티켓 연동, 조직별 평가셋, 오류·수정·배포 결과 데이터","글로벌 개발도구와 국내 MSP가 강하므로 특정 평가셋이나 레거시 연동이 필요","한국 레거시·SI 스택의 코드·티켓·문서와 생성코드 QA처럼 현지 맥락이 필요한 문제로 진입","영문 제품과 API를 먼저 제공하고 평가셋·연동팩을 산업별로 확장","범용 플랫폼 전체가 아니라 한 업무와 한 구매자만 선택","범용 플랫폼 전체가 아니라 한 업무와 한 구매자만 선택","6~8주 MVP","https://glaziersoftware.com/","https://www.sec.gov/Archives/edgar/data/1980211/000198021125000003/0001980211-25-000003-index.html"
"207","조건부","응용","B","58","direct","AUTOMATO AI INC.","2025-03-31","FL","Other","기타","1880000","1380000","10","개발도구·데이터","80","21","13","17","10","10","9","14","1~3개월","Automato는 확장성과 복원력을 갖춘 IT 인프라 설계·자동화, 시스템 설계와 데이터 엔지니어링을 제공하는 인프라 기술팀이다.","infrastructure automation, web development","코드·데이터·클라우드 맥락이 파편화돼 개발·분석·AI 배포의 오류와 대기시간이 늘어나는 문제","코드·티켓·문서 맥락, 생성코드 QA, 데이터 품질 중 평가 가능한 한 문제를 해결","고객 저장소·데이터셋 한 곳에서 오류 20건을 재현·분류하는 2주 유료 파일럿","개발자/데이터 사용자당 월 3만~20만원 + 기업 온보딩비","AI 기능을 운영하는 국내외 개발·데이터 팀과 소프트웨어 회사","오픈소스·기술 콘텐츠, 개발자 커뮤니티, 클라우드·SI 파트너","저장소·티켓 연동, 조직별 평가셋, 오류·수정·배포 결과 데이터","글로벌 개발도구와 국내 MSP가 강하므로 특정 평가셋이나 레거시 연동이 필요","한국 레거시·SI 스택의 코드·티켓·문서와 생성코드 QA처럼 현지 맥락이 필요한 문제로 진입","영문 제품과 API를 먼저 제공하고 평가셋·연동팩을 산업별로 확장","공식 제품 설명이 짧아 고객 인터뷰 전 제품 범위 확인 필요","공식 제품 설명이 짧아 고객 인터뷰 전 제품 범위 확인 필요","6~8주 MVP","https://automato.io/","https://www.sec.gov/Archives/edgar/data/2061091/000206109125000001/0002061091-25-000001-index.html"
"208","조건부","응용","B","74","direct","Affiniti Finance, Inc.","2025-04-24","NY","Other","기타","16999988","16599988","17","재무·백오피스","80","18","12","20","12","9","9","10","1~3개월","은행, 카드, 청구서 결제, 자동화, 금융 인텔리전스를 위한 하나의 최신 플랫폼을 사용하여 Fortune 500대 기업처럼 중소기업 금융을 운영하세요.","Run small business finance like a Fortune 500 company with one modern platform for banking, cards, bill pay, automation, and financial intelligence.","계약·송장·입금·미수·회계 자료가 맞지 않아 현금 회수와 마감이 늦어지는 문제","계약·송장·입금·미수금의 불일치를 찾아 후속조치 초안을 만들고 사람이 승인","미수·송장 3개월치를 대조해 회수 우선순위와 고객별 후속문안을 제공하는 유료 진단","회사당 월 60만~300만원 + 온보딩비 또는 회수 성과수수료","계약·송장·입금·미수 관리가 복잡한 중소 B2B 기업 대표와 재무 담당자","회계사·세무사·ERP 파트너, 미수 회수·마감 단축 사례 기반 직접 영업","ERP·회계 연동, 예외·승인·회수 결과와 거래처별 지불 패턴","회계·세무 SaaS가 강하므로 불일치 탐지와 실제 회수 성과에 집중","ERP를 교체하지 않고 계약·전자세금계산서·입금 불일치와 후속조치를 연결","한국에서 회수·마감 성과를 검증한 뒤 싱가포르·호주 회계 연동으로 확장","대기업·공공 조달과 보안심사로 첫 매출이 느릴 수 있음 | 규제 판단을 제외하고 사람 승인형 운영 보조로 제한","대기업·공공 조달과 보안심사로 첫 매출이 느릴 수 있음","6~8주 MVP","https://www.affiniti.com/","https://www.sec.gov/Archives/edgar/data/2031042/000203104225000001/0002031042-25-000001-index.html"
"209","조건부","응용","B","65","direct","Ngentix, Inc.","2025-09-08","WA","Other Technology","기타 기술","1000000","200000","2","현장·건설·산업 운영","80","17","12","20","14","8","9","14","1~3개월","API가 변경될 때 자가 치유하고 이동하는 데이터를 이해하는 유일한 AI 기반 통합 플랫폼입니다. 커넥터는 몇 분 만에 구축되므로 유지 관리도, 팀도 필요 없습니다.","The only AI-native integration platform that self-heals when an API changes and understands the data it moves. Connectors build in minutes — no maintenance, no team.","현장 사진·완료서·견적·규정 증빙이 흩어져 청구와 공정 결정이 늦어지는 문제","작업사진·완료서·자재·견적을 청구와 규정 증빙으로 바꾸는 공종 하나의 도구","한 현장의 사진·작업일보를 기성·청구 증빙으로 변환하는 4주 유료 파일럿","업체당 월 70만~350만원 + 현장 수 + 초기 문서설정비","전문건설사·설비사·정비업체의 현장소장과 공무·청구 담당자","공종 협회, 세무·ERP·장비 파트너, 현장 사례 기반 직접 영업","공종별 문서·사진 판정, 청구 결과, 현장 시스템 연동과 예외 규칙","건설 공무·적산·견적 자동화가 인접하므로 전 공종 ERP보다 작업→청구 흐름에 집중","카카오톡 사진·HWP·세금계산서·공종 용어를 연결해 작업 완료→청구 한 공종으로 제한","한국 공종에서 검증한 뒤 일본·호주의 유사 현장 문서와 청구 흐름으로 확장","범용 플랫폼 전체가 아니라 한 업무와 한 구매자만 선택","범용 플랫폼 전체가 아니라 한 업무와 한 구매자만 선택","8~12주 또는 파트너","https://ngentix.ai/","https://www.sec.gov/Archives/edgar/data/2084350/000208435025000001/0002084350-25-000001-index.html"
"210","조건부","응용","B","65","direct","Dhitantra, Inc.","2026-05-22","MA","Other Technology","기타 기술","500000","225000","5","법률·전문서비스 운영","80","19","11","19","13","9","9","16","3~6개월+","인도의 법률 운영 시스템 - 시민을 위해 구축되고 법률 전문가의 신뢰를 받으며 기업을 위해 설계되었습니다.","The Legal Operating System for India - built for citizens, trusted by legal professionals, and designed for enterprises.","전문가가 사건 접수·자료 회수·문서 검수·기한·청구를 수작업하는 문제","사건 접수·자료회수·증거 타임라인·문서 품질검사·청구 가능 활동 포착 중 하나를 자동화","과거 사건 20건에서 누락 자료·기한·청구 가능 시간을 찾아주는 유료 업무감사","사용자당 월 15만~60만원 + 구축비 또는 복원매출 수수료","로펌·노무·특허·세무·손해사정 사무소 대표와 사건 운영자","전문가 협회·교육·서식 파트너와 복원매출 사례 기반 직접 영업","한국 문서·업무 템플릿, 전문가 수정 이력, 사건·청구 결과 라벨","리걸 AI 경쟁이 강하므로 사건 운영과 청구 가능한 활동 포착 같은 좁은 흐름이 필요","범용 법률답변보다 HWP 문서 QA·자료회수·기한·청구 누수에 집중하고 전문가 승인을 유지","한국 전문서비스에서 검증한 뒤 일본과 영문권 문서·청구 워크플로로 확장","대기업·공공 조달과 보안심사로 첫 매출이 느릴 수 있음 | 범용 플랫폼 전체가 아니라 한 업무와 한 구매자만 선택","대기업·공공 조달과 보안심사로 첫 매출이 느릴 수 있음","6~8주 MVP","https://www.dhitantra.ai/","https://www.sec.gov/Archives/edgar/data/2133887/000213388726000001/0002133887-26-000001-index.html"
"211","조건부","응용","B","70","direct","Impart Security Inc.","2025-05-22","CA","Other Technology","기타 기술","11999997","10989047","5","보안·AI 거버넌스","80","18","11","18","13","10","10","12","3~6개월+","통합 런타임 적용으로 AI 공격을 차단하세요. LLM, 에이전트, API 및 웹 애플리케이션에 대한 인라인 보호를 통해 몇 분 만에 제로데이 위협을 차단합니다.","Stop AI attacks with unified runtime enforcement. Block zero-day threats in minutes with inline protection for LLMs, agents, APIs, and web applications.","AI·클라우드 도구가 늘면서 권한·정책·사고·감사 증빙을 사람이 연결하기 어려운 문제","전체 보안제품 대신 AI 에이전트·MCP 사용대장, 승인, 권한, 실행로그, 감사증빙 한 흐름에 집중","조직의 AI 도구·에이전트를 2주간 발견하고 위험·권한·감사로그를 정리하는 유료 진단","회사당 월 100만~600만원 + 규정팩 + 감사 온보딩비","AI 에이전트를 도입한 스타트업·중견기업의 보안·개발 책임자","ISMS·보안 컨설턴트, MSP, AI 구축사와 규정 대응 콘텐츠","권한 그래프, 증빙 자동수집, 정책·사고·승인 데이터와 규정 매핑","대기업용 GRC가 존재하므로 중견·스타트업의 AI 에이전트 감사증빙에 집중","AI 기본법·ISMS용 에이전트 사용대장·승인·실행로그·감사 내보내기로 진입","한국 규정팩을 검증한 뒤 EU·싱가포르 규정팩과 데이터 처리 옵션을 추가","","공식 제품과 고객 인터뷰로 수요·가격·도입권한을 다시 검증","6~8주 MVP","https://www.impart.ai/","https://www.sec.gov/Archives/edgar/data/1897224/000189722425000001/0001897224-25-000001-index.html"
"212","조건부","응용","B","65","direct","Runsybil Corp.","2026-04-03","CA","Other Technology","기타 기술","30000000","29999979","5","보안·AI 거버넌스","80","18","11","18","13","10","10","12","3~6개월+","RunSybil은 자율 공격 보안 솔루션입니다. 침해가 발생하기 전에 악용 가능한 취약점을 찾아내고, 노이즈를 제거하고, 전사적 규모로 해결하세요.","RunSybil is an autonomous offensive security solution. Find exploitable vulnerabilities before a breach, eliminate noise, and remediate at enterprise scale.","AI·클라우드 도구가 늘면서 권한·정책·사고·감사 증빙을 사람이 연결하기 어려운 문제","전체 보안제품 대신 AI 에이전트·MCP 사용대장, 승인, 권한, 실행로그, 감사증빙 한 흐름에 집중","조직의 AI 도구·에이전트를 2주간 발견하고 위험·권한·감사로그를 정리하는 유료 진단","회사당 월 100만~600만원 + 규정팩 + 감사 온보딩비","AI 에이전트를 도입한 스타트업·중견기업의 보안·개발 책임자","ISMS·보안 컨설턴트, MSP, AI 구축사와 규정 대응 콘텐츠","권한 그래프, 증빙 자동수집, 정책·사고·승인 데이터와 규정 매핑","대기업용 GRC가 존재하므로 중견·스타트업의 AI 에이전트 감사증빙에 집중","AI 기본법·ISMS용 에이전트 사용대장·승인·실행로그·감사 내보내기로 진입","한국 규정팩을 검증한 뒤 EU·싱가포르 규정팩과 데이터 처리 옵션을 추가","","공식 제품과 고객 인터뷰로 수요·가격·도입권한을 다시 검증","6~8주 MVP","https://www.runsybil.com/","https://www.sec.gov/Archives/edgar/data/2113497/000211349726000001/0002113497-26-000001-index.html"
"213","조건부","응용","B","65","direct","Arcjet Labs, Inc.","2025-05-16","CA","Other Technology","기타 기술","8649992","8509993","7","보안·AI 거버넌스","80","18","11","18","13","10","10","12","3~6개월+","Arcjet은 코드와 함께 제공되는 런타임 보안 플랫폼입니다. Arcjet의 AI 보안 빌딩 블록을 사용하여 예산을 집행하고, 즉각적인 주입을 중지하고, 봇을 탐지하고, 개인 정보를 보호하세요.","Arcjet is the runtime security platform that ships with your code. Enforce budgets, stop prompt injection, detect bots, and protect personal information with Arcjet s AI security building blocks.","AI·클라우드 도구가 늘면서 권한·정책·사고·감사 증빙을 사람이 연결하기 어려운 문제","전체 보안제품 대신 AI 에이전트·MCP 사용대장, 승인, 권한, 실행로그, 감사증빙 한 흐름에 집중","조직의 AI 도구·에이전트를 2주간 발견하고 위험·권한·감사로그를 정리하는 유료 진단","회사당 월 100만~600만원 + 규정팩 + 감사 온보딩비","AI 에이전트를 도입한 스타트업·중견기업의 보안·개발 책임자","ISMS·보안 컨설턴트, MSP, AI 구축사와 규정 대응 콘텐츠","권한 그래프, 증빙 자동수집, 정책·사고·승인 데이터와 규정 매핑","대기업용 GRC가 존재하므로 중견·스타트업의 AI 에이전트 감사증빙에 집중","AI 기본법·ISMS용 에이전트 사용대장·승인·실행로그·감사 내보내기로 진입","한국 규정팩을 검증한 뒤 EU·싱가포르 규정팩과 데이터 처리 옵션을 추가","","공식 제품과 고객 인터뷰로 수요·가격·도입권한을 다시 검증","6~8주 MVP","https://arcjet.com/","https://www.sec.gov/Archives/edgar/data/1980776/000198077625000002/0001980776-25-000002-index.html"
"214","조건부","응용","B","65","direct","WunderGraph, Inc.","2025-02-12","FL","Other Technology","기타 기술","7500000","7500000","4","보안·AI 거버넌스","80","18","11","18","13","10","10","12","3~6개월+","종속성 없이 거버넌스로 슈퍼그래프를 구축하고 실행하세요. WunderGraph Cosmo는 첫 번째 하위 그래프부터 수천 개의 일일 작업까지 확장하는 팀을 위한 오픈 소스 엔터프라이즈 지원 플랫폼입니다.","Build and run your supergraph with governance and no lock-in. WunderGraph Cosmo is the open-source, enterprise-ready platform for teams scaling from the first subgraph to thousands of daily operations.","AI·클라우드 도구가 늘면서 권한·정책·사고·감사 증빙을 사람이 연결하기 어려운 문제","전체 보안제품 대신 AI 에이전트·MCP 사용대장, 승인, 권한, 실행로그, 감사증빙 한 흐름에 집중","조직의 AI 도구·에이전트를 2주간 발견하고 위험·권한·감사로그를 정리하는 유료 진단","회사당 월 100만~600만원 + 규정팩 + 감사 온보딩비","AI 에이전트를 도입한 스타트업·중견기업의 보안·개발 책임자","ISMS·보안 컨설턴트, MSP, AI 구축사와 규정 대응 콘텐츠","권한 그래프, 증빙 자동수집, 정책·사고·승인 데이터와 규정 매핑","대기업용 GRC가 존재하므로 중견·스타트업의 AI 에이전트 감사증빙에 집중","AI 기본법·ISMS용 에이전트 사용대장·승인·실행로그·감사 내보내기로 진입","한국 규정팩을 검증한 뒤 EU·싱가포르 규정팩과 데이터 처리 옵션을 추가","","공식 제품과 고객 인터뷰로 수요·가격·도입권한을 다시 검증","6~8주 MVP","https://wundergraph.com/","https://www.sec.gov/Archives/edgar/data/2056007/000205600725000001/0002056007-25-000001-index.html"
"215","조건부","응용","B","65","direct","Enclave AI Inc.","2026-04-14","DE","Computers","컴퓨터","6500000","5910000","20","보안·AI 거버넌스","80","18","11","18","13","10","10","14","3~6개월+","Enclave는 클라우드 및 코드에 대한 에이전트 보안 연구원입니다. 코드와 클라우드를 샅샅이 조사하여 제로데이부터 새로운 CVE까지 다른 사람들이 놓친 내용을 찾은 다음 실제로 악용 가능한 것이 무엇인지 증명하여 팀에서 중요한 사항을 수정할 수 있도록 합니다.","Enclave is an agentic security researcher for cloud and code. It digs through your code and cloud to find what others miss, from zero-days to new CVEs, then proves what s actually exploitable so your team remediates what matters.","AI·클라우드 도구가 늘면서 권한·정책·사고·감사 증빙을 사람이 연결하기 어려운 문제","전체 보안제품 대신 AI 에이전트·MCP 사용대장, 승인, 권한, 실행로그, 감사증빙 한 흐름에 집중","조직의 AI 도구·에이전트를 2주간 발견하고 위험·권한·감사로그를 정리하는 유료 진단","회사당 월 100만~600만원 + 규정팩 + 감사 온보딩비","AI 에이전트를 도입한 스타트업·중견기업의 보안·개발 책임자","ISMS·보안 컨설턴트, MSP, AI 구축사와 규정 대응 콘텐츠","권한 그래프, 증빙 자동수집, 정책·사고·승인 데이터와 규정 매핑","대기업용 GRC가 존재하므로 중견·스타트업의 AI 에이전트 감사증빙에 집중","AI 기본법·ISMS용 에이전트 사용대장·승인·실행로그·감사 내보내기로 진입","한국 규정팩을 검증한 뒤 EU·싱가포르 규정팩과 데이터 처리 옵션을 추가","","공식 제품과 고객 인터뷰로 수요·가격·도입권한을 다시 검증","6~8주 MVP","https://enclave.ai/","https://www.sec.gov/Archives/edgar/data/2123873/000121390026043549/0001213900-26-043549-index.html"
"216","조건부","응용","B","65","direct","Adronite, Inc.","2026-04-27","WA","Other Technology","기타 기술","3400000","3400000","5","보안·AI 거버넌스","80","18","11","18","13","10","10","16","3~6개월+","기술 부채를 제거하세요. 자신있게 코딩하세요. 더 빠르게 배송하세요. Aronite는 명확성, 보안 및 속도가 필요한 팀을 위한 보안 개발 플랫폼입니다.","Eliminate tech debt. Code with confidence. Ship faster. Adronite is the secure development platform for teams that need clarity, security, and speed.","AI·클라우드 도구가 늘면서 권한·정책·사고·감사 증빙을 사람이 연결하기 어려운 문제","전체 보안제품 대신 AI 에이전트·MCP 사용대장, 승인, 권한, 실행로그, 감사증빙 한 흐름에 집중","조직의 AI 도구·에이전트를 2주간 발견하고 위험·권한·감사로그를 정리하는 유료 진단","회사당 월 100만~600만원 + 규정팩 + 감사 온보딩비","AI 에이전트를 도입한 스타트업·중견기업의 보안·개발 책임자","ISMS·보안 컨설턴트, MSP, AI 구축사와 규정 대응 콘텐츠","권한 그래프, 증빙 자동수집, 정책·사고·승인 데이터와 규정 매핑","대기업용 GRC가 존재하므로 중견·스타트업의 AI 에이전트 감사증빙에 집중","AI 기본법·ISMS용 에이전트 사용대장·승인·실행로그·감사 내보내기로 진입","한국 규정팩을 검증한 뒤 EU·싱가포르 규정팩과 데이터 처리 옵션을 추가","","공식 제품과 고객 인터뷰로 수요·가격·도입권한을 다시 검증","6~8주 MVP","https://adronite.com/","https://www.sec.gov/Archives/edgar/data/1978246/000197824626000002/0001978246-26-000002-index.html"
"217","조건부","응용","B","65","direct","FOXO TECHNOLOGIES INC.","2025-06-20","FL","Other","기타","5000000","1650000","1","보안·AI 거버넌스","80","18","11","18","13","10","10","11","3~6개월+","조정을 강화하고 환자 상호 작용을 간소화하며 업계 표준 준수를 보장하는 안전한 AI 기반 플랫폼인 Foxo Intelligence를 기반으로 하는 Foxo를 통해 의료 커뮤니케이션을 혁신하세요.","Transform healthcare communication with Foxo, now powered by Foxo Intelligence, a secure, AI-driven platform that enhances coordination, streamlines patient interactions, and ensures compliance with industry standards.","AI·클라우드 도구가 늘면서 권한·정책·사고·감사 증빙을 사람이 연결하기 어려운 문제","전체 보안제품 대신 AI 에이전트·MCP 사용대장, 승인, 권한, 실행로그, 감사증빙 한 흐름에 집중","조직의 AI 도구·에이전트를 2주간 발견하고 위험·권한·감사로그를 정리하는 유료 진단","회사당 월 100만~600만원 + 규정팩 + 감사 온보딩비","AI 에이전트를 도입한 스타트업·중견기업의 보안·개발 책임자","ISMS·보안 컨설턴트, MSP, AI 구축사와 규정 대응 콘텐츠","권한 그래프, 증빙 자동수집, 정책·사고·승인 데이터와 규정 매핑","대기업용 GRC가 존재하므로 중견·스타트업의 AI 에이전트 감사증빙에 집중","AI 기본법·ISMS용 에이전트 사용대장·승인·실행로그·감사 내보내기로 진입","한국 규정팩을 검증한 뒤 EU·싱가포르 규정팩과 데이터 처리 옵션을 추가","","공식 제품과 고객 인터뷰로 수요·가격·도입권한을 다시 검증","6~8주 MVP","https://foxo.com/","https://www.sec.gov/Archives/edgar/data/1812360/000155399725000019/0001553997-25-000019-index.html"
"218","조건부","응용","B","65","direct","Parthion, LLC","2026-05-05","NJ","Other Technology","기타 기술","1000000","300000","2","보안·AI 거버넌스","80","18","11","18","13","10","10","16","3~6개월+","Parthion은 K-12 교육구가 학생의 위험을 조기에 식별하고 개입을 추적하며 IDEA 준수를 보장할 수 있도록 지원하는 전 아동 MTSS 플랫폼이자 IEP 소프트웨어입니다.","Parthion is the whole-child MTSS platform and IEP software that equips K-12 districts to identify student risk early, track interventions, and ensure IDEA compliance.","AI·클라우드 도구가 늘면서 권한·정책·사고·감사 증빙을 사람이 연결하기 어려운 문제","전체 보안제품 대신 AI 에이전트·MCP 사용대장, 승인, 권한, 실행로그, 감사증빙 한 흐름에 집중","조직의 AI 도구·에이전트를 2주간 발견하고 위험·권한·감사로그를 정리하는 유료 진단","회사당 월 100만~600만원 + 규정팩 + 감사 온보딩비","AI 에이전트를 도입한 스타트업·중견기업의 보안·개발 책임자","ISMS·보안 컨설턴트, MSP, AI 구축사와 규정 대응 콘텐츠","권한 그래프, 증빙 자동수집, 정책·사고·승인 데이터와 규정 매핑","대기업용 GRC가 존재하므로 중견·스타트업의 AI 에이전트 감사증빙에 집중","AI 기본법·ISMS용 에이전트 사용대장·승인·실행로그·감사 내보내기로 진입","한국 규정팩을 검증한 뒤 EU·싱가포르 규정팩과 데이터 처리 옵션을 추가","","공식 제품과 고객 인터뷰로 수요·가격·도입권한을 다시 검증","6~8주 MVP","https://parthion.io/","https://www.sec.gov/Archives/edgar/data/2130818/000213081826000001/0002130818-26-000001-index.html"
"219","조건부","응용","B","65","direct","Auditocity, Inc.","2025-04-01","AL","Other Technology","기타 기술","875000","100000","1","보안·AI 거버넌스","80","18","11","18","13","10","10","11","3~6개월+","Auditocity는 모든 규모의 조직이 14,000개 이상의 질문, 자동화된 조사 결과 보고서 및 업계에 맞춤화된 맞춤형 감사를 통해 HR 규정 준수를 마스터하도록 돕습니다.","Auditocity helps organizations of any size master HR compliance with 14,000+ questions, automated findings reports, and custom-built audits tailored to your industry.","AI·클라우드 도구가 늘면서 권한·정책·사고·감사 증빙을 사람이 연결하기 어려운 문제","전체 보안제품 대신 AI 에이전트·MCP 사용대장, 승인, 권한, 실행로그, 감사증빙 한 흐름에 집중","조직의 AI 도구·에이전트를 2주간 발견하고 위험·권한·감사로그를 정리하는 유료 진단","회사당 월 100만~600만원 + 규정팩 + 감사 온보딩비","AI 에이전트를 도입한 스타트업·중견기업의 보안·개발 책임자","ISMS·보안 컨설턴트, MSP, AI 구축사와 규정 대응 콘텐츠","권한 그래프, 증빙 자동수집, 정책·사고·승인 데이터와 규정 매핑","대기업용 GRC가 존재하므로 중견·스타트업의 AI 에이전트 감사증빙에 집중","AI 기본법·ISMS용 에이전트 사용대장·승인·실행로그·감사 내보내기로 진입","한국 규정팩을 검증한 뒤 EU·싱가포르 규정팩과 데이터 처리 옵션을 추가","","공식 제품과 고객 인터뷰로 수요·가격·도입권한을 다시 검증","6~8주 MVP","https://auditocity.com/","https://www.sec.gov/Archives/edgar/data/1989709/000198970925000003/0001989709-25-000003-index.html"
"220","조건부","응용","B","65","direct","CUUB, Inc.","2026-02-02","IL","Other Technology","기타 기술","","35000","6","보안·AI 거버넌스","80","18","11","18","13","10","10","8","3~6개월+","AI의 CUUB.ai로 기업 콘텐츠를 보호하세요. 지능형 암호화, 정확한 부조종사 및 에이전트 액세스 관리, 원활한 엔터프라이즈 통합 및 GDPR 준수 거버넌스입니다.","Safeguard enterprise content with CUUB.ai from AI. Intelligent encryption, precise copilot and agent access management, seamless enterprise integrations, and GDPR-compliant governance.","AI·클라우드 도구가 늘면서 권한·정책·사고·감사 증빙을 사람이 연결하기 어려운 문제","전체 보안제품 대신 AI 에이전트·MCP 사용대장, 승인, 권한, 실행로그, 감사증빙 한 흐름에 집중","조직의 AI 도구·에이전트를 2주간 발견하고 위험·권한·감사로그를 정리하는 유료 진단","회사당 월 100만~600만원 + 규정팩 + 감사 온보딩비","AI 에이전트를 도입한 스타트업·중견기업의 보안·개발 책임자","ISMS·보안 컨설턴트, MSP, AI 구축사와 규정 대응 콘텐츠","권한 그래프, 증빙 자동수집, 정책·사고·승인 데이터와 규정 매핑","대기업용 GRC가 존재하므로 중견·스타트업의 AI 에이전트 감사증빙에 집중","AI 기본법·ISMS용 에이전트 사용대장·승인·실행로그·감사 내보내기로 진입","한국 규정팩을 검증한 뒤 EU·싱가포르 규정팩과 데이터 처리 옵션을 추가","","공식 제품과 고객 인터뷰로 수요·가격·도입권한을 다시 검증","6~8주 MVP","https://www.cuub.ai/","https://www.sec.gov/Archives/edgar/data/2108701/000210870126000001/0002108701-26-000001-index.html"
"221","조건부","응용","A","87","adjacent","Applied Learning Lab LLC","2026-01-28","CA","Other","기타","56000","56000","3","인력·교육·온보딩","79","20","17","14","13","8","7","11","30일","모두를 위한 학습 우리의 전문가 팀은 교육자와 협력하여 K-12 환경에서 교육 및 학습을 향상시키는 맞춤형 솔루션을 공동 설계합니다. 우리의 접근 방식은 연구와 실습을 결합하여 모든 솔루션이 학교 커뮤니티에 적합하고 지속 가능하도록 보장합니다. 우리가 하는 일 커리큘럼 ]","Learning for ALL Our team of experts partners with educators to co-design tailored solutions that enhance teaching and learning in K–12 settings. Our approach combines research with practice, ensuring every solution is relevant and sustainable for your school community. What We Do Curriculum ]","채용·교육·온보딩이 문서 전달에 머물러 실제 업무 수행과 규정 이수를 측정하기 어려운 문제","한 직군의 실제 업무 문서로 온보딩·역할별 코칭·이수·업무수행 증빙을 자동화","신규직원 한 역할의 문서·상황 20개를 평가형 온보딩으로 바꾸는 유료 제작 파일럿","사용자당 월 2만~10만원 + 콘텐츠 구축비 200만~1,000만원","현장·서비스 직군을 반복 채용하는 중소·중견기업의 인사·교육 책임자","직군 협회, HR·LMS 파트너, 교육기관과 역할별 평가 콘텐츠","직군별 평가·성과 데이터, 사내문서 연동과 실제 업무수행 결과","채용·교육 도구가 많으므로 콘텐츠 전달보다 실제 업무수행 측정에 집중","한 직군의 역할극·업무 증빙을 국내 규정과 조직 용어에 맞게 제공","한국에서 한 직군을 검증한 뒤 일본·동남아 현지 언어·규정 평가팩으로 확장","원회사는 소프트웨어 전용이 아니므로 AI 업무전환 가설을 추가 검증","원회사는 소프트웨어 전용이 아니므로 AI 업무전환 가설을 추가 검증","6~8주 MVP","https://appliedlearninglab.com/","https://www.sec.gov/Archives/edgar/data/2107693/000210769326000001/0002107693-26-000001-index.html"
"222","조건부","응용","B","70","direct","Kilele Health Inc.","2025-10-01","OH","Biotechnology","바이오테크","2000000","264500","3","기타 수직 운영","79","18","16","18","12","8","7","14","1~3개월","Kilele Health는 맞춤형 질병 관리를 강화하고 의료 결과를 개선하기 위해 실시간 생화학 데이터를 제공하는 혁신적인 플랫폼인 SunVida™를 제공합니다.","Kilele Health offers SunVida™, an innovative platform providing real-time biochemical data to enhance personalized disease management and improve healthcare outcomes.","특정 업종의 문서·승인·후속조치가 범용 SaaS에 맞지 않아 엑셀과 사람에게 남는 문제","고객이 매주 반복하는 문서·승인·후속조치 한 개를 서비스형 AI 도구로 제공","반복 업무 1주를 측정하고 한 흐름을 4주간 대신 처리하는 유료 파일럿","월 40만~250만원 + 온보딩·운영 대행비","반복 문서·승인·후속조치가 많은 특정 업종의 대표와 운영 책임자","업종 협회·전문가 파트너·창업자의 직접 고객 인터뷰와 유료 파일럿","업종 템플릿, 고객 수정·완료 데이터, 업무 연동과 판매 채널","회사별 유사 사업을 다시 확인하고 범용 도구보다 좁은 업무의 완료율로 차별화","업종 전체보다 지불 의사가 높은 한 업무를 국내 문서·채널에 맞게 제공","한국에서 결과 데이터를 만든 뒤 규제와 업무가 비슷한 한 국가로 확장","","공식 제품과 고객 인터뷰로 수요·가격·도입권한을 다시 검증","6~8주 MVP","https://www.kilelehealth.com/","https://www.sec.gov/Archives/edgar/data/2087187/000208718725000001/0002087187-25-000001-index.html"
"223","조건부","응용","B","65","direct","Ensemble Labs, Inc.","2025-01-10","CA","Other Technology","기타 기술","18968972","18468966","21","기타 수직 운영","79","18","16","18","12","8","7","10","1~3개월","Ensemble은 우수한 기업과 협력하여 운영을 간소화하고, 데이터를 연결하고, 확장 가능한 자동화를 배포합니다. 실용적이고 측정 가능한 AI 혁신은 오래 지속될 수 있도록 구축되었습니다.","Ensemble partners with high-performing companies to streamline operations, connect data, and deploy automation that scales. Practical, measurable AI transformation built to last.","특정 업종의 문서·승인·후속조치가 범용 SaaS에 맞지 않아 엑셀과 사람에게 남는 문제","고객이 매주 반복하는 문서·승인·후속조치 한 개를 서비스형 AI 도구로 제공","반복 업무 1주를 측정하고 한 흐름을 4주간 대신 처리하는 유료 파일럿","월 40만~250만원 + 온보딩·운영 대행비","반복 문서·승인·후속조치가 많은 특정 업종의 대표와 운영 책임자","업종 협회·전문가 파트너·창업자의 직접 고객 인터뷰와 유료 파일럿","업종 템플릿, 고객 수정·완료 데이터, 업무 연동과 판매 채널","회사별 유사 사업을 다시 확인하고 범용 도구보다 좁은 업무의 완료율로 차별화","업종 전체보다 지불 의사가 높은 한 업무를 국내 문서·채널에 맞게 제공","한국에서 결과 데이터를 만든 뒤 규제와 업무가 비슷한 한 국가로 확장","","공식 제품과 고객 인터뷰로 수요·가격·도입권한을 다시 검증","6~8주 MVP","https://ensemble.ai/","https://www.sec.gov/Archives/edgar/data/1883043/000188304325000001/0001883043-25-000001-index.html"
"224","조건부","응용","B","65","direct","GameRun Inc.","2026-06-25","NY","Other Technology","기타 기술","","4520000","7","기타 수직 운영","79","18","16","18","12","8","7","16","1~3개월","GameRun은 스포츠 산업에 맞춘 수직 AI SaaS 솔루션을 제공합니다. 당사의 플랫폼은 최첨단 인공 지능과 업계 전문 지식을 결합하여 운영을 간소화하고, 선수 성과를 최적화하며, 시설 관리를 단순화합니다. GameRun은 스포츠 조직의 고유한 요구 사항을 충족하도록 설계된 확장 가능한 데이터 기반 도구를 제공합니다.","GameRun offers Vertical AI SaaS solutions tailored for the sports industry. Our platform combines cutting-edge artificial intelligence with industry expertise to streamline operations, optimize athlete performance, and simplify facility management. GameRun delivers scalable, data-driven tools designed to meet the unique needs of sports organizations.","특정 업종의 문서·승인·후속조치가 범용 SaaS에 맞지 않아 엑셀과 사람에게 남는 문제","고객이 매주 반복하는 문서·승인·후속조치 한 개를 서비스형 AI 도구로 제공","반복 업무 1주를 측정하고 한 흐름을 4주간 대신 처리하는 유료 파일럿","월 40만~250만원 + 온보딩·운영 대행비","반복 문서·승인·후속조치가 많은 특정 업종의 대표와 운영 책임자","업종 협회·전문가 파트너·창업자의 직접 고객 인터뷰와 유료 파일럿","업종 템플릿, 고객 수정·완료 데이터, 업무 연동과 판매 채널","회사별 유사 사업을 다시 확인하고 범용 도구보다 좁은 업무의 완료율로 차별화","업종 전체보다 지불 의사가 높은 한 업무를 국내 문서·채널에 맞게 제공","한국에서 결과 데이터를 만든 뒤 규제와 업무가 비슷한 한 국가로 확장","","공식 제품과 고객 인터뷰로 수요·가격·도입권한을 다시 검증","6~8주 MVP","https://gamerun.ai/","https://www.sec.gov/Archives/edgar/data/2141013/000214101326000001/0002141013-26-000001-index.html"
"225","조건부","응용","B","65","direct","Visalaw Ventures, Inc.","2025-02-10","TN","Other Technology","기타 기술","1600000","1600000","8","기타 수직 운영","79","18","16","18","12","8","7","14","1~3개월","Visalaw AI는 이민 변호사가 청원서 초안을 작성하고, 변경 법률을 조사하고, RFE를 줄이는 데 도움을 주어 사건당 10시간 이상을 절약합니다. 무료 데모를 예약하세요.","Visalaw AI helps immigration lawyers draft petitions, research changing laws, and reduce RFEs — saving 10+ hours per case. Schedule a free demo.","특정 업종의 문서·승인·후속조치가 범용 SaaS에 맞지 않아 엑셀과 사람에게 남는 문제","고객이 매주 반복하는 문서·승인·후속조치 한 개를 서비스형 AI 도구로 제공","반복 업무 1주를 측정하고 한 흐름을 4주간 대신 처리하는 유료 파일럿","월 40만~250만원 + 온보딩·운영 대행비","반복 문서·승인·후속조치가 많은 특정 업종의 대표와 운영 책임자","업종 협회·전문가 파트너·창업자의 직접 고객 인터뷰와 유료 파일럿","업종 템플릿, 고객 수정·완료 데이터, 업무 연동과 판매 채널","회사별 유사 사업을 다시 확인하고 범용 도구보다 좁은 업무의 완료율로 차별화","업종 전체보다 지불 의사가 높은 한 업무를 국내 문서·채널에 맞게 제공","한국에서 결과 데이터를 만든 뒤 규제와 업무가 비슷한 한 국가로 확장","","공식 제품과 고객 인터뷰로 수요·가격·도입권한을 다시 검증","6~8주 MVP","https://www.visalaw.ai/","https://www.sec.gov/Archives/edgar/data/2055610/000205582025000004/0002055820-25-000004-index.html"
"226","조건부","응용","B","65","direct","SmileShape, Inc.","2026-02-09","IL","Other Technology","기타 기술","2000000","850000","1","기타 수직 운영","79","18","16","18","12","8","7","13","1~3개월","치과 기공소를 위한 스캔 QC, 처방전 검증 및 CAD 설계를 자동화합니다. 2분만에 풀아치 틀니 완성.","Automate scan QC, prescription validation, and CAD design for dental labs. Full-arch dentures in 2 minutes.","특정 업종의 문서·승인·후속조치가 범용 SaaS에 맞지 않아 엑셀과 사람에게 남는 문제","고객이 매주 반복하는 문서·승인·후속조치 한 개를 서비스형 AI 도구로 제공","반복 업무 1주를 측정하고 한 흐름을 4주간 대신 처리하는 유료 파일럿","월 40만~250만원 + 온보딩·운영 대행비","반복 문서·승인·후속조치가 많은 특정 업종의 대표와 운영 책임자","업종 협회·전문가 파트너·창업자의 직접 고객 인터뷰와 유료 파일럿","업종 템플릿, 고객 수정·완료 데이터, 업무 연동과 판매 채널","회사별 유사 사업을 다시 확인하고 범용 도구보다 좁은 업무의 완료율로 차별화","업종 전체보다 지불 의사가 높은 한 업무를 국내 문서·채널에 맞게 제공","한국에서 결과 데이터를 만든 뒤 규제와 업무가 비슷한 한 국가로 확장","","공식 제품과 고객 인터뷰로 수요·가격·도입권한을 다시 검증","6~8주 MVP","https://www.smileshape.ai/en","https://www.sec.gov/Archives/edgar/data/2110432/000211043226000002/0002110432-26-000002-index.html"
"227","조건부","응용","A","87","adjacent","Rapid Learning Cycles, Inc.","2025-07-31","WA","Other","기타","100","100","1","인력·교육·온보딩","79","20","16","16","12","8","7","6","1~3개월","실제 제품 개발 팀과 리더에게 빠른 속도의 혁신 역량을 제공하는 국제 경영 컨설팅 회사입니다.","An international management consulting firm delivering high-velocity innovation capabilities to physical product development teams and leaders.","채용·교육·온보딩이 문서 전달에 머물러 실제 업무 수행과 규정 이수를 측정하기 어려운 문제","한 직군의 실제 업무 문서로 온보딩·역할별 코칭·이수·업무수행 증빙을 자동화","신규직원 한 역할의 문서·상황 20개를 평가형 온보딩으로 바꾸는 유료 제작 파일럿","사용자당 월 2만~10만원 + 콘텐츠 구축비 200만~1,000만원","현장·서비스 직군을 반복 채용하는 중소·중견기업의 인사·교육 책임자","직군 협회, HR·LMS 파트너, 교육기관과 역할별 평가 콘텐츠","직군별 평가·성과 데이터, 사내문서 연동과 실제 업무수행 결과","채용·교육 도구가 많으므로 콘텐츠 전달보다 실제 업무수행 측정에 집중","한 직군의 역할극·업무 증빙을 국내 규정과 조직 용어에 맞게 제공","한국에서 한 직군을 검증한 뒤 일본·동남아 현지 언어·규정 평가팩으로 확장","원회사는 소프트웨어 전용이 아니므로 AI 업무전환 가설을 추가 검증","원회사는 소프트웨어 전용이 아니므로 AI 업무전환 가설을 추가 검증","6~8주 MVP","https://rapidlearningcycles.com/","https://www.sec.gov/Archives/edgar/data/2079351/000207935125000001/0002079351-25-000001-index.html"
"228","조건부","응용","A","78","adjacent","Venn Advisory LLC","2026-06-11","UT","Business Services","기업 서비스","60000","60000","1","인력·교육·온보딩","79","20","16","16","12","8","7","8","1~3개월","Venn Advisory는 선임 채용 이사와 AI를 연결하여 성장 단계 및 규모가 큰 회사에 대한 시장 진출, 엔지니어링 및 운영 검색을 실행합니다.","Venn Advisory pairs senior recruiting directors with AI to run go-to-market, engineering, and operations searches for growth-stage and scaling companies.","채용·교육·온보딩이 문서 전달에 머물러 실제 업무 수행과 규정 이수를 측정하기 어려운 문제","한 직군의 실제 업무 문서로 온보딩·역할별 코칭·이수·업무수행 증빙을 자동화","신규직원 한 역할의 문서·상황 20개를 평가형 온보딩으로 바꾸는 유료 제작 파일럿","사용자당 월 2만~10만원 + 콘텐츠 구축비 200만~1,000만원","현장·서비스 직군을 반복 채용하는 중소·중견기업의 인사·교육 책임자","직군 협회, HR·LMS 파트너, 교육기관과 역할별 평가 콘텐츠","직군별 평가·성과 데이터, 사내문서 연동과 실제 업무수행 결과","채용·교육 도구가 많으므로 콘텐츠 전달보다 실제 업무수행 측정에 집중","한 직군의 역할극·업무 증빙을 국내 규정과 조직 용어에 맞게 제공","한국에서 한 직군을 검증한 뒤 일본·동남아 현지 언어·규정 평가팩으로 확장","원회사는 소프트웨어 전용이 아니므로 AI 업무전환 가설을 추가 검증","원회사는 소프트웨어 전용이 아니므로 AI 업무전환 가설을 추가 검증","6~8주 MVP","https://vennadvisory.ai/","https://www.sec.gov/Archives/edgar/data/2139947/000213994726000001/0002139947-26-000001-index.html"
"229","조건부","응용","B","69","adjacent","GAI Insights LLC","2025-03-21","MA","Other Technology","기타 기술","750000","185000","6","인력·교육·온보딩","79","20","16","16","12","8","7","14","1~3개월","GAI 통찰력은 엔터프라이즈 GenAI에 대한 모범 사례 및 사용 사례를 통해 AI 리더와 팀을 지원합니다. AI 솔루션으로 비즈니스를 혁신하세요.","GAI insight supports AI leaders & their teams with best practices & use cases for enterprise GenAI. Transform your business with AI solutions.","채용·교육·온보딩이 문서 전달에 머물러 실제 업무 수행과 규정 이수를 측정하기 어려운 문제","한 직군의 실제 업무 문서로 온보딩·역할별 코칭·이수·업무수행 증빙을 자동화","신규직원 한 역할의 문서·상황 20개를 평가형 온보딩으로 바꾸는 유료 제작 파일럿","사용자당 월 2만~10만원 + 콘텐츠 구축비 200만~1,000만원","현장·서비스 직군을 반복 채용하는 중소·중견기업의 인사·교육 책임자","직군 협회, HR·LMS 파트너, 교육기관과 역할별 평가 콘텐츠","직군별 평가·성과 데이터, 사내문서 연동과 실제 업무수행 결과","채용·교육 도구가 많으므로 콘텐츠 전달보다 실제 업무수행 측정에 집중","한 직군의 역할극·업무 증빙을 국내 규정과 조직 용어에 맞게 제공","한국에서 한 직군을 검증한 뒤 일본·동남아 현지 언어·규정 평가팩으로 확장","원회사는 소프트웨어 전용이 아니므로 AI 업무전환 가설을 추가 검증","원회사는 소프트웨어 전용이 아니므로 AI 업무전환 가설을 추가 검증","6~8주 MVP","https://gaiinsights.com/","https://www.sec.gov/Archives/edgar/data/2060472/000206047225000001/0002060472-25-000001-index.html"
"230","조건부","응용","B","65","direct","JuiceBox LLC","2025-03-07","DE","Manufacturing","제조","","20000","1","인력·교육·온보딩","79","20","15","15","12","9","8","3","1~3개월","하나의 프롬프트에서 완벽하게 적합한 후보자를 찾아 확인하고 이메일을 보내세요. 30개 이상의 소스에서 8억 개 이상의 프로필을 검색하고 AI로 더 빠르게 채용하세요","Find, verify, and email perfect-fit candidates in one prompt. Search 800M+ profiles across 30+ sources and hire faster with AI","채용·교육·온보딩이 문서 전달에 머물러 실제 업무 수행과 규정 이수를 측정하기 어려운 문제","한 직군의 실제 업무 문서로 온보딩·역할별 코칭·이수·업무수행 증빙을 자동화","신규직원 한 역할의 문서·상황 20개를 평가형 온보딩으로 바꾸는 유료 제작 파일럿","사용자당 월 2만~10만원 + 콘텐츠 구축비 200만~1,000만원","현장·서비스 직군을 반복 채용하는 중소·중견기업의 인사·교육 책임자","직군 협회, HR·LMS 파트너, 교육기관과 역할별 평가 콘텐츠","직군별 평가·성과 데이터, 사내문서 연동과 실제 업무수행 결과","채용·교육 도구가 많으므로 콘텐츠 전달보다 실제 업무수행 측정에 집중","한 직군의 역할극·업무 증빙을 국내 규정과 조직 용어에 맞게 제공","한국에서 한 직군을 검증한 뒤 일본·동남아 현지 언어·규정 평가팩으로 확장","범용 플랫폼 전체가 아니라 한 업무와 한 구매자만 선택","범용 플랫폼 전체가 아니라 한 업무와 한 구매자만 선택","6~8주 MVP","https://juicebox.ai/","https://www.sec.gov/Archives/edgar/data/2059403/000205940325000001/0002059403-25-000001-index.html"
"231","조건부","응용","B","65","direct","Niural, Inc.","2026-06-12","TX","Other Technology","기타 기술","30577463","30577463","11","개발도구·데이터","79","18","14","19","9","10","9","12","1~3개월","Niural은 전 세계적으로 간소화된 HR 운영을 위한 중앙 집중식 제어, 고급 분석 및 자동화를 갖춘 HR 관리의 미래입니다.","Niural is the future of HR management with centralized control, advanced analytics, and automation for streamlined HR operations worldwide.","코드·데이터·클라우드 맥락이 파편화돼 개발·분석·AI 배포의 오류와 대기시간이 늘어나는 문제","코드·티켓·문서 맥락, 생성코드 QA, 데이터 품질 중 평가 가능한 한 문제를 해결","고객 저장소·데이터셋 한 곳에서 오류 20건을 재현·분류하는 2주 유료 파일럿","개발자/데이터 사용자당 월 3만~20만원 + 기업 온보딩비","AI 기능을 운영하는 국내외 개발·데이터 팀과 소프트웨어 회사","오픈소스·기술 콘텐츠, 개발자 커뮤니티, 클라우드·SI 파트너","저장소·티켓 연동, 조직별 평가셋, 오류·수정·배포 결과 데이터","글로벌 개발도구와 국내 MSP가 강하므로 특정 평가셋이나 레거시 연동이 필요","한국 레거시·SI 스택의 코드·티켓·문서와 생성코드 QA처럼 현지 맥락이 필요한 문제로 진입","영문 제품과 API를 먼저 제공하고 평가셋·연동팩을 산업별로 확장","규제 판단을 제외하고 사람 승인형 운영 보조로 제한","규제 판단을 제외하고 사람 승인형 운영 보조로 제한","6~8주 MVP","https://www.niural.com/","https://www.sec.gov/Archives/edgar/data/2076036/000207603626000001/0002076036-26-000001-index.html"
"232","조건부","응용","A","85","direct","Charta Health, Inc.","2025-07-22","CA","Other Technology","기타 기술","30079990","30079990","11","의료 수익·청구 운영","79","18","13","20","12","7","9","13","1~3개월","의료기록을 사전 검토해 청구 누락을 찾고 의료기관의 매출을 높이는 AI 차트검토 플랫폼이다.","Charta is the AI chart review platform that delivers 11% revenue lift by scaling pre-billing chart review across 100% of patient encounters.","자격확인·서류 누락·청구 거절·미수금 때문에 의료기관 매출이 새는 문제","진단을 피하고 청구 전 누락검사·거절 사유 분류·미수 후속조치 중 하나를 사람 승인 방식으로 자동화","익명화한 과거 청구 200건에서 누락·거절 원인을 찾아 회수 가능액을 제시하는 유료 진단","기관당 월 100만~500만원 + 처리 건수 또는 회수 성과수수료","치과·검사기관·중소 의료기관의 청구·원무 책임자","청구대행사·EMR 파트너·진료과 협회 소개 영업","거절·누락 사유, 수정 이력, 실제 회수 결과와 진료과별 검수 규칙","EMR·청구대행 사업이 있으므로 진단이 아닌 누락 탐지와 회수 결과 데이터로 차별화","미국 보험 구조를 복제하지 않고 국내 비임상 서류·미수·재방문·청구 전 검수로 현지화","한국에서 비임상 수익운영을 검증한 뒤 일본·싱가포르 현지 파트너와 확장","","공식 제품과 고객 인터뷰로 수요·가격·도입권한을 다시 검증","6~8주 MVP","https://www.chartahealth.com/","https://www.sec.gov/Archives/edgar/data/2077107/000207710725000001/0002077107-25-000001-index.html"
"233","조건부","응용","A","85","direct","Undeniable Health AI Inc.","2026-06-22","NY","Other Technology","기타 기술","600000","600000","13","의료 수익·청구 운영","79","18","13","20","12","7","9","19","1~3개월","임상검사기관과 의료비 청구회사를 위해 거절된 보험청구의 원인을 찾고 회수 업무를 수행하는 AI 에이전트다.","AI agents for healthcare claims recovery. We help clinical labs and billing companies recover denied claims faster and at a fraction of the traditional cost.","자격확인·서류 누락·청구 거절·미수금 때문에 의료기관 매출이 새는 문제","진단을 피하고 청구 전 누락검사·거절 사유 분류·미수 후속조치 중 하나를 사람 승인 방식으로 자동화","익명화한 과거 청구 200건에서 누락·거절 원인을 찾아 회수 가능액을 제시하는 유료 진단","기관당 월 100만~500만원 + 처리 건수 또는 회수 성과수수료","치과·검사기관·중소 의료기관의 청구·원무 책임자","청구대행사·EMR 파트너·진료과 협회 소개 영업","거절·누락 사유, 수정 이력, 실제 회수 결과와 진료과별 검수 규칙","EMR·청구대행 사업이 있으므로 진단이 아닌 누락 탐지와 회수 결과 데이터로 차별화","미국 보험 구조를 복제하지 않고 국내 비임상 서류·미수·재방문·청구 전 검수로 현지화","한국에서 비임상 수익운영을 검증한 뒤 일본·싱가포르 현지 파트너와 확장","","공식 제품과 고객 인터뷰로 수요·가격·도입권한을 다시 검증","6~8주 MVP","https://www.undeniablehealth.ai/","https://www.sec.gov/Archives/edgar/data/2130106/000213010626000002/0002130106-26-000002-index.html"
"234","조건부","응용","A","78","direct","Unwind Finance Inc.","2025-01-10","CA","Other Technology","기타 기술","8600000","8464990","22","재무·백오피스","79","17","13","20","11","9","9","15","1~3개월","Unwind Finance는 비유동 자산을 분석하고 디지털화하는 데이터·인프라로 대규모 대체자산 시장의 거래와 운영을 지원한다.","Data analytics and digital asset infrastructure unlocking a trillion dollar asset class","계약·송장·입금·미수·회계 자료가 맞지 않아 현금 회수와 마감이 늦어지는 문제","계약·송장·입금·미수금의 불일치를 찾아 후속조치 초안을 만들고 사람이 승인","미수·송장 3개월치를 대조해 회수 우선순위와 고객별 후속문안을 제공하는 유료 진단","회사당 월 60만~300만원 + 온보딩비 또는 회수 성과수수료","계약·송장·입금·미수 관리가 복잡한 중소 B2B 기업 대표와 재무 담당자","회계사·세무사·ERP 파트너, 미수 회수·마감 단축 사례 기반 직접 영업","ERP·회계 연동, 예외·승인·회수 결과와 거래처별 지불 패턴","회계·세무 SaaS가 강하므로 불일치 탐지와 실제 회수 성과에 집중","ERP를 교체하지 않고 계약·전자세금계산서·입금 불일치와 후속조치를 연결","한국에서 회수·마감 성과를 검증한 뒤 싱가포르·호주 회계 연동으로 확장","규제 판단을 제외하고 사람 승인형 운영 보조로 제한 | 범용 플랫폼 전체가 아니라 한 업무와 한 구매자만 선택","규제 판단을 제외하고 사람 승인형 운영 보조로 제한","8~12주 또는 파트너","https://unwindfinance.com/","https://www.sec.gov/Archives/edgar/data/1955769/000195576925000001/0001955769-25-000001-index.html"
"235","조건부","응용","A","78","direct","ADAS AI TRAK Corp","2026-05-11","FL","Business Services","기업 서비스","3000000","1672400","10","보험 운영","79","18","13","20","12","7","9","19","1~3개월","TRAK은 충돌 수리 추정치를 정확한 보험 지원 워크플로우로 전환하는 선도적인 ADAS 교정 관리 플랫폼입니다. AI 기반 자동화를 통해 수익을 창출하고 OEM 규정 준수를 보장하며 수리를 가속화하세요.","TRAK is the leading ADAS calibration management platform that turns collision-repair estimates into precise, insurance-ready workflows. Capture revenue, ensure OEM compliance, and accelerate repairs with AI-powered automation.","보험 서류·갱신·담보·청구 예외가 상품과 포털마다 달라 반복 작업이 커지는 문제","보험 판단 대신 서류 접수·증빙 누락·갱신 후속조치처럼 브로커 운영을 자동화","갱신·청구 파일 100건의 누락·미응답을 찾아 우선순위와 후속문안을 제공하는 유료 진단","브로커/지점당 월 80만~400만원 + 처리 건수","GA·보험 브로커·대리점의 운영·갱신·청구 담당자","보험대리점 네트워크, GA 시스템 파트너, 갱신·누락 사례 기반 영업","보험사별 포털·서류·예외, 갱신·완료 결과와 사람 승인 데이터","보험사·GA 솔루션이 존재하므로 자문·심사보다 서류와 갱신 운영으로 제한","보험 판단은 제외하고 서류 접수·증빙 누락·갱신 후속조치에 집중","현지 브로커 파트너 방식으로 한 국가의 포털·문서부터 확장","","공식 제품과 고객 인터뷰로 수요·가격·도입권한을 다시 검증","6~8주 MVP","https://www.adastrak.com/","https://www.sec.gov/Archives/edgar/data/2134567/000213456726000001/0002134567-26-000001-index.html"
"236","조건부","응용","B","65","direct","Spektrum Labs, Inc.","2026-02-24","IN","Other Technology","기타 기술","7191465","7191465","26","보험 운영","79","18","13","20","12","7","9","14","1~3개월","사이버 보안 보호 장치가 보험, 감사 및 이사회에 대한 지속적인 검증, 암호화 증거 및 자동화된 규정 준수와 함께 작동하고 있음을 입증하십시오.","Prove cybersecurity safeguards are working with continuous validation, cryptographic evidence, and automated compliance for insurance, audits, and boards.","보험 서류·갱신·담보·청구 예외가 상품과 포털마다 달라 반복 작업이 커지는 문제","보험 판단 대신 서류 접수·증빙 누락·갱신 후속조치처럼 브로커 운영을 자동화","갱신·청구 파일 100건의 누락·미응답을 찾아 우선순위와 후속문안을 제공하는 유료 진단","브로커/지점당 월 80만~400만원 + 처리 건수","GA·보험 브로커·대리점의 운영·갱신·청구 담당자","보험대리점 네트워크, GA 시스템 파트너, 갱신·누락 사례 기반 영업","보험사별 포털·서류·예외, 갱신·완료 결과와 사람 승인 데이터","보험사·GA 솔루션이 존재하므로 자문·심사보다 서류와 갱신 운영으로 제한","보험 판단은 제외하고 서류 접수·증빙 누락·갱신 후속조치에 집중","현지 브로커 파트너 방식으로 한 국가의 포털·문서부터 확장","","공식 제품과 고객 인터뷰로 수요·가격·도입권한을 다시 검증","6~8주 MVP","https://spektrum.ai/","https://www.sec.gov/Archives/edgar/data/2111594/000211159426000001/0002111594-26-000001-index.html"
"237","조건부","응용","B","65","direct","Zenprexi, Inc.","2026-05-05","NC","Computers","컴퓨터","1500000","50000","1","보험 운영","79","18","13","20","12","7","9","5","1~3개월","Zenprexi Bio-Risk는 개인정보를 보호하는 이중 점수의 작업자 준비 플랫폼입니다. 특허 출원 중: US 63/919,896, 63/976,499, 64/064,692, 64/065,722.","Zenprexi Bio-Risk is a dual-score, privacy-preserving worker-readiness platform. Patents pending: US 63/919,896, 63/976,499, 64/064,692, 64/065,722.","보험 서류·갱신·담보·청구 예외가 상품과 포털마다 달라 반복 작업이 커지는 문제","보험 판단 대신 서류 접수·증빙 누락·갱신 후속조치처럼 브로커 운영을 자동화","갱신·청구 파일 100건의 누락·미응답을 찾아 우선순위와 후속문안을 제공하는 유료 진단","브로커/지점당 월 80만~400만원 + 처리 건수","GA·보험 브로커·대리점의 운영·갱신·청구 담당자","보험대리점 네트워크, GA 시스템 파트너, 갱신·누락 사례 기반 영업","보험사별 포털·서류·예외, 갱신·완료 결과와 사람 승인 데이터","보험사·GA 솔루션이 존재하므로 자문·심사보다 서류와 갱신 운영으로 제한","보험 판단은 제외하고 서류 접수·증빙 누락·갱신 후속조치에 집중","현지 브로커 파트너 방식으로 한 국가의 포털·문서부터 확장","","공식 제품과 고객 인터뷰로 수요·가격·도입권한을 다시 검증","6~8주 MVP","https://zenprexi.com/","https://www.sec.gov/Archives/edgar/data/2129607/000212960726000001/0002129607-26-000001-index.html"
"238","조건부","응용","B","73","adjacent","Detect Auto Inc.","2025-12-09","ND","Other Technology","기타 기술","3250000","2875000","7","현장·건설·산업 운영","79","17","12","20","14","8","8","14","1~3개월","Detect Auto는 기존 작업흐름을 방해하지 않으면서 시간을 절약하고 유지보수 판매를 늘리며 생산성을 향상시키는 강력한 자동화를 통해 자동차 정비소의 서비스 프로세스를 간소화합니다.","Detect Auto streamlines your auto shop s service process with powerful automations that save time, boost maintenance sales, and improve productivity – all without disrupting your existing workflows.","현장 사진·완료서·견적·규정 증빙이 흩어져 청구와 공정 결정이 늦어지는 문제","작업사진·완료서·자재·견적을 청구와 규정 증빙으로 바꾸는 공종 하나의 도구","한 현장의 사진·작업일보를 기성·청구 증빙으로 변환하는 4주 유료 파일럿","업체당 월 70만~350만원 + 현장 수 + 초기 문서설정비","전문건설사·설비사·정비업체의 현장소장과 공무·청구 담당자","공종 협회, 세무·ERP·장비 파트너, 현장 사례 기반 직접 영업","공종별 문서·사진 판정, 청구 결과, 현장 시스템 연동과 예외 규칙","건설 공무·적산·견적 자동화가 인접하므로 전 공종 ERP보다 작업→청구 흐름에 집중","카카오톡 사진·HWP·세금계산서·공종 용어를 연결해 작업 완료→청구 한 공종으로 제한","한국 공종에서 검증한 뒤 일본·호주의 유사 현장 문서와 청구 흐름으로 확장","원회사는 소프트웨어 전용이 아니므로 AI 업무전환 가설을 추가 검증","원회사는 소프트웨어 전용이 아니므로 AI 업무전환 가설을 추가 검증","8~12주 또는 파트너","https://detectauto.com/","https://www.sec.gov/Archives/edgar/data/2097158/000209715825000001/0002097158-25-000001-index.html"
"239","조건부","응용","B","65","direct","eMotive Software, Inc.","2026-06-26","TX","Other Technology","기타 기술","3250000","2750000","2","재무·백오피스","79","17","12","20","11","9","10","16","1~3개월","감성 소프트웨어 - 현대적인 대출 운영을 위한 통합 플랫폼입니다. 단절된 시스템을 대출 기관 및 금융 회사를 위해 구축된 하나의 지능형 ERP로 교체하세요.","Emotive Software - A Unified Platform for Modern Lending Operations. Replace disconnected systems with one intelligent ERP built for lenders and finance companies.","계약·송장·입금·미수·회계 자료가 맞지 않아 현금 회수와 마감이 늦어지는 문제","계약·송장·입금·미수금의 불일치를 찾아 후속조치 초안을 만들고 사람이 승인","미수·송장 3개월치를 대조해 회수 우선순위와 고객별 후속문안을 제공하는 유료 진단","회사당 월 60만~300만원 + 온보딩비 또는 회수 성과수수료","계약·송장·입금·미수 관리가 복잡한 중소 B2B 기업 대표와 재무 담당자","회계사·세무사·ERP 파트너, 미수 회수·마감 단축 사례 기반 직접 영업","ERP·회계 연동, 예외·승인·회수 결과와 거래처별 지불 패턴","회계·세무 SaaS가 강하므로 불일치 탐지와 실제 회수 성과에 집중","ERP를 교체하지 않고 계약·전자세금계산서·입금 불일치와 후속조치를 연결","한국에서 회수·마감 성과를 검증한 뒤 싱가포르·호주 회계 연동으로 확장","규제 판단을 제외하고 사람 승인형 운영 보조로 제한 | 핵심 시스템 연동 전 파일·이메일 입력으로 먼저 검증","규제 판단을 제외하고 사람 승인형 운영 보조로 제한","8~12주 또는 파트너","https://www.emotivesoftware.com/","https://www.sec.gov/Archives/edgar/data/1955880/000195588026000001/0001955880-26-000001-index.html"
"240","조건부","응용","A","85","direct","Ranger RFX, Inc.","2026-04-13","NY","Other Technology","기타 기술","6000000","6000000","4","조달·물류·공급망","79","18","12","19","13","8","9","17","1~3개월","산업 현장의 팀·업무흐름·문서를 연결하고 조달·엔지니어링·규정 업무를 처리하는 산업용 AI 에이전트다.","Ranger connects every industrial team, every workflow, and every document across your entire operation. AI agents purpose-built for procurement, engineering, and compliance teams.","RFQ·견적·발주·선적 문서가 흩어져 가격·납기·승인 예외를 놓치는 문제","RFQ·견적·발주·선적 문서를 읽고 누락·가격변경·납기 예외를 한 품목군에서 처리","최근 RFQ·견적 100건을 표준화해 누락·가격차·미응답을 찾아주는 유료 업무진단","업체당 월 80만~400만원 + 문서/거래 건수 + 온보딩비","중소 제조·수출기업의 구매·영업·물류 책임자","ERP·관세·물류 파트너, 산업단지와 품목별 직접 영업","거래처별 예외, 품목 매핑, 견적·납기 결과와 승인 데이터","ERP는 강하지만 중소 제조업의 이메일·엑셀 예외 처리는 수작업인 경우가 많음","이메일·엑셀·거래처 품목명을 국내 RFQ·발주 문서 형식에 맞게 처리","한국 수출기업에서 시작해 일본·동남아 공급사 문서와 이메일·WhatsApp으로 확장","범용 플랫폼 전체가 아니라 한 업무와 한 구매자만 선택","범용 플랫폼 전체가 아니라 한 업무와 한 구매자만 선택","6~8주 MVP","https://www.rangerx.ai/","https://www.sec.gov/Archives/edgar/data/2127868/000212786826000001/0002127868-26-000001-index.html"
"241","조건부","응용","B","65","direct","BackOps-ai Inc.","2026-03-16","CA","Other Technology","기타 기술","27499981","27499981","4","조달·물류·공급망","79","16","11","20","13","9","10","12","3~6개월+","BackOps는 레거시 시스템, 공급업체 포털, 수동 도구 및 부족 지식 전반에 걸쳐 내부 프로세스를 상시 자동화로 변환하는 AI 기반 운영 체제입니다.","BackOps is an AI-native operating system that transforms internal processes into always-on automation across legacy systems, vendor portals, manual tools and tribal knowledge.","RFQ·견적·발주·선적 문서가 흩어져 가격·납기·승인 예외를 놓치는 문제","RFQ·견적·발주·선적 문서를 읽고 누락·가격변경·납기 예외를 한 품목군에서 처리","최근 RFQ·견적 100건을 표준화해 누락·가격차·미응답을 찾아주는 유료 업무진단","업체당 월 80만~400만원 + 문서/거래 건수 + 온보딩비","중소 제조·수출기업의 구매·영업·물류 책임자","ERP·관세·물류 파트너, 산업단지와 품목별 직접 영업","거래처별 예외, 품목 매핑, 견적·납기 결과와 승인 데이터","ERP는 강하지만 중소 제조업의 이메일·엑셀 예외 처리는 수작업인 경우가 많음","이메일·엑셀·거래처 품목명을 국내 RFQ·발주 문서 형식에 맞게 처리","한국 수출기업에서 시작해 일본·동남아 공급사 문서와 이메일·WhatsApp으로 확장","핵심 시스템 연동 전 파일·이메일 입력으로 먼저 검증 | 범용 플랫폼 전체가 아니라 한 업무와 한 구매자만 선택","핵심 시스템 연동 전 파일·이메일 입력으로 먼저 검증","8~12주 또는 파트너","https://www.backops.ai/","https://www.sec.gov/Archives/edgar/data/2069619/000206961926000002/0002069619-26-000002-index.html"
"242","조건부","응용","B","65","direct","Ekyam.ai, Inc.","2025-04-07","NY","Other Technology","기타 기술","2000000","2000000","3","조달·물류·공급망","79","16","11","20","13","9","10","14","3~6개월+","Ekyam의 AI 기반 플랫폼을 통해 공급망을 최적화하고 수익을 증대하세요. 실시간 재고 관찰, 주문 라우팅 및 사전 경고를 위해 ERP, OMS, WMS, POS 및 상거래 시스템을 원활하게 통합합니다. 지금 기업를 혁신할 Ekyam 통합 커머스를 만나보세요.","Optimize your supply chain and boost revenue with Ekyam’s AI-driven platform. Seamlessly integrate ERP, OMS, WMS, POS and commerce systems for real-time inventory observability, order routing, and proactive alerts. Discover Ekyam Unified Commerce to transform your business today.","RFQ·견적·발주·선적 문서가 흩어져 가격·납기·승인 예외를 놓치는 문제","RFQ·견적·발주·선적 문서를 읽고 누락·가격변경·납기 예외를 한 품목군에서 처리","최근 RFQ·견적 100건을 표준화해 누락·가격차·미응답을 찾아주는 유료 업무진단","업체당 월 80만~400만원 + 문서/거래 건수 + 온보딩비","중소 제조·수출기업의 구매·영업·물류 책임자","ERP·관세·물류 파트너, 산업단지와 품목별 직접 영업","거래처별 예외, 품목 매핑, 견적·납기 결과와 승인 데이터","ERP는 강하지만 중소 제조업의 이메일·엑셀 예외 처리는 수작업인 경우가 많음","이메일·엑셀·거래처 품목명을 국내 RFQ·발주 문서 형식에 맞게 처리","한국 수출기업에서 시작해 일본·동남아 공급사 문서와 이메일·WhatsApp으로 확장","핵심 시스템 연동 전 파일·이메일 입력으로 먼저 검증 | 범용 플랫폼 전체가 아니라 한 업무와 한 구매자만 선택","핵심 시스템 연동 전 파일·이메일 입력으로 먼저 검증","8~12주 또는 파트너","https://ekyam.ai/","https://www.sec.gov/Archives/edgar/data/2063715/000206371525000001/0002063715-25-000001-index.html"
"243","조건부","응용","B","65","direct","pgEdge, Inc.","2025-02-21","VA","Other Technology","기타 기술","4242522","4242522","6","개발도구·데이터","79","20","11","19","10","10","9","14","3~6개월+","내장된 에이전트 AI 도구, 다중 마스터 복제 및 다운타임 없는 HA를 통해 Enterprise PostgreSQL을 실행하세요. 자체 호스팅, 클라우드 또는 pgEdge에서 관리됩니다.","Run Enterprise PostgreSQL with built-in agentic AI tooling, multi-master replication, and zero-downtime HA. Self-hosted, cloud, or managed by pgEdge.","코드·데이터·클라우드 맥락이 파편화돼 개발·분석·AI 배포의 오류와 대기시간이 늘어나는 문제","코드·티켓·문서 맥락, 생성코드 QA, 데이터 품질 중 평가 가능한 한 문제를 해결","고객 저장소·데이터셋 한 곳에서 오류 20건을 재현·분류하는 2주 유료 파일럿","개발자/데이터 사용자당 월 3만~20만원 + 기업 온보딩비","AI 기능을 운영하는 국내외 개발·데이터 팀과 소프트웨어 회사","오픈소스·기술 콘텐츠, 개발자 커뮤니티, 클라우드·SI 파트너","저장소·티켓 연동, 조직별 평가셋, 오류·수정·배포 결과 데이터","글로벌 개발도구와 국내 MSP가 강하므로 특정 평가셋이나 레거시 연동이 필요","한국 레거시·SI 스택의 코드·티켓·문서와 생성코드 QA처럼 현지 맥락이 필요한 문제로 진입","영문 제품과 API를 먼저 제공하고 평가셋·연동팩을 산업별로 확장","대기업·공공 조달과 보안심사로 첫 매출이 느릴 수 있음","대기업·공공 조달과 보안심사로 첫 매출이 느릴 수 있음","6~8주 MVP","https://www.pgedge.com/","https://www.sec.gov/Archives/edgar/data/1995276/000199527625000002/0001995276-25-000002-index.html"
"244","조건부","응용","B","65","direct","BoltWise Inc.","2025-09-29","CO","Other","기타","2500000","2500000","8","현장·건설·산업 운영","79","17","11","19","14","8","10","14","3~6개월+","BoltWise는 산업 유통업체가 유일하게 포괄적인 AI 기반 견적 도구를 사용하여 작업 흐름을 간소화하고 비즈니스를 가속화하도록 돕습니다. 여기에서 데모를 예약하세요.","BoltWise helps industrial distributors streamline workflows and accelerate business with the only comprehensive, AI-powered quoting tool. Book a Demo here.","현장 사진·완료서·견적·규정 증빙이 흩어져 청구와 공정 결정이 늦어지는 문제","작업사진·완료서·자재·견적을 청구와 규정 증빙으로 바꾸는 공종 하나의 도구","한 현장의 사진·작업일보를 기성·청구 증빙으로 변환하는 4주 유료 파일럿","업체당 월 70만~350만원 + 현장 수 + 초기 문서설정비","전문건설사·설비사·정비업체의 현장소장과 공무·청구 담당자","공종 협회, 세무·ERP·장비 파트너, 현장 사례 기반 직접 영업","공종별 문서·사진 판정, 청구 결과, 현장 시스템 연동과 예외 규칙","건설 공무·적산·견적 자동화가 인접하므로 전 공종 ERP보다 작업→청구 흐름에 집중","카카오톡 사진·HWP·세금계산서·공종 용어를 연결해 작업 완료→청구 한 공종으로 제한","한국 공종에서 검증한 뒤 일본·호주의 유사 현장 문서와 청구 흐름으로 확장","핵심 시스템 연동 전 파일·이메일 입력으로 먼저 검증","핵심 시스템 연동 전 파일·이메일 입력으로 먼저 검증","8~12주 또는 파트너","https://getboltwise.com/","https://www.sec.gov/Archives/edgar/data/2031074/000203107425000003/0002031074-25-000003-index.html"
"245","조건부","응용","B","65","direct","SENSEARLY INC.","2025-03-11","CA","Biotechnology","바이오테크","1700000","1700000","7","보안·AI 거버넌스","79","18","11","18","13","9","10","14","3~6개월+","Sensearly는 다중 모드 모니터링, 지속적인 위험 채점, 장기 중심 영양 인텔리전스 및 안전한 약물 적정을 통해 예측 만성 치료를 제공합니다. ORCA, SWAN 및 TiTER를 기반으로 악화를 조기에 감지하고 치료 워크플로를 자동화합니다.","Sensearly delivers predictive chronic care through multimodal monitoring, continuous risk scoring, organ-focused nutrition intelligence, and safe medication titration. Powered by ORCA, SWAN, and TiTER to detect deterioration early and automate care workflows.","AI·클라우드 도구가 늘면서 권한·정책·사고·감사 증빙을 사람이 연결하기 어려운 문제","전체 보안제품 대신 AI 에이전트·MCP 사용대장, 승인, 권한, 실행로그, 감사증빙 한 흐름에 집중","조직의 AI 도구·에이전트를 2주간 발견하고 위험·권한·감사로그를 정리하는 유료 진단","회사당 월 100만~600만원 + 규정팩 + 감사 온보딩비","AI 에이전트를 도입한 스타트업·중견기업의 보안·개발 책임자","ISMS·보안 컨설턴트, MSP, AI 구축사와 규정 대응 콘텐츠","권한 그래프, 증빙 자동수집, 정책·사고·승인 데이터와 규정 매핑","대기업용 GRC가 존재하므로 중견·스타트업의 AI 에이전트 감사증빙에 집중","AI 기본법·ISMS용 에이전트 사용대장·승인·실행로그·감사 내보내기로 진입","한국 규정팩을 검증한 뒤 EU·싱가포르 규정팩과 데이터 처리 옵션을 추가","","공식 제품과 고객 인터뷰로 수요·가격·도입권한을 다시 검증","6~8주 MVP","https://sensearly.ai/","https://www.sec.gov/Archives/edgar/data/2059674/000205967425000001/0002059674-25-000001-index.html"
"246","조건부","응용","B","65","direct","Litewave.AI, Inc","2025-03-14","CA","Other Technology","기타 기술","3500000","200000","1","보안·AI 거버넌스","79","18","11","18","13","9","10","11","3~6개월+","Litewave AI는 제약 제조업체가 제약 교육을 받은 어디서나 배포 가능한 AI 에이전트를 통해 운영을 디지털화하고 규정 준수 위험을 표면화하며 프로세스를 최적화하는 데 도움을 줍니다.","Litewave AI helps pharmaceutical manufacturers digitize operations, surface compliance risks, and optimize processes with pharma-trained, deploy-anywhere AI agents.","AI·클라우드 도구가 늘면서 권한·정책·사고·감사 증빙을 사람이 연결하기 어려운 문제","전체 보안제품 대신 AI 에이전트·MCP 사용대장, 승인, 권한, 실행로그, 감사증빙 한 흐름에 집중","조직의 AI 도구·에이전트를 2주간 발견하고 위험·권한·감사로그를 정리하는 유료 진단","회사당 월 100만~600만원 + 규정팩 + 감사 온보딩비","AI 에이전트를 도입한 스타트업·중견기업의 보안·개발 책임자","ISMS·보안 컨설턴트, MSP, AI 구축사와 규정 대응 콘텐츠","권한 그래프, 증빙 자동수집, 정책·사고·승인 데이터와 규정 매핑","대기업용 GRC가 존재하므로 중견·스타트업의 AI 에이전트 감사증빙에 집중","AI 기본법·ISMS용 에이전트 사용대장·승인·실행로그·감사 내보내기로 진입","한국 규정팩을 검증한 뒤 EU·싱가포르 규정팩과 데이터 처리 옵션을 추가","","공식 제품과 고객 인터뷰로 수요·가격·도입권한을 다시 검증","6~8주 MVP","https://litewave.ai/","https://www.sec.gov/Archives/edgar/data/2060763/000206076325000002/0002060763-25-000002-index.html"
"247","조건부","응용","B","65","direct","AristaVue Inc.","2025-12-22","MN","Other Technology","기타 기술","750000","75000","2","보안·AI 거버넌스","79","18","11","18","13","9","10","6","3~6개월+","AristaVue는 K-12 카페테리아를 위해 구축된 AI 기반 셀프 계산대입니다. 직원 한 명이 여러 줄을 운영하고 모든 식사는 NSLP 및 SBP 준수를 위해 캡처되며 이미 사용하고 있는 POS와 연동됩니다.","AristaVue is AI-powered self-checkout built for K-12 cafeterias — one staff member runs multiple lines, every meal is captured for NSLP and SBP compliance, and it works with the POS you already use.","AI·클라우드 도구가 늘면서 권한·정책·사고·감사 증빙을 사람이 연결하기 어려운 문제","전체 보안제품 대신 AI 에이전트·MCP 사용대장, 승인, 권한, 실행로그, 감사증빙 한 흐름에 집중","조직의 AI 도구·에이전트를 2주간 발견하고 위험·권한·감사로그를 정리하는 유료 진단","회사당 월 100만~600만원 + 규정팩 + 감사 온보딩비","AI 에이전트를 도입한 스타트업·중견기업의 보안·개발 책임자","ISMS·보안 컨설턴트, MSP, AI 구축사와 규정 대응 콘텐츠","권한 그래프, 증빙 자동수집, 정책·사고·승인 데이터와 규정 매핑","대기업용 GRC가 존재하므로 중견·스타트업의 AI 에이전트 감사증빙에 집중","AI 기본법·ISMS용 에이전트 사용대장·승인·실행로그·감사 내보내기로 진입","한국 규정팩을 검증한 뒤 EU·싱가포르 규정팩과 데이터 처리 옵션을 추가","","공식 제품과 고객 인터뷰로 수요·가격·도입권한을 다시 검증","6~8주 MVP","https://aristavue.com/","https://www.sec.gov/Archives/edgar/data/2101130/000210113025000001/0002101130-25-000001-index.html"
"248","조건부","응용","B","65","direct","Kanuki Inc.","2026-03-30","DE","Computers","컴퓨터","95000","35000","5","보안·AI 거버넌스","79","18","11","18","13","9","10","8","3~6개월+","워크플로 범위와 위험 조정 액세스를 통해 AI 에이전트에 대한 권한을 관리합니다.","Permission management for AI agents with workflow-scoped, risk-calibrated access.","AI·클라우드 도구가 늘면서 권한·정책·사고·감사 증빙을 사람이 연결하기 어려운 문제","전체 보안제품 대신 AI 에이전트·MCP 사용대장, 승인, 권한, 실행로그, 감사증빙 한 흐름에 집중","조직의 AI 도구·에이전트를 2주간 발견하고 위험·권한·감사로그를 정리하는 유료 진단","회사당 월 100만~600만원 + 규정팩 + 감사 온보딩비","AI 에이전트를 도입한 스타트업·중견기업의 보안·개발 책임자","ISMS·보안 컨설턴트, MSP, AI 구축사와 규정 대응 콘텐츠","권한 그래프, 증빙 자동수집, 정책·사고·승인 데이터와 규정 매핑","대기업용 GRC가 존재하므로 중견·스타트업의 AI 에이전트 감사증빙에 집중","AI 기본법·ISMS용 에이전트 사용대장·승인·실행로그·감사 내보내기로 진입","한국 규정팩을 검증한 뒤 EU·싱가포르 규정팩과 데이터 처리 옵션을 추가","","공식 제품과 고객 인터뷰로 수요·가격·도입권한을 다시 검증","6~8주 MVP","https://www.kanuki.io/","https://www.sec.gov/Archives/edgar/data/2124268/000212426826000001/0002124268-26-000001-index.html"
"249","조건부","응용","B","65","direct","Autonomize, Inc.","2025-06-12","TX","Other Technology","기타 기술","28749913","28649918","12","보안·AI 거버넌스","79","16","10","20","13","10","10","10","3~6개월+","Autonomize AI는 AI 기반 의료를 지원하는 인텔리전스 플랫폼입니다. 160개 이상의 상담원, 실시간 거버넌스, 미국 최고의 건강 보험에 대한 검증된 결과.","Autonomize AI is the intelligence platform powering AI-native healthcare. 160+ agents, real-time governance, and proven results at top U.S. health plans.","AI·클라우드 도구가 늘면서 권한·정책·사고·감사 증빙을 사람이 연결하기 어려운 문제","전체 보안제품 대신 AI 에이전트·MCP 사용대장, 승인, 권한, 실행로그, 감사증빙 한 흐름에 집중","조직의 AI 도구·에이전트를 2주간 발견하고 위험·권한·감사로그를 정리하는 유료 진단","회사당 월 100만~600만원 + 규정팩 + 감사 온보딩비","AI 에이전트를 도입한 스타트업·중견기업의 보안·개발 책임자","ISMS·보안 컨설턴트, MSP, AI 구축사와 규정 대응 콘텐츠","권한 그래프, 증빙 자동수집, 정책·사고·승인 데이터와 규정 매핑","대기업용 GRC가 존재하므로 중견·스타트업의 AI 에이전트 감사증빙에 집중","AI 기본법·ISMS용 에이전트 사용대장·승인·실행로그·감사 내보내기로 진입","한국 규정팩을 검증한 뒤 EU·싱가포르 규정팩과 데이터 처리 옵션을 추가","범용 플랫폼 전체가 아니라 한 업무와 한 구매자만 선택","범용 플랫폼 전체가 아니라 한 업무와 한 구매자만 선택","8~12주 또는 파트너","https://autonomize.ai/","https://www.sec.gov/Archives/edgar/data/1972557/000197255725000001/0001972557-25-000001-index.html"
"250","조건부","응용","B","65","direct","Secro Inc.","2025-05-30","SC","Other Technology","기타 기술","13916378","13916378","17","보안·AI 거버넌스","79","16","10","20","13","10","10","12","3~6개월+","Secro는 무역·운송 문서를 디지털화하고 규정 준수와 위험 관리를 자동화하는 글로벌 무역용 저코드 SaaS 플랫폼이다.","Digitize Negotiable Documentary Workflows , Improve Compliance , Manage Risks , All Commodities & transportation Modes With One Secure Platform Low-code SaaS to digitize & automate key trade documents. Ensure clarity before you commit with a guided process. Adapts to your...","AI·클라우드 도구가 늘면서 권한·정책·사고·감사 증빙을 사람이 연결하기 어려운 문제","전체 보안제품 대신 AI 에이전트·MCP 사용대장, 승인, 권한, 실행로그, 감사증빙 한 흐름에 집중","조직의 AI 도구·에이전트를 2주간 발견하고 위험·권한·감사로그를 정리하는 유료 진단","회사당 월 100만~600만원 + 규정팩 + 감사 온보딩비","AI 에이전트를 도입한 스타트업·중견기업의 보안·개발 책임자","ISMS·보안 컨설턴트, MSP, AI 구축사와 규정 대응 콘텐츠","권한 그래프, 증빙 자동수집, 정책·사고·승인 데이터와 규정 매핑","대기업용 GRC가 존재하므로 중견·스타트업의 AI 에이전트 감사증빙에 집중","AI 기본법·ISMS용 에이전트 사용대장·승인·실행로그·감사 내보내기로 진입","한국 규정팩을 검증한 뒤 EU·싱가포르 규정팩과 데이터 처리 옵션을 추가","핵심 시스템 연동 전 파일·이메일 입력으로 먼저 검증","핵심 시스템 연동 전 파일·이메일 입력으로 먼저 검증","8~12주 또는 파트너","https://secro.io/","https://www.sec.gov/Archives/edgar/data/1908820/000169564625000001/0001695646-25-000001-index.html"
"251","조건부","응용","B","65","direct","Northslope Technologies Inc.","2025-06-04","CO","Other Technology","기타 기술","6999995","6776900","16","재무·백오피스","79","17","10","20","13","9","10","12","3~6개월+","Northslope는 Palantir AIP 위에 항공우주·에너지·금융·공급망별 업무를 수행하는 현장 밀착형 AI 애플리케이션을 구축한다.","Forward-deployed AI applications built on Palantir. Palantir s only Vanguard Elite partner delivering mission-specific AI for aerospace, energy, finance & more.","계약·송장·입금·미수·회계 자료가 맞지 않아 현금 회수와 마감이 늦어지는 문제","계약·송장·입금·미수금의 불일치를 찾아 후속조치 초안을 만들고 사람이 승인","미수·송장 3개월치를 대조해 회수 우선순위와 고객별 후속문안을 제공하는 유료 진단","회사당 월 60만~300만원 + 온보딩비 또는 회수 성과수수료","계약·송장·입금·미수 관리가 복잡한 중소 B2B 기업 대표와 재무 담당자","회계사·세무사·ERP 파트너, 미수 회수·마감 단축 사례 기반 직접 영업","ERP·회계 연동, 예외·승인·회수 결과와 거래처별 지불 패턴","회계·세무 SaaS가 강하므로 불일치 탐지와 실제 회수 성과에 집중","ERP를 교체하지 않고 계약·전자세금계산서·입금 불일치와 후속조치를 연결","한국에서 회수·마감 성과를 검증한 뒤 싱가포르·호주 회계 연동으로 확장","대기업·공공 조달과 보안심사로 첫 매출이 느릴 수 있음 | 핵심 시스템 연동 전 파일·이메일 입력으로 먼저 검증 | 범용 플랫폼 전체가 아니라 한 업무와 한 구매자만 선택","대기업·공공 조달과 보안심사로 첫 매출이 느릴 수 있음","8~12주 또는 파트너","https://www.northslope.com/","https://www.sec.gov/Archives/edgar/data/2070753/000207075325000001/0002070753-25-000001-index.html"
"252","조건부","응용","A","87","direct","Glass Half Full Inc.","2026-06-15","LA","Other","기타","500000","175000","3","기타 수직 운영","78","18","16","18","12","7","7","19","1~3개월","우리는 바쁜 팀을 위해 반복적인 작업을 자동화하고 모든 모델에서 무제한으로 사용할 수 있는 테스트 액세스를 제공합니다.","We automate repetitive work for busy teams and offer testing access with unlimited usage across all models.","특정 업종의 문서·승인·후속조치가 범용 SaaS에 맞지 않아 엑셀과 사람에게 남는 문제","고객이 매주 반복하는 문서·승인·후속조치 한 개를 서비스형 AI 도구로 제공","반복 업무 1주를 측정하고 한 흐름을 4주간 대신 처리하는 유료 파일럿","월 40만~250만원 + 온보딩·운영 대행비","반복 문서·승인·후속조치가 많은 특정 업종의 대표와 운영 책임자","업종 협회·전문가 파트너·창업자의 직접 고객 인터뷰와 유료 파일럿","업종 템플릿, 고객 수정·완료 데이터, 업무 연동과 판매 채널","회사별 유사 사업을 다시 확인하고 범용 도구보다 좁은 업무의 완료율로 차별화","업종 전체보다 지불 의사가 높은 한 업무를 국내 문서·채널에 맞게 제공","한국에서 결과 데이터를 만든 뒤 규제와 업무가 비슷한 한 국가로 확장","","공식 제품과 고객 인터뷰로 수요·가격·도입권한을 다시 검증","6~8주 MVP","https://www.glasshalffull.ai/","https://www.sec.gov/Archives/edgar/data/2017580/000201758026000001/0002017580-26-000001-index.html"
"253","조건부","응용","B","70","direct","Lucem Health, Inc.","2025-07-31","NC","Other Technology","기타 기술","4300000","2300000","1","기타 수직 운영","78","18","16","18","12","7","7","11","1~3개월","Lucem Health는 의료 제공 및 결과를 개선하는 AI 솔루션의 실질적인 배포를 통해 의료 서비스를 혁신하고 있습니다.","Lucem Health is transforming healthcare with practical deployment of AI solutions that improve care delivery and outcomes.","특정 업종의 문서·승인·후속조치가 범용 SaaS에 맞지 않아 엑셀과 사람에게 남는 문제","고객이 매주 반복하는 문서·승인·후속조치 한 개를 서비스형 AI 도구로 제공","반복 업무 1주를 측정하고 한 흐름을 4주간 대신 처리하는 유료 파일럿","월 40만~250만원 + 온보딩·운영 대행비","반복 문서·승인·후속조치가 많은 특정 업종의 대표와 운영 책임자","업종 협회·전문가 파트너·창업자의 직접 고객 인터뷰와 유료 파일럿","업종 템플릿, 고객 수정·완료 데이터, 업무 연동과 판매 채널","회사별 유사 사업을 다시 확인하고 범용 도구보다 좁은 업무의 완료율로 차별화","업종 전체보다 지불 의사가 높은 한 업무를 국내 문서·채널에 맞게 제공","한국에서 결과 데이터를 만든 뒤 규제와 업무가 비슷한 한 국가로 확장","","공식 제품과 고객 인터뷰로 수요·가격·도입권한을 다시 검증","6~8주 MVP","https://lucemhealth.com/","https://www.sec.gov/Archives/edgar/data/1971026/000197102625000002/0001971026-25-000002-index.html"
"254","조건부","응용","B","55","direct","Different Kind, Inc.","2025-11-10","CO","Other Technology","기타 기술","1000000","299997","5","의료·돌봄 운영","78","17","14","19","13","7","8","14","1~3개월","검증된 환자 경험 데이터를 사용하여 운영, 유지 및 네트워크 품질을 개선하기 위해 DSO 및 치과 보험사를 위해 구축된 유일한 플랫폼입니다.","The only platform built for DSOs and dental insurers to improve operations, retention, and network quality using verified patient experience data.","의료·돌봄 인력이 기록·예약·안내·사후관리 같은 행정업무에 시간을 빼앗기는 문제","진단 대신 예약·기록 정리·환자 안내·사후관리 중 한 흐름을 한 진료과에 맞춰 자동화","직원 업무 1주를 측정하고 반복 안내·기록 한 흐름을 4주간 자동화하는 유료 파일럿","기관당 월 50만~300만원 + 처리 건수 + 초기 연동비","한 진료과의 병·의원, 돌봄기관, 동물병원 운영 책임자","진료과 협회·EMR/PIMS 파트너·원장 커뮤니티와 소개 영업","진료과별 비임상 워크플로, 시스템 연동, 사람 수정·완료 결과 데이터","국내 EMR·예약·환자관리 사업자가 많아 진료과별 비임상 운영 웨지가 필요","개인정보를 최소 수집하고 진단을 제외한 예약·안내·재방문 흐름부터 시작","국내 한 진료과에서 결과를 만든 뒤 일본·싱가포르의 유사 비임상 업무로 확장","","공식 제품과 고객 인터뷰로 수요·가격·도입권한을 다시 검증","8~12주 또는 파트너","https://www.differentkind.com/","https://www.sec.gov/Archives/edgar/data/1974180/000197418025000002/0001974180-25-000002-index.html"
"255","조건부","응용","B","65","direct","WORTH AI INC.","2026-04-08","FL","Other Technology","기타 기술","29999997","29999997","10","보험 운영","78","16","13","20","13","7","9","12","1~3개월","Worth는 핀테크, 대출 기관 및 금융 기관에 SMB 온보딩 및 인수를 위한 단일 AI 기반 플랫폼을 제공하여 KYB, KYC, 사기 감지, 신용 결정 및 위험 모니터링을 실시간으로 자동화합니다.","Worth gives fintechs, lenders, and financial institutions a single AI-powered platform for SMB onboarding and underwriting — automating KYB, KYC, fraud detection, credit decisions, and risk monitoring in real time.","보험 서류·갱신·담보·청구 예외가 상품과 포털마다 달라 반복 작업이 커지는 문제","보험 판단 대신 서류 접수·증빙 누락·갱신 후속조치처럼 브로커 운영을 자동화","갱신·청구 파일 100건의 누락·미응답을 찾아 우선순위와 후속문안을 제공하는 유료 진단","브로커/지점당 월 80만~400만원 + 처리 건수","GA·보험 브로커·대리점의 운영·갱신·청구 담당자","보험대리점 네트워크, GA 시스템 파트너, 갱신·누락 사례 기반 영업","보험사별 포털·서류·예외, 갱신·완료 결과와 사람 승인 데이터","보험사·GA 솔루션이 존재하므로 자문·심사보다 서류와 갱신 운영으로 제한","보험 판단은 제외하고 서류 접수·증빙 누락·갱신 후속조치에 집중","현지 브로커 파트너 방식으로 한 국가의 포털·문서부터 확장","범용 플랫폼 전체가 아니라 한 업무와 한 구매자만 선택","범용 플랫폼 전체가 아니라 한 업무와 한 구매자만 선택","8~12주 또는 파트너","https://www.worthai.com/","https://www.sec.gov/Archives/edgar/data/2002855/000200285526000003/0002002855-26-000003-index.html"
"256","조건부","응용","B","65","adjacent","Calculum, Inc.","2025-10-14","FL","Other","기타","2819999","1419999","3","재무·백오피스","78","17","13","20","11","9","8","14","1~3개월","안정적인 운영, 보다 스마트한 결제, 향상된 금융 통찰력을 지원하기 위해 구축된 유동성 관리 솔루션과 결제 조건 인텔리전스를 찾아보세요.","Find liquidity management solutions and payment terms intelligence built to support stable operations, smarter payments, and improved financial insight.","계약·송장·입금·미수·회계 자료가 맞지 않아 현금 회수와 마감이 늦어지는 문제","계약·송장·입금·미수금의 불일치를 찾아 후속조치 초안을 만들고 사람이 승인","미수·송장 3개월치를 대조해 회수 우선순위와 고객별 후속문안을 제공하는 유료 진단","회사당 월 60만~300만원 + 온보딩비 또는 회수 성과수수료","계약·송장·입금·미수 관리가 복잡한 중소 B2B 기업 대표와 재무 담당자","회계사·세무사·ERP 파트너, 미수 회수·마감 단축 사례 기반 직접 영업","ERP·회계 연동, 예외·승인·회수 결과와 거래처별 지불 패턴","회계·세무 SaaS가 강하므로 불일치 탐지와 실제 회수 성과에 집중","ERP를 교체하지 않고 계약·전자세금계산서·입금 불일치와 후속조치를 연결","한국에서 회수·마감 성과를 검증한 뒤 싱가포르·호주 회계 연동으로 확장","규제 판단을 제외하고 사람 승인형 운영 보조로 제한 | 원회사는 소프트웨어 전용이 아니므로 AI 업무전환 가설을 추가 검증","규제 판단을 제외하고 사람 승인형 운영 보조로 제한","8~12주 또는 파트너","https://www.calculum.ai/","https://www.sec.gov/Archives/edgar/data/1963920/000196392025000003/0001963920-25-000003-index.html"
"257","조건부","응용","B","55","adjacent","FISH CAMP, LLC","2025-02-03","WY","Other","기타","500000","500000","13","개발도구·데이터","78","19","13","18","10","10","8","14","1~3개월","글로벌 규모의 운영을 위한 전략적 기술 자문, 분산 시스템 엔지니어링, 맞춤형 클라우드 아키텍처 감사.","Strategic technical advisory, distributed systems engineering, and custom cloud architecture audits for global scale operations.","코드·데이터·클라우드 맥락이 파편화돼 개발·분석·AI 배포의 오류와 대기시간이 늘어나는 문제","코드·티켓·문서 맥락, 생성코드 QA, 데이터 품질 중 평가 가능한 한 문제를 해결","고객 저장소·데이터셋 한 곳에서 오류 20건을 재현·분류하는 2주 유료 파일럿","개발자/데이터 사용자당 월 3만~20만원 + 기업 온보딩비","AI 기능을 운영하는 국내외 개발·데이터 팀과 소프트웨어 회사","오픈소스·기술 콘텐츠, 개발자 커뮤니티, 클라우드·SI 파트너","저장소·티켓 연동, 조직별 평가셋, 오류·수정·배포 결과 데이터","글로벌 개발도구와 국내 MSP가 강하므로 특정 평가셋이나 레거시 연동이 필요","한국 레거시·SI 스택의 코드·티켓·문서와 생성코드 QA처럼 현지 맥락이 필요한 문제로 진입","영문 제품과 API를 먼저 제공하고 평가셋·연동팩을 산업별로 확장","원회사는 소프트웨어 전용이 아니므로 AI 업무전환 가설을 추가 검증","원회사는 소프트웨어 전용이 아니므로 AI 업무전환 가설을 추가 검증","6~8주 MVP","https://fishcamp.ai/","https://www.sec.gov/Archives/edgar/data/2053896/000205389625000001/0002053896-25-000001-index.html"
"258","조건부","응용","B","73","adjacent","Dealer Alchemist, Inc.","2026-05-05","ID","Other","기타","3000000","3000000","4","현장·건설·산업 운영","78","17","12","20","14","7","8","16","1~3개월","1초 SRP, 결제, 특별 상품 및 당일 지원을 제공하는 모바일 우선 자동차 딜러 웹사이트입니다. 데모를 예약하세요.","Mobile-first automotive dealer websites with 1-second SRP, payments, specials, and same-day support. Schedule a demo.","현장 사진·완료서·견적·규정 증빙이 흩어져 청구와 공정 결정이 늦어지는 문제","작업사진·완료서·자재·견적을 청구와 규정 증빙으로 바꾸는 공종 하나의 도구","한 현장의 사진·작업일보를 기성·청구 증빙으로 변환하는 4주 유료 파일럿","업체당 월 70만~350만원 + 현장 수 + 초기 문서설정비","전문건설사·설비사·정비업체의 현장소장과 공무·청구 담당자","공종 협회, 세무·ERP·장비 파트너, 현장 사례 기반 직접 영업","공종별 문서·사진 판정, 청구 결과, 현장 시스템 연동과 예외 규칙","건설 공무·적산·견적 자동화가 인접하므로 전 공종 ERP보다 작업→청구 흐름에 집중","카카오톡 사진·HWP·세금계산서·공종 용어를 연결해 작업 완료→청구 한 공종으로 제한","한국 공종에서 검증한 뒤 일본·호주의 유사 현장 문서와 청구 흐름으로 확장","원회사는 소프트웨어 전용이 아니므로 AI 업무전환 가설을 추가 검증","원회사는 소프트웨어 전용이 아니므로 AI 업무전환 가설을 추가 검증","8~12주 또는 파트너","https://dealeralchemist.com/","https://www.sec.gov/Archives/edgar/data/2131823/000213182326000001/0002131823-26-000001-index.html"
"259","조건부","응용","B","65","direct","Toolpath Labs, Inc.","2025-05-15","OH","Other","기타","7699966","5699968","3","조달·물류·공급망","78","17","12","20","11","9","9","12","1~3개월","Toolpath는 AI를 사용하여 DFM, 견적 및 CAM을 가속화하므로 기계 공장은 더 빠르게 견적을 작성하고, 더 스마트하게 프로그래밍하고, RFQ에서 스핀들까지 제어를 유지할 수 있습니다.","Toolpath uses AI to accelerate DFM, quoting, and CAM so machine shops can quote faster, program smarter, and stay in control from RFQ to spindle.","RFQ·견적·발주·선적 문서가 흩어져 가격·납기·승인 예외를 놓치는 문제","RFQ·견적·발주·선적 문서를 읽고 누락·가격변경·납기 예외를 한 품목군에서 처리","최근 RFQ·견적 100건을 표준화해 누락·가격차·미응답을 찾아주는 유료 업무진단","업체당 월 80만~400만원 + 문서/거래 건수 + 온보딩비","중소 제조·수출기업의 구매·영업·물류 책임자","ERP·관세·물류 파트너, 산업단지와 품목별 직접 영업","거래처별 예외, 품목 매핑, 견적·납기 결과와 승인 데이터","ERP는 강하지만 중소 제조업의 이메일·엑셀 예외 처리는 수작업인 경우가 많음","이메일·엑셀·거래처 품목명을 국내 RFQ·발주 문서 형식에 맞게 처리","한국 수출기업에서 시작해 일본·동남아 공급사 문서와 이메일·WhatsApp으로 확장","규제 판단을 제외하고 사람 승인형 운영 보조로 제한","규제 판단을 제외하고 사람 승인형 운영 보조로 제한","8~12주 또는 파트너","https://toolpath.com/","https://www.sec.gov/Archives/edgar/data/1930135/000193013525000002/0001930135-25-000002-index.html"
"260","조건부","응용","B","65","adjacent","Circuit Technologies, Inc.","2025-09-18","DE","Computers","컴퓨터","600000","600000","1","현장·건설·산업 운영","78","17","12","20","14","7","8","11","1~3개월","최고의 인재가 어디에나 있을 수는 없습니다. 그들의 전문 지식은 가능합니다. Circuit은 제조 및 서비스 팀이 자신 있게 견적을 내고, 문제를 해결하고, 지원할 수 있도록 도와줍니다.","Your best people can t be everywhere. Their expertise can. Circuit helps manufacturing and service teams quote, troubleshoot, and support with confidence.","현장 사진·완료서·견적·규정 증빙이 흩어져 청구와 공정 결정이 늦어지는 문제","작업사진·완료서·자재·견적을 청구와 규정 증빙으로 바꾸는 공종 하나의 도구","한 현장의 사진·작업일보를 기성·청구 증빙으로 변환하는 4주 유료 파일럿","업체당 월 70만~350만원 + 현장 수 + 초기 문서설정비","전문건설사·설비사·정비업체의 현장소장과 공무·청구 담당자","공종 협회, 세무·ERP·장비 파트너, 현장 사례 기반 직접 영업","공종별 문서·사진 판정, 청구 결과, 현장 시스템 연동과 예외 규칙","건설 공무·적산·견적 자동화가 인접하므로 전 공종 ERP보다 작업→청구 흐름에 집중","카카오톡 사진·HWP·세금계산서·공종 용어를 연결해 작업 완료→청구 한 공종으로 제한","한국 공종에서 검증한 뒤 일본·호주의 유사 현장 문서와 청구 흐름으로 확장","원회사는 소프트웨어 전용이 아니므로 AI 업무전환 가설을 추가 검증","원회사는 소프트웨어 전용이 아니므로 AI 업무전환 가설을 추가 검증","8~12주 또는 파트너","https://www.circuit.ai/","https://www.sec.gov/Archives/edgar/data/2086248/000208624825000001/0002086248-25-000001-index.html"
"261","조건부","응용","B","65","direct","Equipmate, Inc","2026-04-20","MI","Computers","컴퓨터","","66000","5","조달·물류·공급망","78","17","12","20","11","9","9","8","1~3개월","당사의 CMMS 소프트웨어는 장비 유지 관리 및 작업 주문 관리를 간소화합니다. 작업을 예약하고, 재고를 추적하고, 통찰력을 얻으세요. EquipMate를 사용해 보세요!","Our CMMS software streamlines equipment maintenance and work order management. Schedule tasks, track inventory, & gain insights. Try EquipMate!","RFQ·견적·발주·선적 문서가 흩어져 가격·납기·승인 예외를 놓치는 문제","RFQ·견적·발주·선적 문서를 읽고 누락·가격변경·납기 예외를 한 품목군에서 처리","최근 RFQ·견적 100건을 표준화해 누락·가격차·미응답을 찾아주는 유료 업무진단","업체당 월 80만~400만원 + 문서/거래 건수 + 온보딩비","중소 제조·수출기업의 구매·영업·물류 책임자","ERP·관세·물류 파트너, 산업단지와 품목별 직접 영업","거래처별 예외, 품목 매핑, 견적·납기 결과와 승인 데이터","ERP는 강하지만 중소 제조업의 이메일·엑셀 예외 처리는 수작업인 경우가 많음","이메일·엑셀·거래처 품목명을 국내 RFQ·발주 문서 형식에 맞게 처리","한국 수출기업에서 시작해 일본·동남아 공급사 문서와 이메일·WhatsApp으로 확장","규제 판단을 제외하고 사람 승인형 운영 보조로 제한","규제 판단을 제외하고 사람 승인형 운영 보조로 제한","8~12주 또는 파트너","https://getequipmate.com/","https://www.sec.gov/Archives/edgar/data/2129756/000212975626000001/0002129756-26-000001-index.html"
"262","조건부","응용","B","64","direct","New Range Financial Intelligence, Inc.","2025-05-19","CA","Other","기타","5394704","5394704","10","재무·백오피스","78","17","12","20","11","9","9","12","1~3개월","브로커-딜러 및 핀테크 기업을 위한 포괄적인 규정 준수 플랫폼입니다. CAT/CAIS 보고, 최선의 실행 분석, 거래 감시, 기업 활동 및 데이터 조정을 자동화합니다.","Comprehensive compliance platform for broker-dealers and fintechs. Automate CAT/CAIS reporting, best execution analysis, trade surveillance, corporate actions, and data reconciliation.","계약·송장·입금·미수·회계 자료가 맞지 않아 현금 회수와 마감이 늦어지는 문제","계약·송장·입금·미수금의 불일치를 찾아 후속조치 초안을 만들고 사람이 승인","미수·송장 3개월치를 대조해 회수 우선순위와 고객별 후속문안을 제공하는 유료 진단","회사당 월 60만~300만원 + 온보딩비 또는 회수 성과수수료","계약·송장·입금·미수 관리가 복잡한 중소 B2B 기업 대표와 재무 담당자","회계사·세무사·ERP 파트너, 미수 회수·마감 단축 사례 기반 직접 영업","ERP·회계 연동, 예외·승인·회수 결과와 거래처별 지불 패턴","회계·세무 SaaS가 강하므로 불일치 탐지와 실제 회수 성과에 집중","ERP를 교체하지 않고 계약·전자세금계산서·입금 불일치와 후속조치를 연결","한국에서 회수·마감 성과를 검증한 뒤 싱가포르·호주 회계 연동으로 확장","규제 판단을 제외하고 사람 승인형 운영 보조로 제한 | 범용 플랫폼 전체가 아니라 한 업무와 한 구매자만 선택","규제 판단을 제외하고 사람 승인형 운영 보조로 제한","8~12주 또는 파트너","https://newrange.com/","https://www.sec.gov/Archives/edgar/data/2015908/000201590825000004/0002015908-25-000004-index.html"
"263","조건부","응용","A","78","direct","Valid8 Financial, Inc.","2025-02-27","WA","Other","기타","4714641","4714641","7","재무·백오피스","78","18","11","20","11","9","9","17","3~6개월+","원시 은행 증거와 회계 데이터를 단 몇 시간 만에 완전하고 정확하며 법정이나 이사회에 제출할 수 있는 증거 증거로 변환합니다.","Transform raw banking evidence and accounting data into evidential proof that’s complete, accurate, and ready for the courtroom or boardroom in just hours.","계약·송장·입금·미수·회계 자료가 맞지 않아 현금 회수와 마감이 늦어지는 문제","계약·송장·입금·미수금의 불일치를 찾아 후속조치 초안을 만들고 사람이 승인","미수·송장 3개월치를 대조해 회수 우선순위와 고객별 후속문안을 제공하는 유료 진단","회사당 월 60만~300만원 + 온보딩비 또는 회수 성과수수료","계약·송장·입금·미수 관리가 복잡한 중소 B2B 기업 대표와 재무 담당자","회계사·세무사·ERP 파트너, 미수 회수·마감 단축 사례 기반 직접 영업","ERP·회계 연동, 예외·승인·회수 결과와 거래처별 지불 패턴","회계·세무 SaaS가 강하므로 불일치 탐지와 실제 회수 성과에 집중","ERP를 교체하지 않고 계약·전자세금계산서·입금 불일치와 후속조치를 연결","한국에서 회수·마감 성과를 검증한 뒤 싱가포르·호주 회계 연동으로 확장","대기업·공공 조달과 보안심사로 첫 매출이 느릴 수 있음 | 규제 판단을 제외하고 사람 승인형 운영 보조로 제한","대기업·공공 조달과 보안심사로 첫 매출이 느릴 수 있음","6~8주 MVP","https://www.valid8financial.com/","https://www.sec.gov/Archives/edgar/data/1683389/000168338925000002/0001683389-25-000002-index.html"
"264","조건부","응용","B","65","direct","Lumana Inc.","2025-06-03","CA","Other Technology","기타 기술","37000000","37000000","5","보안·AI 거버넌스","78","17","8","20","13","10","10","10","3~6개월+","Lumana는 에이전트 AI로 구동되는 하이브리드 클라우드 비디오 보안 및 비디오 감시 시스템을 제공하여 물리적 보안, 안전 및 운영을 개선하는 데 도움을 줍니다.","Lumana provides a hybrid cloud video security and video surveillance system powered by agentic AI to help improve physical security, safety, and operations","AI·클라우드 도구가 늘면서 권한·정책·사고·감사 증빙을 사람이 연결하기 어려운 문제","전체 보안제품 대신 AI 에이전트·MCP 사용대장, 승인, 권한, 실행로그, 감사증빙 한 흐름에 집중","조직의 AI 도구·에이전트를 2주간 발견하고 위험·권한·감사로그를 정리하는 유료 진단","회사당 월 100만~600만원 + 규정팩 + 감사 온보딩비","AI 에이전트를 도입한 스타트업·중견기업의 보안·개발 책임자","ISMS·보안 컨설턴트, MSP, AI 구축사와 규정 대응 콘텐츠","권한 그래프, 증빙 자동수집, 정책·사고·승인 데이터와 규정 매핑","대기업용 GRC가 존재하므로 중견·스타트업의 AI 에이전트 감사증빙에 집중","AI 기본법·ISMS용 에이전트 사용대장·승인·실행로그·감사 내보내기로 진입","한국 규정팩을 검증한 뒤 EU·싱가포르 규정팩과 데이터 처리 옵션을 추가","대기업·공공 조달과 보안심사로 첫 매출이 느릴 수 있음","대기업·공공 조달과 보안심사로 첫 매출이 느릴 수 있음","8~12주 또는 파트너","https://www.lumana.ai/","https://www.sec.gov/Archives/edgar/data/2070975/000207097525000001/0002070975-25-000001-index.html"
"265","조건부","응용","B","65","direct","ZeroPath Corp.","2026-03-23","CA","Other Technology","기타 기술","","7028000","27","보안·AI 거버넌스","78","17","8","20","13","10","10","14","3~6개월+","AI 기반 SAST는 75% 더 적은 오탐률로 2배 더 많은 취약점을 찾아냅니다. 현대 DevOps 팀을 위한 자동화된 보안입니다.","AI-native SAST that finds 2x more vulnerabilities with 75% fewer false positives. Automated security for modern DevOps teams.","AI·클라우드 도구가 늘면서 권한·정책·사고·감사 증빙을 사람이 연결하기 어려운 문제","전체 보안제품 대신 AI 에이전트·MCP 사용대장, 승인, 권한, 실행로그, 감사증빙 한 흐름에 집중","조직의 AI 도구·에이전트를 2주간 발견하고 위험·권한·감사로그를 정리하는 유료 진단","회사당 월 100만~600만원 + 규정팩 + 감사 온보딩비","AI 에이전트를 도입한 스타트업·중견기업의 보안·개발 책임자","ISMS·보안 컨설턴트, MSP, AI 구축사와 규정 대응 콘텐츠","권한 그래프, 증빙 자동수집, 정책·사고·승인 데이터와 규정 매핑","대기업용 GRC가 존재하므로 중견·스타트업의 AI 에이전트 감사증빙에 집중","AI 기본법·ISMS용 에이전트 사용대장·승인·실행로그·감사 내보내기로 진입","한국 규정팩을 검증한 뒤 EU·싱가포르 규정팩과 데이터 처리 옵션을 추가","대기업·공공 조달과 보안심사로 첫 매출이 느릴 수 있음","대기업·공공 조달과 보안심사로 첫 매출이 느릴 수 있음","8~12주 또는 파트너","https://zeropath.com/","https://www.sec.gov/Archives/edgar/data/2123552/000212355226000001/0002123552-26-000001-index.html"
"266","조건부","응용","B","65","direct","Primer Global, Inc.","2025-11-03","AZ","Other","기타","2500000","2000000","2","보안·AI 거버넌스","78","17","8","20","13","10","10","14","3~6개월+","Primer는 고객사의 환경과 데이터에서 작동하도록 설계된 강력한 미션 지원 AI 소프트웨어를 만듭니다. 우리는 국가 보안 팀이 대규모의 구조화되지 않은 데이터 세트를 조사하여 건초 더미에서 바늘을 찾고, 데이터를 이해 및 시각화하고, 협력적으로 행동할 수 있도록 지원합니다. 우리의 임무는 방어할 수 있고 자신 있게 행동할 수 있는 결정에 권한을 부여하는 것입니다.","Primer makes powerful mission-ready AI software designed to work in your environment, on your data. We help national security teams sift through massive unstructured data sets to find the needle in the haystack, understand and visualize their data, and act collaboratively. Our mission is to empower decisions that can be defended, and acted upon confidently.","AI·클라우드 도구가 늘면서 권한·정책·사고·감사 증빙을 사람이 연결하기 어려운 문제","전체 보안제품 대신 AI 에이전트·MCP 사용대장, 승인, 권한, 실행로그, 감사증빙 한 흐름에 집중","조직의 AI 도구·에이전트를 2주간 발견하고 위험·권한·감사로그를 정리하는 유료 진단","회사당 월 100만~600만원 + 규정팩 + 감사 온보딩비","AI 에이전트를 도입한 스타트업·중견기업의 보안·개발 책임자","ISMS·보안 컨설턴트, MSP, AI 구축사와 규정 대응 콘텐츠","권한 그래프, 증빙 자동수집, 정책·사고·승인 데이터와 규정 매핑","대기업용 GRC가 존재하므로 중견·스타트업의 AI 에이전트 감사증빙에 집중","AI 기본법·ISMS용 에이전트 사용대장·승인·실행로그·감사 내보내기로 진입","한국 규정팩을 검증한 뒤 EU·싱가포르 규정팩과 데이터 처리 옵션을 추가","대기업·공공 조달과 보안심사로 첫 매출이 느릴 수 있음","대기업·공공 조달과 보안심사로 첫 매출이 느릴 수 있음","8~12주 또는 파트너","https://www.primer.ai/","https://www.sec.gov/Archives/edgar/data/2004944/000200494425000003/0002004944-25-000003-index.html"
"267","조건부","응용","B","65","adjacent","modlee inc","2025-06-12","CT","Other Technology","기타 기술","250000","50000","1","인력·교육·온보딩","77","20","15","14","12","9","7","3","1~3개월","Modlee는 AI를 학교 및 대학을 위한 기관 인프라로 전환하여 부서 전체의 워크플로를 연결하는 동시에 IT가 AI 작동 방식을 완전히 제어할 수 있도록 합니다.","Modlee turns AI into institutional infrastructure for schools and universities, connecting workflows across departments while giving IT full control over how AI operates.","채용·교육·온보딩이 문서 전달에 머물러 실제 업무 수행과 규정 이수를 측정하기 어려운 문제","한 직군의 실제 업무 문서로 온보딩·역할별 코칭·이수·업무수행 증빙을 자동화","신규직원 한 역할의 문서·상황 20개를 평가형 온보딩으로 바꾸는 유료 제작 파일럿","사용자당 월 2만~10만원 + 콘텐츠 구축비 200만~1,000만원","현장·서비스 직군을 반복 채용하는 중소·중견기업의 인사·교육 책임자","직군 협회, HR·LMS 파트너, 교육기관과 역할별 평가 콘텐츠","직군별 평가·성과 데이터, 사내문서 연동과 실제 업무수행 결과","채용·교육 도구가 많으므로 콘텐츠 전달보다 실제 업무수행 측정에 집중","한 직군의 역할극·업무 증빙을 국내 규정과 조직 용어에 맞게 제공","한국에서 한 직군을 검증한 뒤 일본·동남아 현지 언어·규정 평가팩으로 확장","원회사는 소프트웨어 전용이 아니므로 AI 업무전환 가설을 추가 검증","원회사는 소프트웨어 전용이 아니므로 AI 업무전환 가설을 추가 검증","6~8주 MVP","https://www.modlee.ai/","https://www.sec.gov/Archives/edgar/data/1999635/000199963525000002/0001999635-25-000002-index.html"
"268","조건부","응용","B","65","direct","Peerlogic Technologies, Inc.","2026-03-25","AZ","Other","기타","5000000","4866290","9","의료·돌봄 운영","77","17","14","19","13","6","8","16","1~3개월","치과에서 수의학 진료실에 이르기까지 Peerlogic은 환자 상호 작용을 성장으로 전환합니다. 팀을 지원하는 AI와 사무실 전체에 대한 통찰력을 제공하는 분석을 통해 강력한 분석을 얻고, 놓친 수익을 복구하고, 프런트 데스크 워크플로를 간소화하세요.","From dental to veterinary offices, Peerlogic transforms patient interactions into growth. Get powerful analytics, recover missed revenue, and streamline front-desk workflows with AI that supports your team, and analytics that provide insight across your offices.","의료·돌봄 인력이 기록·예약·안내·사후관리 같은 행정업무에 시간을 빼앗기는 문제","진단 대신 예약·기록 정리·환자 안내·사후관리 중 한 흐름을 한 진료과에 맞춰 자동화","직원 업무 1주를 측정하고 반복 안내·기록 한 흐름을 4주간 자동화하는 유료 파일럿","기관당 월 50만~300만원 + 처리 건수 + 초기 연동비","한 진료과의 병·의원, 돌봄기관, 동물병원 운영 책임자","진료과 협회·EMR/PIMS 파트너·원장 커뮤니티와 소개 영업","진료과별 비임상 워크플로, 시스템 연동, 사람 수정·완료 결과 데이터","국내 EMR·예약·환자관리 사업자가 많아 진료과별 비임상 운영 웨지가 필요","개인정보를 최소 수집하고 진단을 제외한 예약·안내·재방문 흐름부터 시작","국내 한 진료과에서 결과를 만든 뒤 일본·싱가포르의 유사 비임상 업무로 확장","","공식 제품과 고객 인터뷰로 수요·가격·도입권한을 다시 검증","8~12주 또는 파트너","https://www.peerlogic.com/","https://www.sec.gov/Archives/edgar/data/1941802/000194180226000001/0001941802-26-000001-index.html"
"269","조건부","응용","B","65","adjacent","Corner Health Platform, Inc.","2025-05-15","CA","Other Technology","기타 기술","7425000","7393913","15","보험 운영","77","16","13","20","13","7","8","12","1~3개월","고객사의 보험에 가입하고 실시간으로 경청할 수 있는 가까운 독립 주치의를 찾으십시오. AZ 및 WA에서는 당일, 저녁, 토요일에 방문합니다.","Find an independent primary care provider near you who takes your insurance and has real time to listen. Same-day, evening, and Saturday visits in AZ & WA.","보험 서류·갱신·담보·청구 예외가 상품과 포털마다 달라 반복 작업이 커지는 문제","보험 판단 대신 서류 접수·증빙 누락·갱신 후속조치처럼 브로커 운영을 자동화","갱신·청구 파일 100건의 누락·미응답을 찾아 우선순위와 후속문안을 제공하는 유료 진단","브로커/지점당 월 80만~400만원 + 처리 건수","GA·보험 브로커·대리점의 운영·갱신·청구 담당자","보험대리점 네트워크, GA 시스템 파트너, 갱신·누락 사례 기반 영업","보험사별 포털·서류·예외, 갱신·완료 결과와 사람 승인 데이터","보험사·GA 솔루션이 존재하므로 자문·심사보다 서류와 갱신 운영으로 제한","보험 판단은 제외하고 서류 접수·증빙 누락·갱신 후속조치에 집중","현지 브로커 파트너 방식으로 한 국가의 포털·문서부터 확장","원회사는 소프트웨어 전용이 아니므로 AI 업무전환 가설을 추가 검증","원회사는 소프트웨어 전용이 아니므로 AI 업무전환 가설을 추가 검증","8~12주 또는 파트너","https://www.cornerhealth.com/","https://www.sec.gov/Archives/edgar/data/2067698/000147083125000017/0001470831-25-000017-index.html"
"270","조건부","응용","B","65","direct","Ennabl, Inc.","2025-07-22","CT","Other Technology","기타 기술","2075000","2075000","2","보험 운영","77","18","12","19","12","7","9","14","1~3개월","우수한 고객, 동료 및 운송업체 경험을 제공할 수 있도록 브로커와 에이전트의 역량을 강화합니다.","Empowering brokers and agents to deliver a superior client, colleague and carrier experience","보험 서류·갱신·담보·청구 예외가 상품과 포털마다 달라 반복 작업이 커지는 문제","보험 판단 대신 서류 접수·증빙 누락·갱신 후속조치처럼 브로커 운영을 자동화","갱신·청구 파일 100건의 누락·미응답을 찾아 우선순위와 후속문안을 제공하는 유료 진단","브로커/지점당 월 80만~400만원 + 처리 건수","GA·보험 브로커·대리점의 운영·갱신·청구 담당자","보험대리점 네트워크, GA 시스템 파트너, 갱신·누락 사례 기반 영업","보험사별 포털·서류·예외, 갱신·완료 결과와 사람 승인 데이터","보험사·GA 솔루션이 존재하므로 자문·심사보다 서류와 갱신 운영으로 제한","보험 판단은 제외하고 서류 접수·증빙 누락·갱신 후속조치에 집중","현지 브로커 파트너 방식으로 한 국가의 포털·문서부터 확장","","공식 제품과 고객 인터뷰로 수요·가격·도입권한을 다시 검증","6~8주 MVP","https://ennabl.com/","https://www.sec.gov/Archives/edgar/data/1886670/000188667025000006/0001886670-25-000006-index.html"
"271","조건부","응용","B","65","adjacent","Dataisource Inc.","2026-04-23","MI","Other Technology","기타 기술","2000000","500000","1","조달·물류·공급망","77","18","12","18","13","8","8","13","1~3개월","RFQ, 공급업체 결정, 가격 책정, 위험을 하나의 지능형 시스템으로 중앙 집중화하고 간소화하여 조달 팀을 위한 완벽한 가시성과 제어 기능을 제공합니다.","Centralize and streamline your RFQs, supplier decisions, pricing, and risk in one intelligent system — full visibility and control for procurement teams.","RFQ·견적·발주·선적 문서가 흩어져 가격·납기·승인 예외를 놓치는 문제","RFQ·견적·발주·선적 문서를 읽고 누락·가격변경·납기 예외를 한 품목군에서 처리","최근 RFQ·견적 100건을 표준화해 누락·가격차·미응답을 찾아주는 유료 업무진단","업체당 월 80만~400만원 + 문서/거래 건수 + 온보딩비","중소 제조·수출기업의 구매·영업·물류 책임자","ERP·관세·물류 파트너, 산업단지와 품목별 직접 영업","거래처별 예외, 품목 매핑, 견적·납기 결과와 승인 데이터","ERP는 강하지만 중소 제조업의 이메일·엑셀 예외 처리는 수작업인 경우가 많음","이메일·엑셀·거래처 품목명을 국내 RFQ·발주 문서 형식에 맞게 처리","한국 수출기업에서 시작해 일본·동남아 공급사 문서와 이메일·WhatsApp으로 확장","원회사는 소프트웨어 전용이 아니므로 AI 업무전환 가설을 추가 검증","원회사는 소프트웨어 전용이 아니므로 AI 업무전환 가설을 추가 검증","6~8주 MVP","https://dataisource.com/","https://www.sec.gov/Archives/edgar/data/2131106/000213110626000001/0002131106-26-000001-index.html"
"272","조건부","응용","B","65","adjacent","InsytesIQ, LLC","2026-04-06","UT","Business Services","기업 서비스","337500","337500","6","조달·물류·공급망","77","18","12","18","13","8","8","16","1~3개월","InsytesIQ는 운영, 판매 및 재고 데이터를 차분하고 의사결정에 초점을 맞춘 하나의 작업 공간으로 통합하므로 모든 팀이 동일한 수치로 더 빠르게 조치를 취할 수 있습니다.","InsytesIQ unifies your operations, sales, and inventory data into one calm, decision-focused workspace so every team acts on the same numbers, faster.","RFQ·견적·발주·선적 문서가 흩어져 가격·납기·승인 예외를 놓치는 문제","RFQ·견적·발주·선적 문서를 읽고 누락·가격변경·납기 예외를 한 품목군에서 처리","최근 RFQ·견적 100건을 표준화해 누락·가격차·미응답을 찾아주는 유료 업무진단","업체당 월 80만~400만원 + 문서/거래 건수 + 온보딩비","중소 제조·수출기업의 구매·영업·물류 책임자","ERP·관세·물류 파트너, 산업단지와 품목별 직접 영업","거래처별 예외, 품목 매핑, 견적·납기 결과와 승인 데이터","ERP는 강하지만 중소 제조업의 이메일·엑셀 예외 처리는 수작업인 경우가 많음","이메일·엑셀·거래처 품목명을 국내 RFQ·발주 문서 형식에 맞게 처리","한국 수출기업에서 시작해 일본·동남아 공급사 문서와 이메일·WhatsApp으로 확장","원회사는 소프트웨어 전용이 아니므로 AI 업무전환 가설을 추가 검증","원회사는 소프트웨어 전용이 아니므로 AI 업무전환 가설을 추가 검증","6~8주 MVP","https://insytesiq.com/","https://www.sec.gov/Archives/edgar/data/2127358/000212735826000001/0002127358-26-000001-index.html"
"273","조건부","응용","A","78","direct","Dalton Mills, Inc.","2026-05-27","NJ","Other Technology","기타 기술","9199981","9199981","17","개발도구·데이터","77","19","12","17","10","10","9","17","1~3개월","Dalton Mills를 사용하면 무역 기업이 비즈니스 운영에 기반이 되는 AI 도구와 워크플로를 구축할 수 있습니다. 코드가 필요하지 않습니다. 거래를 위해 제작되었습니다.","Dalton Mills lets trades businesses build the AI tools and workflows their business runs on. No code required. Built for the trades.","코드·데이터·클라우드 맥락이 파편화돼 개발·분석·AI 배포의 오류와 대기시간이 늘어나는 문제","코드·티켓·문서 맥락, 생성코드 QA, 데이터 품질 중 평가 가능한 한 문제를 해결","고객 저장소·데이터셋 한 곳에서 오류 20건을 재현·분류하는 2주 유료 파일럿","개발자/데이터 사용자당 월 3만~20만원 + 기업 온보딩비","AI 기능을 운영하는 국내외 개발·데이터 팀과 소프트웨어 회사","오픈소스·기술 콘텐츠, 개발자 커뮤니티, 클라우드·SI 파트너","저장소·티켓 연동, 조직별 평가셋, 오류·수정·배포 결과 데이터","글로벌 개발도구와 국내 MSP가 강하므로 특정 평가셋이나 레거시 연동이 필요","한국 레거시·SI 스택의 코드·티켓·문서와 생성코드 QA처럼 현지 맥락이 필요한 문제로 진입","영문 제품과 API를 먼저 제공하고 평가셋·연동팩을 산업별로 확장","범용 플랫폼 전체가 아니라 한 업무와 한 구매자만 선택","범용 플랫폼 전체가 아니라 한 업무와 한 구매자만 선택","6~8주 MVP","https://daltonmills.com/","https://www.sec.gov/Archives/edgar/data/2136348/000213634826000001/0002136348-26-000001-index.html"
"274","조건부","응용","B","65","direct","TestSprite Inc.","2025-10-29","WA","Other Technology","기타 기술","8136996","8136996","8","개발도구·데이터","77","19","12","17","10","10","9","12","1~3개월","TestSprite의 AI는 최소한의 입력으로 테스트 계획 수립, 코드 작성, 테스트 실행, 디버깅 및 보고를 통해 엔드투엔드 소프트웨어 테스트를 제공합니다. 여러 시나리오에 걸쳐 셀프 서비스 테스트가 필요한 개발 팀에 적합합니다.","TestSprite s AI offers end-to-end software testing by building test plans, writing code, executing tests, debugging, and reporting—all with minimal input. Ideal for dev teams needing self-serve testing across multiple scenarios.","코드·데이터·클라우드 맥락이 파편화돼 개발·분석·AI 배포의 오류와 대기시간이 늘어나는 문제","코드·티켓·문서 맥락, 생성코드 QA, 데이터 품질 중 평가 가능한 한 문제를 해결","고객 저장소·데이터셋 한 곳에서 오류 20건을 재현·분류하는 2주 유료 파일럿","개발자/데이터 사용자당 월 3만~20만원 + 기업 온보딩비","AI 기능을 운영하는 국내외 개발·데이터 팀과 소프트웨어 회사","오픈소스·기술 콘텐츠, 개발자 커뮤니티, 클라우드·SI 파트너","저장소·티켓 연동, 조직별 평가셋, 오류·수정·배포 결과 데이터","글로벌 개발도구와 국내 MSP가 강하므로 특정 평가셋이나 레거시 연동이 필요","한국 레거시·SI 스택의 코드·티켓·문서와 생성코드 QA처럼 현지 맥락이 필요한 문제로 진입","영문 제품과 API를 먼저 제공하고 평가셋·연동팩을 산업별로 확장","범용 플랫폼 전체가 아니라 한 업무와 한 구매자만 선택","범용 플랫폼 전체가 아니라 한 업무와 한 구매자만 선택","6~8주 MVP","https://www.testsprite.com/","https://www.sec.gov/Archives/edgar/data/2090225/000209022525000001/0002090225-25-000001-index.html"
"275","조건부","응용","B","65","direct","Aragorn AI, Inc.","2025-09-30","TX","Other Technology","기타 기술","4300000","4300000","2","개발도구·데이터","77","19","12","17","10","10","9","14","1~3개월","HR 데이터 인프라를 제어하세요. Aragorn을 사용하면 HR 팀이 IT 또는 컨설턴트 없이 통합을 구축, 관리 및 모니터링하여 모든 데이터 흐름을 가시적이고 안정적으로 만들고 분석 및 AI에 대비할 수 있습니다.","Take control of your HR data infrastructure. Aragorn lets HR teams build, manage, and monitor integrations without IT or consultants—making every data flow visible, reliable, and ready for analytics and AI.","코드·데이터·클라우드 맥락이 파편화돼 개발·분석·AI 배포의 오류와 대기시간이 늘어나는 문제","코드·티켓·문서 맥락, 생성코드 QA, 데이터 품질 중 평가 가능한 한 문제를 해결","고객 저장소·데이터셋 한 곳에서 오류 20건을 재현·분류하는 2주 유료 파일럿","개발자/데이터 사용자당 월 3만~20만원 + 기업 온보딩비","AI 기능을 운영하는 국내외 개발·데이터 팀과 소프트웨어 회사","오픈소스·기술 콘텐츠, 개발자 커뮤니티, 클라우드·SI 파트너","저장소·티켓 연동, 조직별 평가셋, 오류·수정·배포 결과 데이터","글로벌 개발도구와 국내 MSP가 강하므로 특정 평가셋이나 레거시 연동이 필요","한국 레거시·SI 스택의 코드·티켓·문서와 생성코드 QA처럼 현지 맥락이 필요한 문제로 진입","영문 제품과 API를 먼저 제공하고 평가셋·연동팩을 산업별로 확장","범용 플랫폼 전체가 아니라 한 업무와 한 구매자만 선택","범용 플랫폼 전체가 아니라 한 업무와 한 구매자만 선택","6~8주 MVP","https://www.aragorn.ai/","https://www.sec.gov/Archives/edgar/data/1921881/000192188125000002/0001921881-25-000002-index.html"
"276","조건부","응용","B","65","direct","Creatio Inc.","2025-06-13","MA","Other Technology","기타 기술","","4782080","6","마케팅·영업·고객운영","77","18","11","19","12","10","7","14","3~6개월+","사용자, 에이전트, 워크플로 또는 규모에 제한 없이 사람과 AI 에이전트를 하나의 AI CRM 및 워크플로 플랫폼에 통합하세요.","Bring people and AI agents together on one AI CRM and workflow platform — with no limits on users, agents, workflows, or scale.","콘텐츠·문의·고객대화가 매출 행동으로 연결되지 않고 사람이 채널마다 반복 처리하는 문제","문의·리뷰·콘텐츠를 예약·구매·재방문 행동까지 연결하는 업종 특화 도구","최근 문의·리뷰 200건을 매출 행동으로 분류하고 2주간 후속메시지를 실행하는 유료 파일럿","브랜드/지점당 월 30만~200만원 + 채널·전환 건수","예약·상담·반복구매가 중요한 중소 브랜드와 서비스업체","네이버·카카오·스마트스토어 대행사, 업종 커뮤니티, 매출 사례 직접 영업","채널 연동, 업종별 콘텐츠·대화 성과와 실제 예약·구매 전환 데이터","CRM·채널 상담 도구가 많으므로 업종별 예약·매출 귀속까지 완료해야 차별화","네이버·카카오·인스타그램·스마트스토어 문의를 예약·구매·재방문 결과까지 연결","한국 업종별 전환 데이터를 쌓은 뒤 일본 LINE과 동남아 WhatsApp으로 확장","대기업·공공 조달과 보안심사로 첫 매출이 느릴 수 있음 | 규제 판단을 제외하고 사람 승인형 운영 보조로 제한 | 범용 플랫폼 전체가 아니라 한 업무와 한 구매자만 선택","대기업·공공 조달과 보안심사로 첫 매출이 느릴 수 있음","6~8주 MVP","https://www.creatio.com/","https://www.sec.gov/Archives/edgar/data/1851695/000185169525000003/0001851695-25-000003-index.html"
"277","조건부","응용","B","65","direct","Kognitos, Inc.","2025-04-08","CA","Other","기타","29999998","24499996","5","재무·백오피스","77","18","10","20","11","9","9","10","3~6개월+","Kognitos는 일반 영어로 금융, AP, 의료 및 IT 워크플로우를 자동화하는 신경 기호 에이전트 AI 플랫폼입니다.","Kognitos is a neurosymbolic agentic AI platform that automates finance, AP, healthcare, and IT workflows in plain English","계약·송장·입금·미수·회계 자료가 맞지 않아 현금 회수와 마감이 늦어지는 문제","계약·송장·입금·미수금의 불일치를 찾아 후속조치 초안을 만들고 사람이 승인","미수·송장 3개월치를 대조해 회수 우선순위와 고객별 후속문안을 제공하는 유료 진단","회사당 월 60만~300만원 + 온보딩비 또는 회수 성과수수료","계약·송장·입금·미수 관리가 복잡한 중소 B2B 기업 대표와 재무 담당자","회계사·세무사·ERP 파트너, 미수 회수·마감 단축 사례 기반 직접 영업","ERP·회계 연동, 예외·승인·회수 결과와 거래처별 지불 패턴","회계·세무 SaaS가 강하므로 불일치 탐지와 실제 회수 성과에 집중","ERP를 교체하지 않고 계약·전자세금계산서·입금 불일치와 후속조치를 연결","한국에서 회수·마감 성과를 검증한 뒤 싱가포르·호주 회계 연동으로 확장","대기업·공공 조달과 보안심사로 첫 매출이 느릴 수 있음 | 규제 판단을 제외하고 사람 승인형 운영 보조로 제한","대기업·공공 조달과 보안심사로 첫 매출이 느릴 수 있음","6~8주 MVP","https://www.kognitos.com/","https://www.sec.gov/Archives/edgar/data/1845562/000184556225000001/0001845562-25-000001-index.html"
"278","조건부","응용","B","65","direct","Mindworks Technologies, Inc.","2025-10-10","CA","Other Technology","기타 기술","4000000","2049995","11","현장·건설·산업 운영","77","15","10","20","14","8","10","14","3~6개월+","처음부터 사용하기 쉽고 빠르게 배포할 수 있도록 설계된 차세대 ERP 시스템으로 전체 비즈니스를 구성하세요. 혁신적인 ERP 플랫폼을 통해 프로젝트 기반 건설 및 제조 비즈니스를 더욱 효율적으로 운영하세요.","Organize your entire business with the next-gen ERP system designed from the ground up to be easy to use and quick to deploy. Run your project-based construction and manufacturing business better with our innovative ERP platform.","현장 사진·완료서·견적·규정 증빙이 흩어져 청구와 공정 결정이 늦어지는 문제","작업사진·완료서·자재·견적을 청구와 규정 증빙으로 바꾸는 공종 하나의 도구","한 현장의 사진·작업일보를 기성·청구 증빙으로 변환하는 4주 유료 파일럿","업체당 월 70만~350만원 + 현장 수 + 초기 문서설정비","전문건설사·설비사·정비업체의 현장소장과 공무·청구 담당자","공종 협회, 세무·ERP·장비 파트너, 현장 사례 기반 직접 영업","공종별 문서·사진 판정, 청구 결과, 현장 시스템 연동과 예외 규칙","건설 공무·적산·견적 자동화가 인접하므로 전 공종 ERP보다 작업→청구 흐름에 집중","카카오톡 사진·HWP·세금계산서·공종 용어를 연결해 작업 완료→청구 한 공종으로 제한","한국 공종에서 검증한 뒤 일본·호주의 유사 현장 문서와 청구 흐름으로 확장","핵심 시스템 연동 전 파일·이메일 입력으로 먼저 검증 | 범용 플랫폼 전체가 아니라 한 업무와 한 구매자만 선택","핵심 시스템 연동 전 파일·이메일 입력으로 먼저 검증","8~12주 또는 파트너","https://www.mindworks.com/","https://www.sec.gov/Archives/edgar/data/2090595/000209059525000001/0002090595-25-000001-index.html"
"279","조건부","응용","B","73","adjacent","Tidal Cyber Inc.","2025-09-12","VA","Other Technology","기타 기술","15908367","15908367","14","보안·AI 거버넌스","77","16","10","19","13","10","9","10","3~6개월+","Tidal Cyber는 MITRE ATT&CK의 공격기법 정보를 조직의 탐지·위협연구·레드팀 업무에 연결해 위협 중심 방어를 운영하게 하는 보안 플랫폼이다.","Tidal Cyber operationalizes Threat-Informed Defense as a subset of a CTEM program, and supports detection engineering, SOC management, CTI and threat research teams, red/purple teams, threat hunters, and more.","AI·클라우드 도구가 늘면서 권한·정책·사고·감사 증빙을 사람이 연결하기 어려운 문제","전체 보안제품 대신 AI 에이전트·MCP 사용대장, 승인, 권한, 실행로그, 감사증빙 한 흐름에 집중","조직의 AI 도구·에이전트를 2주간 발견하고 위험·권한·감사로그를 정리하는 유료 진단","회사당 월 100만~600만원 + 규정팩 + 감사 온보딩비","AI 에이전트를 도입한 스타트업·중견기업의 보안·개발 책임자","ISMS·보안 컨설턴트, MSP, AI 구축사와 규정 대응 콘텐츠","권한 그래프, 증빙 자동수집, 정책·사고·승인 데이터와 규정 매핑","대기업용 GRC가 존재하므로 중견·스타트업의 AI 에이전트 감사증빙에 집중","AI 기본법·ISMS용 에이전트 사용대장·승인·실행로그·감사 내보내기로 진입","한국 규정팩을 검증한 뒤 EU·싱가포르 규정팩과 데이터 처리 옵션을 추가","원회사는 소프트웨어 전용이 아니므로 AI 업무전환 가설을 추가 검증","원회사는 소프트웨어 전용이 아니므로 AI 업무전환 가설을 추가 검증","8~12주 또는 파트너","https://www.tidalcyber.com/","https://www.sec.gov/Archives/edgar/data/1914953/000191495325000001/0001914953-25-000001-index.html"
"280","조건부","응용","B","65","adjacent","Jolly Labs, Inc.","2025-02-06","NY","Other Technology","기타 기술","16573709","16548709","58","보안·AI 거버넌스","77","16","10","19","13","10","9","8","3~6개월+","AI와 데이터 과학을 기반으로 하는 Jolly는 게임화된 성과 기반 인센티브를 사용하여 직원 활용도, 규정 준수, 추천 및 충성도를 촉진합니다.","Powered by AI and data science, Jolly drives employee utilization, compliance, referrals, and loyalty—using gamified, performance-based incentives.","AI·클라우드 도구가 늘면서 권한·정책·사고·감사 증빙을 사람이 연결하기 어려운 문제","전체 보안제품 대신 AI 에이전트·MCP 사용대장, 승인, 권한, 실행로그, 감사증빙 한 흐름에 집중","조직의 AI 도구·에이전트를 2주간 발견하고 위험·권한·감사로그를 정리하는 유료 진단","회사당 월 100만~600만원 + 규정팩 + 감사 온보딩비","AI 에이전트를 도입한 스타트업·중견기업의 보안·개발 책임자","ISMS·보안 컨설턴트, MSP, AI 구축사와 규정 대응 콘텐츠","권한 그래프, 증빙 자동수집, 정책·사고·승인 데이터와 규정 매핑","대기업용 GRC가 존재하므로 중견·스타트업의 AI 에이전트 감사증빙에 집중","AI 기본법·ISMS용 에이전트 사용대장·승인·실행로그·감사 내보내기로 진입","한국 규정팩을 검증한 뒤 EU·싱가포르 규정팩과 데이터 처리 옵션을 추가","원회사는 소프트웨어 전용이 아니므로 AI 업무전환 가설을 추가 검증","원회사는 소프트웨어 전용이 아니므로 AI 업무전환 가설을 추가 검증","8~12주 또는 파트너","https://jolly.com/","https://www.sec.gov/Archives/edgar/data/2054471/000205447125000003/0002054471-25-000003-index.html"
"281","조건부","응용","B","65","adjacent","Avistar Technologies Inc.","2026-05-05","IL","Other Technology","기타 기술","1000000","300000","1","보안·AI 거버넌스","77","16","10","19","13","10","9","13","3~6개월+","고객사의 고객이 감사를 통과했습니다. 그들의 기계는 그렇지 않습니다. Avistar는 아무도 보고 있지 않은 기계 ID를 찾아내고 MSP가 수정 사항을 제공합니다.","Your clients pass the audit. Their machines don t. Avistar finds the machine identities nobody is watching, and your MSP delivers the fix.","AI·클라우드 도구가 늘면서 권한·정책·사고·감사 증빙을 사람이 연결하기 어려운 문제","전체 보안제품 대신 AI 에이전트·MCP 사용대장, 승인, 권한, 실행로그, 감사증빙 한 흐름에 집중","조직의 AI 도구·에이전트를 2주간 발견하고 위험·권한·감사로그를 정리하는 유료 진단","회사당 월 100만~600만원 + 규정팩 + 감사 온보딩비","AI 에이전트를 도입한 스타트업·중견기업의 보안·개발 책임자","ISMS·보안 컨설턴트, MSP, AI 구축사와 규정 대응 콘텐츠","권한 그래프, 증빙 자동수집, 정책·사고·승인 데이터와 규정 매핑","대기업용 GRC가 존재하므로 중견·스타트업의 AI 에이전트 감사증빙에 집중","AI 기본법·ISMS용 에이전트 사용대장·승인·실행로그·감사 내보내기로 진입","한국 규정팩을 검증한 뒤 EU·싱가포르 규정팩과 데이터 처리 옵션을 추가","원회사는 소프트웨어 전용이 아니므로 AI 업무전환 가설을 추가 검증","원회사는 소프트웨어 전용이 아니므로 AI 업무전환 가설을 추가 검증","8~12주 또는 파트너","https://avistar.ai/","https://www.sec.gov/Archives/edgar/data/2131842/000213184226000001/0002131842-26-000001-index.html"
"282","조건부","응용","B","65","direct","CYBRBASE, INC","2025-03-14","VA","Other Technology","기타 기술","300000","300000","1","보안·AI 거버넌스","77","17","8","20","13","9","10","11","3~6개월+","Cybrbase는 중요 인프라 운영자가 위험을 줄이고 규정 준수를 달성하며 장기적으로 이를 보호하는 거버넌스 인프라를 구축할 수 있도록 지원합니다.","Cybrbase helps critical infrastructure operators reduce risk, achieve compliance, and build the governance infrastructure that protects them long-term.","AI·클라우드 도구가 늘면서 권한·정책·사고·감사 증빙을 사람이 연결하기 어려운 문제","전체 보안제품 대신 AI 에이전트·MCP 사용대장, 승인, 권한, 실행로그, 감사증빙 한 흐름에 집중","조직의 AI 도구·에이전트를 2주간 발견하고 위험·권한·감사로그를 정리하는 유료 진단","회사당 월 100만~600만원 + 규정팩 + 감사 온보딩비","AI 에이전트를 도입한 스타트업·중견기업의 보안·개발 책임자","ISMS·보안 컨설턴트, MSP, AI 구축사와 규정 대응 콘텐츠","권한 그래프, 증빙 자동수집, 정책·사고·승인 데이터와 규정 매핑","대기업용 GRC가 존재하므로 중견·스타트업의 AI 에이전트 감사증빙에 집중","AI 기본법·ISMS용 에이전트 사용대장·승인·실행로그·감사 내보내기로 진입","한국 규정팩을 검증한 뒤 EU·싱가포르 규정팩과 데이터 처리 옵션을 추가","대기업·공공 조달과 보안심사로 첫 매출이 느릴 수 있음","대기업·공공 조달과 보안심사로 첫 매출이 느릴 수 있음","8~12주 또는 파트너","https://cybrbase.com/","https://www.sec.gov/Archives/edgar/data/2060817/000206081725000001/0002060817-25-000001-index.html"
"283","조건부","응용","B","58","direct","Frenos Inc.","2025-01-30","NC","Other Technology","기타 기술","4883922","4883922","41","보안·AI 거버넌스","77","17","7","20","13","10","10","14","3~6개월+","Frenos는 운영기술 환경의 디지털 트윈에서 침투시험과 적대적 공격을 지속적으로 시뮬레이션해 실제 설비를 건드리지 않고 공격 경로와 위험을 찾는다.","Transform your OT security with Frenos","AI·클라우드 도구가 늘면서 권한·정책·사고·감사 증빙을 사람이 연결하기 어려운 문제","전체 보안제품 대신 AI 에이전트·MCP 사용대장, 승인, 권한, 실행로그, 감사증빙 한 흐름에 집중","조직의 AI 도구·에이전트를 2주간 발견하고 위험·권한·감사로그를 정리하는 유료 진단","회사당 월 100만~600만원 + 규정팩 + 감사 온보딩비","AI 에이전트를 도입한 스타트업·중견기업의 보안·개발 책임자","ISMS·보안 컨설턴트, MSP, AI 구축사와 규정 대응 콘텐츠","권한 그래프, 증빙 자동수집, 정책·사고·승인 데이터와 규정 매핑","대기업용 GRC가 존재하므로 중견·스타트업의 AI 에이전트 감사증빙에 집중","AI 기본법·ISMS용 에이전트 사용대장·승인·실행로그·감사 내보내기로 진입","한국 규정팩을 검증한 뒤 EU·싱가포르 규정팩과 데이터 처리 옵션을 추가","대기업·공공 조달과 보안심사로 첫 매출이 느릴 수 있음 | 공식 제품 설명이 짧아 고객 인터뷰 전 제품 범위 확인 필요","대기업·공공 조달과 보안심사로 첫 매출이 느릴 수 있음","8~12주 또는 파트너","https://frenos.io/","https://www.sec.gov/Archives/edgar/data/2053942/000205394225000001/0002053942-25-000001-index.html"
"284","조건부","응용","B","65","direct","Aktivate, Inc.","2025-06-20","NY","Other Technology","기타 기술","2500000","1515504","26","기타 수직 운영","76","18","15","16","12","8","7","14","1~3개월","Aktivate는 미국 K-12 학교에서 학문적 스포츠를 관리, 자금 조달 및 운영하는 방식을 변화시키겠다는 사명을 가지고 설립되었습니다. 일반적으로 대학 및 전문가 수준에만 존재했던 기술을 활용하여 우리는 현장 안팎에서 모두에게 혜택을 주는 최첨단 플랫폼을 개발했습니다.","Aktivate was founded with a mission to transform how scholastic sports are managed, funded, and run in America’s K-12 schools. Leveraging technology that has typically only existed at the collegiate and professional levels, we’ve developed a state-of-the-art platform that benefits everyone — on, off, and around the field.","특정 업종의 문서·승인·후속조치가 범용 SaaS에 맞지 않아 엑셀과 사람에게 남는 문제","고객이 매주 반복하는 문서·승인·후속조치 한 개를 서비스형 AI 도구로 제공","반복 업무 1주를 측정하고 한 흐름을 4주간 대신 처리하는 유료 파일럿","월 40만~250만원 + 온보딩·운영 대행비","반복 문서·승인·후속조치가 많은 특정 업종의 대표와 운영 책임자","업종 협회·전문가 파트너·창업자의 직접 고객 인터뷰와 유료 파일럿","업종 템플릿, 고객 수정·완료 데이터, 업무 연동과 판매 채널","회사별 유사 사업을 다시 확인하고 범용 도구보다 좁은 업무의 완료율로 차별화","업종 전체보다 지불 의사가 높은 한 업무를 국내 문서·채널에 맞게 제공","한국에서 결과 데이터를 만든 뒤 규제와 업무가 비슷한 한 국가로 확장","","공식 제품과 고객 인터뷰로 수요·가격·도입권한을 다시 검증","6~8주 MVP","https://www.aktivate.com/","https://www.sec.gov/Archives/edgar/data/1914831/000191483125000003/0001914831-25-000003-index.html"
"285","조건부","응용","B","65","direct","Practivated, Inc.","2025-03-07","CA","Other Technology","기타 기술","1500000","1399997","22","기타 수직 운영","76","18","15","16","12","8","7","14","1~3개월","첫 번째 모금 준비 플랫폼 준비된 모든 기부자 대화에 참여하세요. 팀은 좋은 모금 활동이 어떤 것인지 알고 있습니다. 하지만 기증자가 반발하는 순간, 대화가 바뀌는 순간, 아는 것만으로는 충분하지 않습니다. Practivated는 지식을 준비 상태로 바꾸는 기술, 자신감 및 근육 기억을 구축합니다. 데모 예약 직접 확인하기","The First Fundraising Readiness Platform Walk into every donor conversation ready Your team knows what good fundraising looks like. But in the moment, when the donor pushes back, when the conversation turns, knowing isn’t enough. Practivated builds the skills, confidence, and muscle memory that turn knowledge into readiness. Schedule A Demo See It For Yourself","특정 업종의 문서·승인·후속조치가 범용 SaaS에 맞지 않아 엑셀과 사람에게 남는 문제","고객이 매주 반복하는 문서·승인·후속조치 한 개를 서비스형 AI 도구로 제공","반복 업무 1주를 측정하고 한 흐름을 4주간 대신 처리하는 유료 파일럿","월 40만~250만원 + 온보딩·운영 대행비","반복 문서·승인·후속조치가 많은 특정 업종의 대표와 운영 책임자","업종 협회·전문가 파트너·창업자의 직접 고객 인터뷰와 유료 파일럿","업종 템플릿, 고객 수정·완료 데이터, 업무 연동과 판매 채널","회사별 유사 사업을 다시 확인하고 범용 도구보다 좁은 업무의 완료율로 차별화","업종 전체보다 지불 의사가 높은 한 업무를 국내 문서·채널에 맞게 제공","한국에서 결과 데이터를 만든 뒤 규제와 업무가 비슷한 한 국가로 확장","","공식 제품과 고객 인터뷰로 수요·가격·도입권한을 다시 검증","6~8주 MVP","https://practivated.com/","https://www.sec.gov/Archives/edgar/data/2059124/000205912425000001/0002059124-25-000001-index.html"
"286","조건부","응용","B","65","direct","ContactImmed, Inc.","2026-05-04","NY","Other Technology","기타 기술","","30000","1","기타 수직 운영","76","18","15","16","12","8","7","5","1~3개월","ContactImmed는 K-12 교육구가 데이터를 명확한 교육적 통찰력과 조치로 전환하도록 돕습니다. 우선순위를 파악하고, 학생의 성장을 지원하며, 자신 있게 학업 결정을 안내하세요.","ContactImmed helps K-12 districts turn data into clear instructional insight and action. Identify priorities, support student growth, and guide academic decisions with confidence.","특정 업종의 문서·승인·후속조치가 범용 SaaS에 맞지 않아 엑셀과 사람에게 남는 문제","고객이 매주 반복하는 문서·승인·후속조치 한 개를 서비스형 AI 도구로 제공","반복 업무 1주를 측정하고 한 흐름을 4주간 대신 처리하는 유료 파일럿","월 40만~250만원 + 온보딩·운영 대행비","반복 문서·승인·후속조치가 많은 특정 업종의 대표와 운영 책임자","업종 협회·전문가 파트너·창업자의 직접 고객 인터뷰와 유료 파일럿","업종 템플릿, 고객 수정·완료 데이터, 업무 연동과 판매 채널","회사별 유사 사업을 다시 확인하고 범용 도구보다 좁은 업무의 완료율로 차별화","업종 전체보다 지불 의사가 높은 한 업무를 국내 문서·채널에 맞게 제공","한국에서 결과 데이터를 만든 뒤 규제와 업무가 비슷한 한 국가로 확장","","공식 제품과 고객 인터뷰로 수요·가격·도입권한을 다시 검증","6~8주 MVP","https://www.contactimmed.com/","https://www.sec.gov/Archives/edgar/data/2133222/000213322226000001/0002133222-26-000001-index.html"
"287","조건부","응용","B","73","adjacent","Everybody Water, Inc.","2025-03-20","MA","Other","기타","1000000","400000","4","인력·교육·온보딩","76","20","15","14","12","8","7","14","1~3개월","마음을 담은 물로 상쾌함®을 느껴보세요. Everybody Water는 깨끗한 물 프로젝트를 지원하여 사람들에게 생애 처음으로 물을 공급하여 여성과 소녀들의 삶에 극적인 영향을 미치므로 더 이상 물을 모으고 학교에 다닐 시간을 갖지 않고 수입을 얻고 번영할 수 있도록 하는 사명을 가지고 있습니다.","Refresh yourself with water with a heart®. Everybody Water has a mission to support clean water projects to bring people running water for the first time in their lives, dramatically impacting the lives of women & girls so they no longer have to collect water and have time to attend school, earn incomes and thrive.","채용·교육·온보딩이 문서 전달에 머물러 실제 업무 수행과 규정 이수를 측정하기 어려운 문제","한 직군의 실제 업무 문서로 온보딩·역할별 코칭·이수·업무수행 증빙을 자동화","신규직원 한 역할의 문서·상황 20개를 평가형 온보딩으로 바꾸는 유료 제작 파일럿","사용자당 월 2만~10만원 + 콘텐츠 구축비 200만~1,000만원","현장·서비스 직군을 반복 채용하는 중소·중견기업의 인사·교육 책임자","직군 협회, HR·LMS 파트너, 교육기관과 역할별 평가 콘텐츠","직군별 평가·성과 데이터, 사내문서 연동과 실제 업무수행 결과","채용·교육 도구가 많으므로 콘텐츠 전달보다 실제 업무수행 측정에 집중","한 직군의 역할극·업무 증빙을 국내 규정과 조직 용어에 맞게 제공","한국에서 한 직군을 검증한 뒤 일본·동남아 현지 언어·규정 평가팩으로 확장","원회사는 소프트웨어 전용이 아니므로 AI 업무전환 가설을 추가 검증","원회사는 소프트웨어 전용이 아니므로 AI 업무전환 가설을 추가 검증","6~8주 MVP","https://everybodywater.com/","https://www.sec.gov/Archives/edgar/data/1835691/000183569125000002/0001835691-25-000002-index.html"
"288","조건부","응용","B","73","adjacent","FUSE STAFFING SERVICES, LLC","2025-02-25","TX","Other","기타","2000000","100000","1","인력·교육·온보딩","76","20","15","14","12","8","7","11","1~3개월","검증된 숙련된 인력으로 현장 지원을 제공합니다. 무역 수준의 심사, 안전 감독 및 유지율 92%. 고정된 실제 인력 솔루션.","Vetted skilled trades staffing with on-site support. Trade-level vetting, safety oversight, and 92% retention rate. Real workforce solutions that stick.","채용·교육·온보딩이 문서 전달에 머물러 실제 업무 수행과 규정 이수를 측정하기 어려운 문제","한 직군의 실제 업무 문서로 온보딩·역할별 코칭·이수·업무수행 증빙을 자동화","신규직원 한 역할의 문서·상황 20개를 평가형 온보딩으로 바꾸는 유료 제작 파일럿","사용자당 월 2만~10만원 + 콘텐츠 구축비 200만~1,000만원","현장·서비스 직군을 반복 채용하는 중소·중견기업의 인사·교육 책임자","직군 협회, HR·LMS 파트너, 교육기관과 역할별 평가 콘텐츠","직군별 평가·성과 데이터, 사내문서 연동과 실제 업무수행 결과","채용·교육 도구가 많으므로 콘텐츠 전달보다 실제 업무수행 측정에 집중","한 직군의 역할극·업무 증빙을 국내 규정과 조직 용어에 맞게 제공","한국에서 한 직군을 검증한 뒤 일본·동남아 현지 언어·규정 평가팩으로 확장","원회사는 소프트웨어 전용이 아니므로 AI 업무전환 가설을 추가 검증","원회사는 소프트웨어 전용이 아니므로 AI 업무전환 가설을 추가 검증","6~8주 MVP","https://www.fusestaffing.com/","https://www.sec.gov/Archives/edgar/data/2057216/000205721625000001/0002057216-25-000001-index.html"
"289","조건부","응용","A","78","direct","Pest Share, Inc.","2025-08-29","ID","Other","기타","27999816","27999816","6","기타 수직 운영","76","18","14","18","11","8","7","13","1~3개월","수동으로 해충 방제 관리를 중단하세요. Pest Share는 주문형 요청을 자동화하고 오버헤드를 줄이며 포트폴리오의 NOI를 높이는 자산 관리자를 위한 기술 기반 해충 방제 플랫폼을 제공합니다.","Stop managing pest control manually. Pest Share provides a tech-driven pest control platform for property managers that automates on-demand requests, reduces overhead, and boosts NOI for your portfolio.","특정 업종의 문서·승인·후속조치가 범용 SaaS에 맞지 않아 엑셀과 사람에게 남는 문제","고객이 매주 반복하는 문서·승인·후속조치 한 개를 서비스형 AI 도구로 제공","반복 업무 1주를 측정하고 한 흐름을 4주간 대신 처리하는 유료 파일럿","월 40만~250만원 + 온보딩·운영 대행비","반복 문서·승인·후속조치가 많은 특정 업종의 대표와 운영 책임자","업종 협회·전문가 파트너·창업자의 직접 고객 인터뷰와 유료 파일럿","업종 템플릿, 고객 수정·완료 데이터, 업무 연동과 판매 채널","회사별 유사 사업을 다시 확인하고 범용 도구보다 좁은 업무의 완료율로 차별화","업종 전체보다 지불 의사가 높은 한 업무를 국내 문서·채널에 맞게 제공","한국에서 결과 데이터를 만든 뒤 규제와 업무가 비슷한 한 국가로 확장","","공식 제품과 고객 인터뷰로 수요·가격·도입권한을 다시 검증","6~8주 MVP","https://www.pestshare.com/","https://www.sec.gov/Archives/edgar/data/1968177/000196817725000002/0001968177-25-000002-index.html"
"290","조건부","응용","A","78","direct","Hauler Hero Inc.","2025-12-01","NY","Other Technology","기타 기술","14500000","12000000","2","기타 수직 운영","76","18","14","18","11","8","7","15","1~3개월","Hauler Hero는 폐기물 운반업체의 운영을 개선하고 효율성을 높이며 비용을 절감하는 데 도움이 되는 폐기물 관리 소프트웨어 솔루션입니다.","Hauler Hero is a waste management software solution that helps waste haulers improve their operations, increase efficiency, and reduce costs.","특정 업종의 문서·승인·후속조치가 범용 SaaS에 맞지 않아 엑셀과 사람에게 남는 문제","고객이 매주 반복하는 문서·승인·후속조치 한 개를 서비스형 AI 도구로 제공","반복 업무 1주를 측정하고 한 흐름을 4주간 대신 처리하는 유료 파일럿","월 40만~250만원 + 온보딩·운영 대행비","반복 문서·승인·후속조치가 많은 특정 업종의 대표와 운영 책임자","업종 협회·전문가 파트너·창업자의 직접 고객 인터뷰와 유료 파일럿","업종 템플릿, 고객 수정·완료 데이터, 업무 연동과 판매 채널","회사별 유사 사업을 다시 확인하고 범용 도구보다 좁은 업무의 완료율로 차별화","업종 전체보다 지불 의사가 높은 한 업무를 국내 문서·채널에 맞게 제공","한국에서 결과 데이터를 만든 뒤 규제와 업무가 비슷한 한 국가로 확장","","공식 제품과 고객 인터뷰로 수요·가격·도입권한을 다시 검증","6~8주 MVP","https://www.haulerhero.com/","https://www.sec.gov/Archives/edgar/data/2023314/000202331425000004/0002023314-25-000004-index.html"
"291","조건부","응용","A","78","direct","Self Inspection Inc.","2025-08-21","CA","Other Technology","기타 기술","5380055","2800028","4","기타 수직 운영","76","18","14","18","11","8","7","17","1~3개월","Self Inspection은 2천만 개 이상의 이미지로 훈련된 AI를 사용하여 딜러, 차량, 임대 및 대출 기관을 위해 구축된 차량 손상 감지, 상태 보고서 및 CR 채점을 자동화합니다.","Self Inspection uses AI trained on 20M+ images to automate vehicle damage detection, condition reports, and CR scoring — built for dealers, fleets, rentals, and lenders.","특정 업종의 문서·승인·후속조치가 범용 SaaS에 맞지 않아 엑셀과 사람에게 남는 문제","고객이 매주 반복하는 문서·승인·후속조치 한 개를 서비스형 AI 도구로 제공","반복 업무 1주를 측정하고 한 흐름을 4주간 대신 처리하는 유료 파일럿","월 40만~250만원 + 온보딩·운영 대행비","반복 문서·승인·후속조치가 많은 특정 업종의 대표와 운영 책임자","업종 협회·전문가 파트너·창업자의 직접 고객 인터뷰와 유료 파일럿","업종 템플릿, 고객 수정·완료 데이터, 업무 연동과 판매 채널","회사별 유사 사업을 다시 확인하고 범용 도구보다 좁은 업무의 완료율로 차별화","업종 전체보다 지불 의사가 높은 한 업무를 국내 문서·채널에 맞게 제공","한국에서 결과 데이터를 만든 뒤 규제와 업무가 비슷한 한 국가로 확장","","공식 제품과 고객 인터뷰로 수요·가격·도입권한을 다시 검증","6~8주 MVP","https://selfinspection.com/","https://www.sec.gov/Archives/edgar/data/1961895/000196189525000003/0001961895-25-000003-index.html"
"292","조건부","응용","A","78","direct","Gravity GTM Inc.","2026-06-04","CO","Other Technology","기타 기술","1000000","500000","2","기타 수직 운영","76","18","14","18","11","8","7","19","1~3개월","단일 플랫폼으로 수익을 늘리고 유지하세요. GTM 데이터를 통합하고, 사전 예방적인 통찰력을 얻고, 에이전트를 잠금 해제하고, 안정적인 수익 성장을 위해 팀의 역량을 강화하세요.","Grow and retain revenue with one platform — unify GTM data, gain proactive insights, unlock agents, and empower your team for reliable revenue growth.","특정 업종의 문서·승인·후속조치가 범용 SaaS에 맞지 않아 엑셀과 사람에게 남는 문제","고객이 매주 반복하는 문서·승인·후속조치 한 개를 서비스형 AI 도구로 제공","반복 업무 1주를 측정하고 한 흐름을 4주간 대신 처리하는 유료 파일럿","월 40만~250만원 + 온보딩·운영 대행비","반복 문서·승인·후속조치가 많은 특정 업종의 대표와 운영 책임자","업종 협회·전문가 파트너·창업자의 직접 고객 인터뷰와 유료 파일럿","업종 템플릿, 고객 수정·완료 데이터, 업무 연동과 판매 채널","회사별 유사 사업을 다시 확인하고 범용 도구보다 좁은 업무의 완료율로 차별화","업종 전체보다 지불 의사가 높은 한 업무를 국내 문서·채널에 맞게 제공","한국에서 결과 데이터를 만든 뒤 규제와 업무가 비슷한 한 국가로 확장","","공식 제품과 고객 인터뷰로 수요·가격·도입권한을 다시 검증","6~8주 MVP","https://gravitygtm.com/","https://www.sec.gov/Archives/edgar/data/2103997/000210399726000003/0002103997-26-000003-index.html"
"293","조건부","응용","A","78","direct","Meta PRN Inc","2025-01-29","MD","Other Technology","기타 기술","","35000","1","기타 수직 운영","76","18","14","18","11","8","7","6","1~3개월","합리적인 가격으로 진료를 받으세요. 기다리지 마세요. 배치 비용 없이 의료 전문가를 검색, 초대 및 고용할 수 있습니다. 시작하기 Meta PRN은 의료 비즈니스를 위해 구축된 의료 채용 플랫폼입니다. 우리는 고용주를 간호사 및 자격증을 갖춘 의료 전문가와 연결합니다. 월 75달러만 지불하면 무제한으로 역할을 게시하고 직접 고용할 수 있습니다. 작업당 수수료가 없습니다. 대행사가 없습니다. 마크업이 없습니다. 왜 메타인가?","Find Care Affordably. Ditch the wait-and-see. Search, invite, and hire care professionals—without placement fees. Get Started Meta PRN is a healthcare hiring platform built for care businesses.We connect employers to nurses and licensed healthcare professionals. You pay just $75/month to post unlimited roles and hire directly. No per-job fees. No agencies. No markup. Why Meta","특정 업종의 문서·승인·후속조치가 범용 SaaS에 맞지 않아 엑셀과 사람에게 남는 문제","고객이 매주 반복하는 문서·승인·후속조치 한 개를 서비스형 AI 도구로 제공","반복 업무 1주를 측정하고 한 흐름을 4주간 대신 처리하는 유료 파일럿","월 40만~250만원 + 온보딩·운영 대행비","반복 문서·승인·후속조치가 많은 특정 업종의 대표와 운영 책임자","업종 협회·전문가 파트너·창업자의 직접 고객 인터뷰와 유료 파일럿","업종 템플릿, 고객 수정·완료 데이터, 업무 연동과 판매 채널","회사별 유사 사업을 다시 확인하고 범용 도구보다 좁은 업무의 완료율로 차별화","업종 전체보다 지불 의사가 높은 한 업무를 국내 문서·채널에 맞게 제공","한국에서 결과 데이터를 만든 뒤 규제와 업무가 비슷한 한 국가로 확장","","공식 제품과 고객 인터뷰로 수요·가격·도입권한을 다시 검증","6~8주 MVP","https://metaprn.com/","https://www.sec.gov/Archives/edgar/data/2053767/000205376725000001/0002053767-25-000001-index.html"
"294","조건부","응용","B","74","direct","Liftoff Mobile, Inc.","2025-09-09","CA","Other Technology","기타 기술","","","0","기타 수직 운영","76","18","14","18","11","8","7","3","1~3개월","Liftoff는 모바일 앱을 마케팅하고 수익을 창출하는 솔루션을 통해 광고주, 게시자, 게임 개발자 및 DSP가 수익 성장을 확장할 수 있도록 지원합니다.","Liftoff helps advertisers, publishers, game developers and DSPs scale revenue growth with solutions to market and monetize mobile apps.","특정 업종의 문서·승인·후속조치가 범용 SaaS에 맞지 않아 엑셀과 사람에게 남는 문제","고객이 매주 반복하는 문서·승인·후속조치 한 개를 서비스형 AI 도구로 제공","반복 업무 1주를 측정하고 한 흐름을 4주간 대신 처리하는 유료 파일럿","월 40만~250만원 + 온보딩·운영 대행비","반복 문서·승인·후속조치가 많은 특정 업종의 대표와 운영 책임자","업종 협회·전문가 파트너·창업자의 직접 고객 인터뷰와 유료 파일럿","업종 템플릿, 고객 수정·완료 데이터, 업무 연동과 판매 채널","회사별 유사 사업을 다시 확인하고 범용 도구보다 좁은 업무의 완료율로 차별화","업종 전체보다 지불 의사가 높은 한 업무를 국내 문서·채널에 맞게 제공","한국에서 결과 데이터를 만든 뒤 규제와 업무가 비슷한 한 국가로 확장","","공식 제품과 고객 인터뷰로 수요·가격·도입권한을 다시 검증","6~8주 MVP","https://liftoff.ai/","https://www.sec.gov/Archives/edgar/data/1850351/000185035125000002/0001850351-25-000002-index.html"
"295","조건부","응용","B","73","direct","Fleet Defender, inc.","2025-05-21","NE","Other Technology","기타 기술","1000000","320000","2","기타 수직 운영","76","18","14","18","11","8","7","14","1~3개월","Fleet Defender는 차량 내 코칭 및 사이버 보안 모니터링을 통해 차량의 안전 문제를 해결합니다.","Fleet Defender solves safety challenges for fleets with in cab coaching and cybersecurity monitoring for fleet vehicles.","특정 업종의 문서·승인·후속조치가 범용 SaaS에 맞지 않아 엑셀과 사람에게 남는 문제","고객이 매주 반복하는 문서·승인·후속조치 한 개를 서비스형 AI 도구로 제공","반복 업무 1주를 측정하고 한 흐름을 4주간 대신 처리하는 유료 파일럿","월 40만~250만원 + 온보딩·운영 대행비","반복 문서·승인·후속조치가 많은 특정 업종의 대표와 운영 책임자","업종 협회·전문가 파트너·창업자의 직접 고객 인터뷰와 유료 파일럿","업종 템플릿, 고객 수정·완료 데이터, 업무 연동과 판매 채널","회사별 유사 사업을 다시 확인하고 범용 도구보다 좁은 업무의 완료율로 차별화","업종 전체보다 지불 의사가 높은 한 업무를 국내 문서·채널에 맞게 제공","한국에서 결과 데이터를 만든 뒤 규제와 업무가 비슷한 한 국가로 확장","","공식 제품과 고객 인터뷰로 수요·가격·도입권한을 다시 검증","6~8주 MVP","https://fleetdefender.com/","https://www.sec.gov/Archives/edgar/data/1938409/000193840925000003/0001938409-25-000003-index.html"
"296","조건부","응용","B","70","direct","Onos Health Inc.","2025-05-07","CA","Other Technology","기타 기술","6324999","6324999","6","기타 수직 운영","76","18","14","18","11","8","7","12","1~3개월","우리의 행동 건강 플랫폼을 통해 지불자는 낭비를 최소화하고 운영을 간소화하며 건강 결과를 높일 수 있습니다.","With our behavioral health platform, payers can minimize waste, streamline operations, and boost health outcomes.","특정 업종의 문서·승인·후속조치가 범용 SaaS에 맞지 않아 엑셀과 사람에게 남는 문제","고객이 매주 반복하는 문서·승인·후속조치 한 개를 서비스형 AI 도구로 제공","반복 업무 1주를 측정하고 한 흐름을 4주간 대신 처리하는 유료 파일럿","월 40만~250만원 + 온보딩·운영 대행비","반복 문서·승인·후속조치가 많은 특정 업종의 대표와 운영 책임자","업종 협회·전문가 파트너·창업자의 직접 고객 인터뷰와 유료 파일럿","업종 템플릿, 고객 수정·완료 데이터, 업무 연동과 판매 채널","회사별 유사 사업을 다시 확인하고 범용 도구보다 좁은 업무의 완료율로 차별화","업종 전체보다 지불 의사가 높은 한 업무를 국내 문서·채널에 맞게 제공","한국에서 결과 데이터를 만든 뒤 규제와 업무가 비슷한 한 국가로 확장","","공식 제품과 고객 인터뷰로 수요·가격·도입권한을 다시 검증","6~8주 MVP","https://onoshealth.com/","https://www.sec.gov/Archives/edgar/data/2066758/000206675825000001/0002066758-25-000001-index.html"
"297","조건부","응용","B","65","direct","Abacum Inc.","2025-06-12","NY","Other Technology","기타 기술","43265849","43265849","8","기타 수직 운영","76","18","14","18","11","8","7","10","1~3개월","Abacum은 CFO가 데이터, 워크플로 및 팀을 연결하고 700개 이상의 통합을 통해 계획 및 보고를 단순화하도록 구축된 AI 기반 FP&A 플랫폼입니다.","Abacum is the AI-native FP&A platform built for CFOs to connect data, workflows and teams, simplifying planning and reporting with 700+ integrations.","특정 업종의 문서·승인·후속조치가 범용 SaaS에 맞지 않아 엑셀과 사람에게 남는 문제","고객이 매주 반복하는 문서·승인·후속조치 한 개를 서비스형 AI 도구로 제공","반복 업무 1주를 측정하고 한 흐름을 4주간 대신 처리하는 유료 파일럿","월 40만~250만원 + 온보딩·운영 대행비","반복 문서·승인·후속조치가 많은 특정 업종의 대표와 운영 책임자","업종 협회·전문가 파트너·창업자의 직접 고객 인터뷰와 유료 파일럿","업종 템플릿, 고객 수정·완료 데이터, 업무 연동과 판매 채널","회사별 유사 사업을 다시 확인하고 범용 도구보다 좁은 업무의 완료율로 차별화","업종 전체보다 지불 의사가 높은 한 업무를 국내 문서·채널에 맞게 제공","한국에서 결과 데이터를 만든 뒤 규제와 업무가 비슷한 한 국가로 확장","","공식 제품과 고객 인터뷰로 수요·가격·도입권한을 다시 검증","6~8주 MVP","https://www.abacum.ai/","https://www.sec.gov/Archives/edgar/data/1856882/000192975225000003/0001929752-25-000003-index.html"
"298","조건부","응용","B","65","direct","GrowthX AI, Inc.","2025-02-21","CA","Other Technology","기타 기술","29120000","29120000","3","기타 수직 운영","76","18","14","18","11","8","7","10","1~3개월","우리는 B2B 창업자가 전문가 코칭 프로그램과 독점 AI 플랫폼을 통해 제품 모멘텀을 수익 성장으로 전환하도록 돕습니다.","We help B2B founders turn product momentum into revenue growth through expert coaching programs and a proprietary AI platform.","특정 업종의 문서·승인·후속조치가 범용 SaaS에 맞지 않아 엑셀과 사람에게 남는 문제","고객이 매주 반복하는 문서·승인·후속조치 한 개를 서비스형 AI 도구로 제공","반복 업무 1주를 측정하고 한 흐름을 4주간 대신 처리하는 유료 파일럿","월 40만~250만원 + 온보딩·운영 대행비","반복 문서·승인·후속조치가 많은 특정 업종의 대표와 운영 책임자","업종 협회·전문가 파트너·창업자의 직접 고객 인터뷰와 유료 파일럿","업종 템플릿, 고객 수정·완료 데이터, 업무 연동과 판매 채널","회사별 유사 사업을 다시 확인하고 범용 도구보다 좁은 업무의 완료율로 차별화","업종 전체보다 지불 의사가 높은 한 업무를 국내 문서·채널에 맞게 제공","한국에서 결과 데이터를 만든 뒤 규제와 업무가 비슷한 한 국가로 확장","","공식 제품과 고객 인터뷰로 수요·가격·도입권한을 다시 검증","6~8주 MVP","https://growthx.com/","https://www.sec.gov/Archives/edgar/data/2056451/000205645125000001/0002056451-25-000001-index.html"
"299","조건부","응용","B","65","direct","Pantomath Inc.","2025-07-11","OH","Other Technology","기타 기술","29999978","26999981","8","기타 수직 운영","76","18","14","18","11","8","7","10","1~3개월","Pantomath는 전체 데이터 스택에 걸쳐 데이터 문제를 모니터링하고 자율적으로 해결하는 AI 기반 데이터 운영 센터입니다.","Pantomath is an AI-powered Data Operations Center that monitors and autonomously resolves data issues across the entire data stack.","특정 업종의 문서·승인·후속조치가 범용 SaaS에 맞지 않아 엑셀과 사람에게 남는 문제","고객이 매주 반복하는 문서·승인·후속조치 한 개를 서비스형 AI 도구로 제공","반복 업무 1주를 측정하고 한 흐름을 4주간 대신 처리하는 유료 파일럿","월 40만~250만원 + 온보딩·운영 대행비","반복 문서·승인·후속조치가 많은 특정 업종의 대표와 운영 책임자","업종 협회·전문가 파트너·창업자의 직접 고객 인터뷰와 유료 파일럿","업종 템플릿, 고객 수정·완료 데이터, 업무 연동과 판매 채널","회사별 유사 사업을 다시 확인하고 범용 도구보다 좁은 업무의 완료율로 차별화","업종 전체보다 지불 의사가 높은 한 업무를 국내 문서·채널에 맞게 제공","한국에서 결과 데이터를 만든 뒤 규제와 업무가 비슷한 한 국가로 확장","","공식 제품과 고객 인터뷰로 수요·가격·도입권한을 다시 검증","6~8주 MVP","https://www.pantomath.com/","https://www.sec.gov/Archives/edgar/data/1917271/000191727125000002/0001917271-25-000002-index.html"
"300","조건부","응용","B","65","direct","Zingbus, Inc.","2025-06-06","CA","Other","기타","12561244","12561244","35","기타 수직 운영","76","18","14","18","11","8","7","12","1~3개월","인도 최대의 온라인 버스 예약 플랫폼은 Ac 버스 여행을 무료로 제공하고 저렴한 버스 티켓을 예약합니다. 500개 이상의 도시 연결, 간편한 취소 및 즉시 환불.","India’s Largest Online Bus Booking Platform Offers Ac Bus Travels, Free, book affordable Bus Tickets. Connecting 500+ cities, Easy Cancellation & Instant Refund.","특정 업종의 문서·승인·후속조치가 범용 SaaS에 맞지 않아 엑셀과 사람에게 남는 문제","고객이 매주 반복하는 문서·승인·후속조치 한 개를 서비스형 AI 도구로 제공","반복 업무 1주를 측정하고 한 흐름을 4주간 대신 처리하는 유료 파일럿","월 40만~250만원 + 온보딩·운영 대행비","반복 문서·승인·후속조치가 많은 특정 업종의 대표와 운영 책임자","업종 협회·전문가 파트너·창업자의 직접 고객 인터뷰와 유료 파일럿","업종 템플릿, 고객 수정·완료 데이터, 업무 연동과 판매 채널","회사별 유사 사업을 다시 확인하고 범용 도구보다 좁은 업무의 완료율로 차별화","업종 전체보다 지불 의사가 높은 한 업무를 국내 문서·채널에 맞게 제공","한국에서 결과 데이터를 만든 뒤 규제와 업무가 비슷한 한 국가로 확장","","공식 제품과 고객 인터뷰로 수요·가격·도입권한을 다시 검증","6~8주 MVP","https://www.zingbus.com/","https://www.sec.gov/Archives/edgar/data/2071484/000207148425000001/0002071484-25-000001-index.html"
"301","조건부","응용","B","65","direct","Rwazi, Inc.","2025-03-13","CA","Other Technology","기타 기술","11799987","9974989","6","기타 수직 운영","76","18","14","18","11","8","7","12","1~3개월","Rwazi는 190개 이상의 국가에 걸쳐 5백만 명 이상의 기여자가 제공하는 제로파티 데이터를 기반으로 구축된 의사결정 AI 회사입니다. 세나는 의사결정을 내리는 의사결정 인텔리전스 플랫폼입니다.","Rwazi is the Decision AI company built on zero-party data from 5M+ contributors across 190+ countries. Sena is the decision intelligence platform that decides.","특정 업종의 문서·승인·후속조치가 범용 SaaS에 맞지 않아 엑셀과 사람에게 남는 문제","고객이 매주 반복하는 문서·승인·후속조치 한 개를 서비스형 AI 도구로 제공","반복 업무 1주를 측정하고 한 흐름을 4주간 대신 처리하는 유료 파일럿","월 40만~250만원 + 온보딩·운영 대행비","반복 문서·승인·후속조치가 많은 특정 업종의 대표와 운영 책임자","업종 협회·전문가 파트너·창업자의 직접 고객 인터뷰와 유료 파일럿","업종 템플릿, 고객 수정·완료 데이터, 업무 연동과 판매 채널","회사별 유사 사업을 다시 확인하고 범용 도구보다 좁은 업무의 완료율로 차별화","업종 전체보다 지불 의사가 높은 한 업무를 국내 문서·채널에 맞게 제공","한국에서 결과 데이터를 만든 뒤 규제와 업무가 비슷한 한 국가로 확장","","공식 제품과 고객 인터뷰로 수요·가격·도입권한을 다시 검증","6~8주 MVP","https://rwazi.com/","https://www.sec.gov/Archives/edgar/data/1948771/000194877125000001/0001948771-25-000001-index.html"
"302","조건부","응용","B","65","direct","Cyclops, Inc.","2025-11-24","FL","Other Technology","기타 기술","7999998","7999998","4","기타 수직 운영","76","18","14","18","11","8","7","12","1~3개월","CYCLOPS를 만나보세요: 전 세계적 규모와 고해상도에서 자연 자본을 측정, 모니터링 및 검증하는 방법을 변화시키는 최초의 dMRV 플랫폼입니다.","Meet CYCLOPS: the first-of-its-kind dMRV platform transforming how we measure, monitor, and verify natural capital at global scale and high resolution.","특정 업종의 문서·승인·후속조치가 범용 SaaS에 맞지 않아 엑셀과 사람에게 남는 문제","고객이 매주 반복하는 문서·승인·후속조치 한 개를 서비스형 AI 도구로 제공","반복 업무 1주를 측정하고 한 흐름을 4주간 대신 처리하는 유료 파일럿","월 40만~250만원 + 온보딩·운영 대행비","반복 문서·승인·후속조치가 많은 특정 업종의 대표와 운영 책임자","업종 협회·전문가 파트너·창업자의 직접 고객 인터뷰와 유료 파일럿","업종 템플릿, 고객 수정·완료 데이터, 업무 연동과 판매 채널","회사별 유사 사업을 다시 확인하고 범용 도구보다 좁은 업무의 완료율로 차별화","업종 전체보다 지불 의사가 높은 한 업무를 국내 문서·채널에 맞게 제공","한국에서 결과 데이터를 만든 뒤 규제와 업무가 비슷한 한 국가로 확장","","공식 제품과 고객 인터뷰로 수요·가격·도입권한을 다시 검증","6~8주 MVP","https://www.cyclops.ai/","https://www.sec.gov/Archives/edgar/data/2097965/000209796525000001/0002097965-25-000001-index.html"
"303","조건부","응용","B","65","direct","dltHub Inc.","2025-11-04","DE","Other Technology","기타 기술","8000000","7999990","11","기타 수직 운영","76","18","14","18","11","8","7","12","1~3개월","dlt는 50,000명의 개발자가 데이터 파이프라인을 구축하는 데 사용하는 오픈 소스 Python 라이브러리입니다. dltHub는 이를 배포, 모니터링 및 확장하는 에이전트 플랫폼입니다.","dlt is the open-source Python library 50,000s of developers use to build data pipelines. dltHub is the agentic platform that deploys, monitors, and scales them.","특정 업종의 문서·승인·후속조치가 범용 SaaS에 맞지 않아 엑셀과 사람에게 남는 문제","고객이 매주 반복하는 문서·승인·후속조치 한 개를 서비스형 AI 도구로 제공","반복 업무 1주를 측정하고 한 흐름을 4주간 대신 처리하는 유료 파일럿","월 40만~250만원 + 온보딩·운영 대행비","반복 문서·승인·후속조치가 많은 특정 업종의 대표와 운영 책임자","업종 협회·전문가 파트너·창업자의 직접 고객 인터뷰와 유료 파일럿","업종 템플릿, 고객 수정·완료 데이터, 업무 연동과 판매 채널","회사별 유사 사업을 다시 확인하고 범용 도구보다 좁은 업무의 완료율로 차별화","업종 전체보다 지불 의사가 높은 한 업무를 국내 문서·채널에 맞게 제공","한국에서 결과 데이터를 만든 뒤 규제와 업무가 비슷한 한 국가로 확장","","공식 제품과 고객 인터뷰로 수요·가격·도입권한을 다시 검증","6~8주 MVP","https://dlthub.com/","https://www.sec.gov/Archives/edgar/data/2005565/000200556525000002/0002005565-25-000002-index.html"
"304","조건부","응용","B","65","direct","AskElephant.ai Inc.","2025-05-09","UT","Other Technology","기타 기술","7674995","7674995","10","기타 수직 운영","76","18","14","18","11","8","7","12","1~3개월","AskElephant는 팀의 실제 운영 방식에 맞춰 구성된 AI 기반 워크플로를 통해 수익 작업을 향상시키는 책임을 집니다.","AskElephant takes responsibility for advancing revenue work with AI-native workflows shaped to how your team actually operates.","특정 업종의 문서·승인·후속조치가 범용 SaaS에 맞지 않아 엑셀과 사람에게 남는 문제","고객이 매주 반복하는 문서·승인·후속조치 한 개를 서비스형 AI 도구로 제공","반복 업무 1주를 측정하고 한 흐름을 4주간 대신 처리하는 유료 파일럿","월 40만~250만원 + 온보딩·운영 대행비","반복 문서·승인·후속조치가 많은 특정 업종의 대표와 운영 책임자","업종 협회·전문가 파트너·창업자의 직접 고객 인터뷰와 유료 파일럿","업종 템플릿, 고객 수정·완료 데이터, 업무 연동과 판매 채널","회사별 유사 사업을 다시 확인하고 범용 도구보다 좁은 업무의 완료율로 차별화","업종 전체보다 지불 의사가 높은 한 업무를 국내 문서·채널에 맞게 제공","한국에서 결과 데이터를 만든 뒤 규제와 업무가 비슷한 한 국가로 확장","","공식 제품과 고객 인터뷰로 수요·가격·도입권한을 다시 검증","6~8주 MVP","https://www.askelephant.com/","https://www.sec.gov/Archives/edgar/data/2067726/000206772625000001/0002067726-25-000001-index.html"
"305","조건부","응용","B","65","direct","AiStrike, Inc.","2025-11-12","CA","Other Technology","기타 기술","7149998","5149998","2","기타 수직 운영","76","18","14","18","11","8","7","12","1~3개월","AiStrike를 살펴보세요: Composite AI와 자동화를 활용하여 SOC 팀의 역량을 강화하는 최첨단 사이버 보안 플랫폼입니다. 원활한 통합, 신속한 배포, 더욱 스마트한 운영을 통해 모든 경고를 분류하고 위협을 더 빠르게 조사 및 대응하세요. 지금 AiStrike를 방문하세요!","Explore AiStrike: a cutting-edge cybersecurity platform leveraging Composite AI and automation to empower SOC teams. Triage all alerts, investigate and respond to threats faster with seamless integration, rapid deployment, and smarter operations. Visit AiStrike today!","특정 업종의 문서·승인·후속조치가 범용 SaaS에 맞지 않아 엑셀과 사람에게 남는 문제","고객이 매주 반복하는 문서·승인·후속조치 한 개를 서비스형 AI 도구로 제공","반복 업무 1주를 측정하고 한 흐름을 4주간 대신 처리하는 유료 파일럿","월 40만~250만원 + 온보딩·운영 대행비","반복 문서·승인·후속조치가 많은 특정 업종의 대표와 운영 책임자","업종 협회·전문가 파트너·창업자의 직접 고객 인터뷰와 유료 파일럿","업종 템플릿, 고객 수정·완료 데이터, 업무 연동과 판매 채널","회사별 유사 사업을 다시 확인하고 범용 도구보다 좁은 업무의 완료율로 차별화","업종 전체보다 지불 의사가 높은 한 업무를 국내 문서·채널에 맞게 제공","한국에서 결과 데이터를 만든 뒤 규제와 업무가 비슷한 한 국가로 확장","","공식 제품과 고객 인터뷰로 수요·가격·도입권한을 다시 검증","6~8주 MVP","https://aistrike.com/","https://www.sec.gov/Archives/edgar/data/2095903/000209590325000002/0002095903-25-000002-index.html"
"306","조건부","응용","B","65","direct","Simpli Inc.","2025-11-19","NY","Other","기타","4405000","4405000","26","기타 수직 운영","76","18","14","18","11","8","7","14","1~3개월","운영을 축소하는 Simpli.Health; ""Clarity"" 플랫폼이 일몰 예정(캘리포니아주 멘로 파크) – 2026년 12월 1일 – 보다 명확한 의사소통이 더 나은 약으로 이어진다는 것을 입증한 후 Simpli.Health는 쇠퇴하기 시작했습니다. 우리의 ""Clarity"" AI 플랫폼은 2026년 1월 31일에 공식적으로 종료됩니다.","Simpli.Health to Wind Down Operations; ""Clarity"" Platform Set to Sunset (Menlo Park, CA) – December 1, 2026 – After proving that clearer communication leads to better medicine, Simpli.Health is beginning to wind down. Our ""Clarity"" AI platform will officially sunset on January 31, 2026. Clarity was","특정 업종의 문서·승인·후속조치가 범용 SaaS에 맞지 않아 엑셀과 사람에게 남는 문제","고객이 매주 반복하는 문서·승인·후속조치 한 개를 서비스형 AI 도구로 제공","반복 업무 1주를 측정하고 한 흐름을 4주간 대신 처리하는 유료 파일럿","월 40만~250만원 + 온보딩·운영 대행비","반복 문서·승인·후속조치가 많은 특정 업종의 대표와 운영 책임자","업종 협회·전문가 파트너·창업자의 직접 고객 인터뷰와 유료 파일럿","업종 템플릿, 고객 수정·완료 데이터, 업무 연동과 판매 채널","회사별 유사 사업을 다시 확인하고 범용 도구보다 좁은 업무의 완료율로 차별화","업종 전체보다 지불 의사가 높은 한 업무를 국내 문서·채널에 맞게 제공","한국에서 결과 데이터를 만든 뒤 규제와 업무가 비슷한 한 국가로 확장","","공식 제품과 고객 인터뷰로 수요·가격·도입권한을 다시 검증","6~8주 MVP","https://www.simpli.health/","https://www.sec.gov/Archives/edgar/data/2092952/000209295225000001/0002092952-25-000001-index.html"
"307","조건부","응용","B","65","direct","Reclaim Corp.","2026-06-23","WA","Other Technology","기타 기술","4145003","3145001","2","기타 수직 운영","76","18","14","18","11","8","7","16","1~3개월","Reclaim은 Google 캘린더 및 Outlook 캘린더에서 자동 일정 작업, 습관, 회의 및 휴식 시간 등 팀의 시간을 40% 더 많이 만들어주는 AI 기반 앱입니다.","Reclaim is an AI-powered app that creates 40% more time for teams — auto-schedule tasks, habits, meeting & breaks – free on Google Calendar & Outlook Calendar.","특정 업종의 문서·승인·후속조치가 범용 SaaS에 맞지 않아 엑셀과 사람에게 남는 문제","고객이 매주 반복하는 문서·승인·후속조치 한 개를 서비스형 AI 도구로 제공","반복 업무 1주를 측정하고 한 흐름을 4주간 대신 처리하는 유료 파일럿","월 40만~250만원 + 온보딩·운영 대행비","반복 문서·승인·후속조치가 많은 특정 업종의 대표와 운영 책임자","업종 협회·전문가 파트너·창업자의 직접 고객 인터뷰와 유료 파일럿","업종 템플릿, 고객 수정·완료 데이터, 업무 연동과 판매 채널","회사별 유사 사업을 다시 확인하고 범용 도구보다 좁은 업무의 완료율로 차별화","업종 전체보다 지불 의사가 높은 한 업무를 국내 문서·채널에 맞게 제공","한국에서 결과 데이터를 만든 뒤 규제와 업무가 비슷한 한 국가로 확장","","공식 제품과 고객 인터뷰로 수요·가격·도입권한을 다시 검증","6~8주 MVP","https://reclaim.ai/","https://www.sec.gov/Archives/edgar/data/2141849/000214184926000001/0002141849-26-000001-index.html"
"308","조건부","응용","B","65","direct","Givzey, Inc.","2025-10-23","MA","Other Technology","기타 기술","3000000","3000000","3","기타 수직 운영","76","18","14","18","11","8","7","14","1~3개월","선물 문서가 쉬워졌습니다. Givzey는 모든 형태의 선물 문서를 생성, 관리 및 실행할 수 있는 사용하기 쉬운 플랫폼으로, 이를 통해 조직은 예약 가능한 수익을 늘리고 모금 팀을 가속화하며 모든 기부 수준에서 더 나은 기부자 경험을 제공할 수 있습니다.","Gift documentation, made easy. Givzey is a simple-to-use platform to create, manage, and execute all forms of gift documentation, allowing your organization to increase bookable revenue, accelerate your fundraising team and provide better donor experience at every level of giving.","특정 업종의 문서·승인·후속조치가 범용 SaaS에 맞지 않아 엑셀과 사람에게 남는 문제","고객이 매주 반복하는 문서·승인·후속조치 한 개를 서비스형 AI 도구로 제공","반복 업무 1주를 측정하고 한 흐름을 4주간 대신 처리하는 유료 파일럿","월 40만~250만원 + 온보딩·운영 대행비","반복 문서·승인·후속조치가 많은 특정 업종의 대표와 운영 책임자","업종 협회·전문가 파트너·창업자의 직접 고객 인터뷰와 유료 파일럿","업종 템플릿, 고객 수정·완료 데이터, 업무 연동과 판매 채널","회사별 유사 사업을 다시 확인하고 범용 도구보다 좁은 업무의 완료율로 차별화","업종 전체보다 지불 의사가 높은 한 업무를 국내 문서·채널에 맞게 제공","한국에서 결과 데이터를 만든 뒤 규제와 업무가 비슷한 한 국가로 확장","","공식 제품과 고객 인터뷰로 수요·가격·도입권한을 다시 검증","6~8주 MVP","https://givzey.com/","https://www.sec.gov/Archives/edgar/data/1920060/000192006025000002/0001920060-25-000002-index.html"
"309","조건부","응용","B","65","direct","Hatz AI, Inc.","2025-02-11","NY","Other Technology","기타 기술","2999994","2767785","2","기타 수직 운영","76","18","14","18","11","8","7","14","1~3개월","조직 전체에서 보안 AI 에이전트 및 워크플로를 구축, 배포 및 관리하세요. SOC 2 Type 2 규격을 준수하며 SMB 및 MSP용으로 구축되어 자동화를 빠르게 확장할 수 있습니다.","Build, deploy, and manage secure AI agents and workflows across your organization. SOC 2 Type 2 compliant, built for SMBs and MSPs to scale automation fast.","특정 업종의 문서·승인·후속조치가 범용 SaaS에 맞지 않아 엑셀과 사람에게 남는 문제","고객이 매주 반복하는 문서·승인·후속조치 한 개를 서비스형 AI 도구로 제공","반복 업무 1주를 측정하고 한 흐름을 4주간 대신 처리하는 유료 파일럿","월 40만~250만원 + 온보딩·운영 대행비","반복 문서·승인·후속조치가 많은 특정 업종의 대표와 운영 책임자","업종 협회·전문가 파트너·창업자의 직접 고객 인터뷰와 유료 파일럿","업종 템플릿, 고객 수정·완료 데이터, 업무 연동과 판매 채널","회사별 유사 사업을 다시 확인하고 범용 도구보다 좁은 업무의 완료율로 차별화","업종 전체보다 지불 의사가 높은 한 업무를 국내 문서·채널에 맞게 제공","한국에서 결과 데이터를 만든 뒤 규제와 업무가 비슷한 한 국가로 확장","","공식 제품과 고객 인터뷰로 수요·가격·도입권한을 다시 검증","6~8주 MVP","https://hatz.ai/","https://www.sec.gov/Archives/edgar/data/2008132/000123191925000020/0001231919-25-000020-index.html"
"310","조건부","응용","B","65","direct","ParFour, Inc.","2026-02-12","FL","Other Technology","기타 기술","2575000","2575000","21","기타 수직 운영","76","18","14","18","11","8","7","16","1~3개월","토너먼트를 만들고, 등록을 관리하고, 티 시트를 만들고, 스마트 페어링을 생성하고, 모든 라운드에서 즉시 점수를 매기세요. 완벽한 골프 토너먼트 관리 플랫폼입니다.","Create tournaments, manage registrations, build tee sheets, generate smart pairings, and score every round instantly. The complete golf tournament management platform.","특정 업종의 문서·승인·후속조치가 범용 SaaS에 맞지 않아 엑셀과 사람에게 남는 문제","고객이 매주 반복하는 문서·승인·후속조치 한 개를 서비스형 AI 도구로 제공","반복 업무 1주를 측정하고 한 흐름을 4주간 대신 처리하는 유료 파일럿","월 40만~250만원 + 온보딩·운영 대행비","반복 문서·승인·후속조치가 많은 특정 업종의 대표와 운영 책임자","업종 협회·전문가 파트너·창업자의 직접 고객 인터뷰와 유료 파일럿","업종 템플릿, 고객 수정·완료 데이터, 업무 연동과 판매 채널","회사별 유사 사업을 다시 확인하고 범용 도구보다 좁은 업무의 완료율로 차별화","업종 전체보다 지불 의사가 높은 한 업무를 국내 문서·채널에 맞게 제공","한국에서 결과 데이터를 만든 뒤 규제와 업무가 비슷한 한 국가로 확장","","공식 제품과 고객 인터뷰로 수요·가격·도입권한을 다시 검증","6~8주 MVP","https://parfour.com/","https://www.sec.gov/Archives/edgar/data/2109696/000147083126000112/0001470831-26-000112-index.html"
"311","조건부","응용","B","65","direct","CoachEm Inc.","2026-06-12","CT","Other","기타","900584","900584","1","기타 수직 운영","76","18","14","18","11","8","7","13","1~3개월","행동 패턴을 사전에 식별하고 관리자에게 실행 가능한 단계를 권장하는 AI 기반 관리자 운영 체제 소프트웨어입니다.","AI-Powered Manager Operating System software that proactively identifies patterns of behavior and recommends actionable steps for managers.","특정 업종의 문서·승인·후속조치가 범용 SaaS에 맞지 않아 엑셀과 사람에게 남는 문제","고객이 매주 반복하는 문서·승인·후속조치 한 개를 서비스형 AI 도구로 제공","반복 업무 1주를 측정하고 한 흐름을 4주간 대신 처리하는 유료 파일럿","월 40만~250만원 + 온보딩·운영 대행비","반복 문서·승인·후속조치가 많은 특정 업종의 대표와 운영 책임자","업종 협회·전문가 파트너·창업자의 직접 고객 인터뷰와 유료 파일럿","업종 템플릿, 고객 수정·완료 데이터, 업무 연동과 판매 채널","회사별 유사 사업을 다시 확인하고 범용 도구보다 좁은 업무의 완료율로 차별화","업종 전체보다 지불 의사가 높은 한 업무를 국내 문서·채널에 맞게 제공","한국에서 결과 데이터를 만든 뒤 규제와 업무가 비슷한 한 국가로 확장","","공식 제품과 고객 인터뷰로 수요·가격·도입권한을 다시 검증","6~8주 MVP","https://coachem.io/","https://www.sec.gov/Archives/edgar/data/2043581/000204358126000002/0002043581-26-000002-index.html"
"312","조건부","응용","B","65","direct","Legata, Inc.","2025-08-19","WA","Other Technology","기타 기술","750000","600000","10","기타 수직 운영","76","18","14","18","11","8","7","14","1~3개월","더 스마트한 계획.더 강력한 유산.최고의 변호사와 기술 전문가가 구축한 최초의 종합 온라인 플랫폼인 Legata에 오신 것을 환영합니다. 우리는 자신만의 부동산 계획을 만들고 관리할 수 있는 빠르고 쉽고 저렴한 방법을 만들었습니다. 자신감을 갖고 유산을 쌓으세요. 가정, 투자, 사업, 가족 등 삶이 성공하고 복잡해짐에 따라 중요한 것을 보호해야 할 필요성도 커집니다.","Smarter Planning.Stronger Legacies.Welcome to Legata, the first comprehensive online platform built by leading lawyers and tech experts. We’ve created a fast, easy, and affordable way to create and manage your own estate plan. Build Your Legacy with Confidence​As your life grows in success and complexity—homes, investments, businesses, family—so does the need to protect what matters","특정 업종의 문서·승인·후속조치가 범용 SaaS에 맞지 않아 엑셀과 사람에게 남는 문제","고객이 매주 반복하는 문서·승인·후속조치 한 개를 서비스형 AI 도구로 제공","반복 업무 1주를 측정하고 한 흐름을 4주간 대신 처리하는 유료 파일럿","월 40만~250만원 + 온보딩·운영 대행비","반복 문서·승인·후속조치가 많은 특정 업종의 대표와 운영 책임자","업종 협회·전문가 파트너·창업자의 직접 고객 인터뷰와 유료 파일럿","업종 템플릿, 고객 수정·완료 데이터, 업무 연동과 판매 채널","회사별 유사 사업을 다시 확인하고 범용 도구보다 좁은 업무의 완료율로 차별화","업종 전체보다 지불 의사가 높은 한 업무를 국내 문서·채널에 맞게 제공","한국에서 결과 데이터를 만든 뒤 규제와 업무가 비슷한 한 국가로 확장","","공식 제품과 고객 인터뷰로 수요·가격·도입권한을 다시 검증","6~8주 MVP","https://legata.com/","https://www.sec.gov/Archives/edgar/data/2078440/000207844025000002/0002078440-25-000002-index.html"
"313","조건부","응용","B","65","direct","SynapseDx, Inc.","2026-01-21","MN","Other Technology","기타 기술","400000","400000","8","기타 수직 운영","76","18","14","18","11","8","7","16","1~3개월","SynapseDX는 AI를 통해 이메일과 메일을 체계적이고 실행 가능한 데이터로 변환합니다. 정확도는 95%, 시간은 75% 절약됩니다. Synapse Postmaster 및 번들 흐름을 살펴보세요.","SynapseDX turns emails and mail into structured, actionable data with AI — 95% accuracy, 75% time saved. Discover Synapse Postmaster and Bundle Flow.","특정 업종의 문서·승인·후속조치가 범용 SaaS에 맞지 않아 엑셀과 사람에게 남는 문제","고객이 매주 반복하는 문서·승인·후속조치 한 개를 서비스형 AI 도구로 제공","반복 업무 1주를 측정하고 한 흐름을 4주간 대신 처리하는 유료 파일럿","월 40만~250만원 + 온보딩·운영 대행비","반복 문서·승인·후속조치가 많은 특정 업종의 대표와 운영 책임자","업종 협회·전문가 파트너·창업자의 직접 고객 인터뷰와 유료 파일럿","업종 템플릿, 고객 수정·완료 데이터, 업무 연동과 판매 채널","회사별 유사 사업을 다시 확인하고 범용 도구보다 좁은 업무의 완료율로 차별화","업종 전체보다 지불 의사가 높은 한 업무를 국내 문서·채널에 맞게 제공","한국에서 결과 데이터를 만든 뒤 규제와 업무가 비슷한 한 국가로 확장","","공식 제품과 고객 인터뷰로 수요·가격·도입권한을 다시 검증","6~8주 MVP","https://synapsedx.com/","https://www.sec.gov/Archives/edgar/data/2106074/000210607426000001/0002106074-26-000001-index.html"
"314","조건부","응용","B","65","direct","CustomerIQ, Inc.","2025-06-27","TN","Other","기타","","125000","1","기타 수직 운영","76","18","14","18","11","8","7","11","1~3개월","관리를 자동화하고, 답장을 강화하고, 후속 조치를 놓치지 않고, 거래를 더 빠르게 마감하세요. CustomerIQ는 수익 창출 전략을 확장하는 동시에 팀의 역량을 늘릴 수 있는 유일한 AI 보조자입니다.","Automate admin, supercharge replies, never miss a follow-up, and close deals faster. CustomerIQ is the only AI assistant to increase your team s capacity while scaling revenue-winning strategies.","특정 업종의 문서·승인·후속조치가 범용 SaaS에 맞지 않아 엑셀과 사람에게 남는 문제","고객이 매주 반복하는 문서·승인·후속조치 한 개를 서비스형 AI 도구로 제공","반복 업무 1주를 측정하고 한 흐름을 4주간 대신 처리하는 유료 파일럿","월 40만~250만원 + 온보딩·운영 대행비","반복 문서·승인·후속조치가 많은 특정 업종의 대표와 운영 책임자","업종 협회·전문가 파트너·창업자의 직접 고객 인터뷰와 유료 파일럿","업종 템플릿, 고객 수정·완료 데이터, 업무 연동과 판매 채널","회사별 유사 사업을 다시 확인하고 범용 도구보다 좁은 업무의 완료율로 차별화","업종 전체보다 지불 의사가 높은 한 업무를 국내 문서·채널에 맞게 제공","한국에서 결과 데이터를 만든 뒤 규제와 업무가 비슷한 한 국가로 확장","","공식 제품과 고객 인터뷰로 수요·가격·도입권한을 다시 검증","6~8주 MVP","https://www.getcustomeriq.com/","https://www.sec.gov/Archives/edgar/data/2065035/000206503525000001/0002065035-25-000001-index.html"
"315","조건부","응용","B","65","direct","Agiloop, Inc.","2025-10-29","CO","Other Technology","기타 기술","500000","85000","2","기타 수직 운영","76","18","14","18","11","8","7","6","1~3개월","Agiloop는 아이디어를 정의된 계획으로 전환하고 자동으로 구축하며 지속적으로 제품을 개선하는 AI 기반 플랫폼입니다. 이 모든 것이 하나의 루프에서 이루어집니다.","Agiloop is an AI-native platform that turns ideas into defined plans, builds them automatically, and continuously improves your product — all in one loop.","특정 업종의 문서·승인·후속조치가 범용 SaaS에 맞지 않아 엑셀과 사람에게 남는 문제","고객이 매주 반복하는 문서·승인·후속조치 한 개를 서비스형 AI 도구로 제공","반복 업무 1주를 측정하고 한 흐름을 4주간 대신 처리하는 유료 파일럿","월 40만~250만원 + 온보딩·운영 대행비","반복 문서·승인·후속조치가 많은 특정 업종의 대표와 운영 책임자","업종 협회·전문가 파트너·창업자의 직접 고객 인터뷰와 유료 파일럿","업종 템플릿, 고객 수정·완료 데이터, 업무 연동과 판매 채널","회사별 유사 사업을 다시 확인하고 범용 도구보다 좁은 업무의 완료율로 차별화","업종 전체보다 지불 의사가 높은 한 업무를 국내 문서·채널에 맞게 제공","한국에서 결과 데이터를 만든 뒤 규제와 업무가 비슷한 한 국가로 확장","","공식 제품과 고객 인터뷰로 수요·가격·도입권한을 다시 검증","6~8주 MVP","https://www.agiloop.ai/","https://www.sec.gov/Archives/edgar/data/2093418/000209341825000002/0002093418-25-000002-index.html"
"316","조건부","응용","B","65","direct","JOBIFI, LLC","2025-09-16","FL","Other","기타","600000","50000","1","기타 수직 운영","76","18","14","18","11","8","7","3","1~3개월","의료 인력 배치 팀을 위한 AI 기반 실시간 작업 집계입니다. 즉각적인 VMS 및 ATS 가시성, 정확한 데이터, 더욱 스마트한 작업 매칭을 얻으세요.","AI-powered, real-time job aggregation for healthcare staffing teams. Get instant VMS and ATS visibility, accurate data, and smarter job matching.","특정 업종의 문서·승인·후속조치가 범용 SaaS에 맞지 않아 엑셀과 사람에게 남는 문제","고객이 매주 반복하는 문서·승인·후속조치 한 개를 서비스형 AI 도구로 제공","반복 업무 1주를 측정하고 한 흐름을 4주간 대신 처리하는 유료 파일럿","월 40만~250만원 + 온보딩·운영 대행비","반복 문서·승인·후속조치가 많은 특정 업종의 대표와 운영 책임자","업종 협회·전문가 파트너·창업자의 직접 고객 인터뷰와 유료 파일럿","업종 템플릿, 고객 수정·완료 데이터, 업무 연동과 판매 채널","회사별 유사 사업을 다시 확인하고 범용 도구보다 좁은 업무의 완료율로 차별화","업종 전체보다 지불 의사가 높은 한 업무를 국내 문서·채널에 맞게 제공","한국에서 결과 데이터를 만든 뒤 규제와 업무가 비슷한 한 국가로 확장","","공식 제품과 고객 인터뷰로 수요·가격·도입권한을 다시 검증","6~8주 MVP","https://jobifi.com/","https://www.sec.gov/Archives/edgar/data/2075785/000207578525000001/0002075785-25-000001-index.html"
"317","조건부","응용","B","65","direct","PatentPublish Inc","2026-03-09","UT","Other Technology","기타 기술","10000","10000","2","기타 수직 운영","76","18","14","18","11","8","7","8","1~3개월","AI 지원을 통해 전문적인 특허 출원서를 작성하세요. USPTO, EPO, WIPO 형식을 지원합니다.","Create professional patent applications with AI assistance. Support for USPTO, EPO, and WIPO formats.","특정 업종의 문서·승인·후속조치가 범용 SaaS에 맞지 않아 엑셀과 사람에게 남는 문제","고객이 매주 반복하는 문서·승인·후속조치 한 개를 서비스형 AI 도구로 제공","반복 업무 1주를 측정하고 한 흐름을 4주간 대신 처리하는 유료 파일럿","월 40만~250만원 + 온보딩·운영 대행비","반복 문서·승인·후속조치가 많은 특정 업종의 대표와 운영 책임자","업종 협회·전문가 파트너·창업자의 직접 고객 인터뷰와 유료 파일럿","업종 템플릿, 고객 수정·완료 데이터, 업무 연동과 판매 채널","회사별 유사 사업을 다시 확인하고 범용 도구보다 좁은 업무의 완료율로 차별화","업종 전체보다 지불 의사가 높은 한 업무를 국내 문서·채널에 맞게 제공","한국에서 결과 데이터를 만든 뒤 규제와 업무가 비슷한 한 국가로 확장","","공식 제품과 고객 인터뷰로 수요·가격·도입권한을 다시 검증","6~8주 MVP","https://patentpublish.com/","https://www.sec.gov/Archives/edgar/data/2116286/000211628626000001/0002116286-26-000001-index.html"
"318","조건부","응용","B","65","direct","Mercuria Health, INC","2026-01-15","WY","Business Services","기업 서비스","300","300","3","기타 수직 운영","76","18","14","18","11","8","7","8","1~3개월","Mercuria Health는 제약 제조업체와 협력하여 상황 우선 시스템, 지도 에이전트 워크플로 및 결과 제공 모델을 탐색합니다.","Mercuria Health works with pharmaceutical manufacturers to explore context-first systems, supervised agentic workflows, and outcome delivery models.","특정 업종의 문서·승인·후속조치가 범용 SaaS에 맞지 않아 엑셀과 사람에게 남는 문제","고객이 매주 반복하는 문서·승인·후속조치 한 개를 서비스형 AI 도구로 제공","반복 업무 1주를 측정하고 한 흐름을 4주간 대신 처리하는 유료 파일럿","월 40만~250만원 + 온보딩·운영 대행비","반복 문서·승인·후속조치가 많은 특정 업종의 대표와 운영 책임자","업종 협회·전문가 파트너·창업자의 직접 고객 인터뷰와 유료 파일럿","업종 템플릿, 고객 수정·완료 데이터, 업무 연동과 판매 채널","회사별 유사 사업을 다시 확인하고 범용 도구보다 좁은 업무의 완료율로 차별화","업종 전체보다 지불 의사가 높은 한 업무를 국내 문서·채널에 맞게 제공","한국에서 결과 데이터를 만든 뒤 규제와 업무가 비슷한 한 국가로 확장","","공식 제품과 고객 인터뷰로 수요·가격·도입권한을 다시 검증","6~8주 MVP","https://mercuria.health/","https://www.sec.gov/Archives/edgar/data/2098446/000209844626000001/0002098446-26-000001-index.html"
"319","조건부","응용","B","65","direct","LIGHTPATH TECHNOLOGIES INC","2026-07-02","","2026년 7월 분기 구조화 자료 대기","기타","","","0","기타 수직 운영","76","18","14","18","11","8","7","2","1~3개월","LightPath는 기업의 AI 전략 수립, 챗봇, 업무 자동화와 맞춤형 AI 시스템 구축을 제공하는 세인트루이스 지역 AI 서비스 회사다.","LightPath provides AI strategy, chatbots, business automation, and custom AI systems in St. Louis, St. Charles, and the surrounding metro area. Practical AI services that teams can use and grow with.","특정 업종의 문서·승인·후속조치가 범용 SaaS에 맞지 않아 엑셀과 사람에게 남는 문제","고객이 매주 반복하는 문서·승인·후속조치 한 개를 서비스형 AI 도구로 제공","반복 업무 1주를 측정하고 한 흐름을 4주간 대신 처리하는 유료 파일럿","월 40만~250만원 + 온보딩·운영 대행비","반복 문서·승인·후속조치가 많은 특정 업종의 대표와 운영 책임자","업종 협회·전문가 파트너·창업자의 직접 고객 인터뷰와 유료 파일럿","업종 템플릿, 고객 수정·완료 데이터, 업무 연동과 판매 채널","회사별 유사 사업을 다시 확인하고 범용 도구보다 좁은 업무의 완료율로 차별화","업종 전체보다 지불 의사가 높은 한 업무를 국내 문서·채널에 맞게 제공","한국에서 결과 데이터를 만든 뒤 규제와 업무가 비슷한 한 국가로 확장","","공식 제품과 고객 인터뷰로 수요·가격·도입권한을 다시 검증","6~8주 MVP","https://lightpath.ai/","https://www.sec.gov/Archives/edgar/data/889971/0001437749-26-022323.txt"
"320","조건부","응용","B","58","direct","BASATA, INC.","2025-12-01","AZ","Other Technology","기타 기술","1665000","1665000","5","기타 수직 운영","76","16","14","18","12","7","9","14","1~3개월","Basata는 의료기관의 의뢰 처리와 전화 응대 등 반복 행정업무를 24시간 수행하는 의료용 AI 에이전트를 제공한다.","Basata - AI agents that make healthcare more human.","특정 업종의 문서·승인·후속조치가 범용 SaaS에 맞지 않아 엑셀과 사람에게 남는 문제","고객이 매주 반복하는 문서·승인·후속조치 한 개를 서비스형 AI 도구로 제공","반복 업무 1주를 측정하고 한 흐름을 4주간 대신 처리하는 유료 파일럿","월 40만~250만원 + 온보딩·운영 대행비","반복 문서·승인·후속조치가 많은 특정 업종의 대표와 운영 책임자","업종 협회·전문가 파트너·창업자의 직접 고객 인터뷰와 유료 파일럿","업종 템플릿, 고객 수정·완료 데이터, 업무 연동과 판매 채널","회사별 유사 사업을 다시 확인하고 범용 도구보다 좁은 업무의 완료율로 차별화","업종 전체보다 지불 의사가 높은 한 업무를 국내 문서·채널에 맞게 제공","한국에서 결과 데이터를 만든 뒤 규제와 업무가 비슷한 한 국가로 확장","핵심 시스템 연동 전 파일·이메일 입력으로 먼저 검증","핵심 시스템 연동 전 파일·이메일 입력으로 먼저 검증","8~12주 또는 파트너","https://www.basata.ai/","https://www.sec.gov/Archives/edgar/data/2045797/000204579725000006/0002045797-25-000006-index.html"
"321","비추천","관찰","C","80","direct","Thesis Machine Learning Inc","2026-04-06","TX","Other Technology","기타 기술","","150000","1","인력·교육·온보딩","76","19","14","17","10","8","8","16","1~3개월","Thesis는 지수사업자가 시장 테마의 위험 변화를 반영해 자산을 순환 배분하는 지수를 만들도록 딥러닝 위험점수와 테마 인텔리전스를 제공한다.","Thesis Machine Learning | Thematic Intelligence Infrastructure","채용·교육·온보딩이 문서 전달에 머물러 실제 업무 수행과 규정 이수를 측정하기 어려운 문제","한 직군의 실제 업무 문서로 온보딩·역할별 코칭·이수·업무수행 증빙을 자동화","신규직원 한 역할의 문서·상황 20개를 평가형 온보딩으로 바꾸는 유료 제작 파일럿","사용자당 월 2만~10만원 + 콘텐츠 구축비 200만~1,000만원","현장·서비스 직군을 반복 채용하는 중소·중견기업의 인사·교육 책임자","직군 협회, HR·LMS 파트너, 교육기관과 역할별 평가 콘텐츠","직군별 평가·성과 데이터, 사내문서 연동과 실제 업무수행 결과","채용·교육 도구가 많으므로 콘텐츠 전달보다 실제 업무수행 측정에 집중","한 직군의 역할극·업무 증빙을 국내 규정과 조직 용어에 맞게 제공","한국에서 한 직군을 검증한 뒤 일본·동남아 현지 언어·규정 평가팩으로 확장","규제 판단을 제외하고 사람 승인형 운영 보조로 제한 | 공식 제품 설명이 짧아 고객 인터뷰 전 제품 범위 확인 필요","규제 판단을 제외하고 사람 승인형 운영 보조로 제한","6~8주 MVP","https://thesismachinelearning.com/","https://www.sec.gov/Archives/edgar/data/2127213/000212721326000001/0002127213-26-000001-index.html"
"322","조건부","응용","B","65","direct","Barti Software, Inc.","2025-09-02","CA","Other Technology","기타 기술","15084486","15084486","26","의료·돌봄 운영","76","15","12","19","13","7","10","10","1~3개월","Barti는 안과 진료 제공자를 위한 AI 기반 EHR 및 진료 관리 소프트웨어로 워크플로를 간소화하고 클릭 수를 줄이며 환자 치료를 개선합니다. 데모를 예약하세요!","Barti is an AI-powered EHR and practice management software for eye care providers to streamline workflows, cut clicks, and improve patient care. Book a demo!","의료·돌봄 인력이 기록·예약·안내·사후관리 같은 행정업무에 시간을 빼앗기는 문제","진단 대신 예약·기록 정리·환자 안내·사후관리 중 한 흐름을 한 진료과에 맞춰 자동화","직원 업무 1주를 측정하고 반복 안내·기록 한 흐름을 4주간 자동화하는 유료 파일럿","기관당 월 50만~300만원 + 처리 건수 + 초기 연동비","한 진료과의 병·의원, 돌봄기관, 동물병원 운영 책임자","진료과 협회·EMR/PIMS 파트너·원장 커뮤니티와 소개 영업","진료과별 비임상 워크플로, 시스템 연동, 사람 수정·완료 결과 데이터","국내 EMR·예약·환자관리 사업자가 많아 진료과별 비임상 운영 웨지가 필요","개인정보를 최소 수집하고 진단을 제외한 예약·안내·재방문 흐름부터 시작","국내 한 진료과에서 결과를 만든 뒤 일본·싱가포르의 유사 비임상 업무로 확장","핵심 시스템 연동 전 파일·이메일 입력으로 먼저 검증","핵심 시스템 연동 전 파일·이메일 입력으로 먼저 검증","8~12주 또는 파트너","https://barti.com/","https://www.sec.gov/Archives/edgar/data/1956091/000195609125000005/0001956091-25-000005-index.html"
"323","조건부","응용","B","65","direct","Agrani Labs, Inc.","2025-07-25","CA","Other Technology","기타 기술","8100000","7299998","2","보험 운영","76","18","12","19","12","6","9","12","1~3개월","Agrani LeadsConnect — 주, 지역 및 클러스터 전반에 걸쳐 농부 온보딩, 대출, 보험 및 분석을 관리하기 위한 강력한 대시보드입니다.","Agrani LeadsConnect — a powerful dashboard for managing farmer onboarding, loans, insurance, and analytics across states, districts, and clusters.","보험 서류·갱신·담보·청구 예외가 상품과 포털마다 달라 반복 작업이 커지는 문제","보험 판단 대신 서류 접수·증빙 누락·갱신 후속조치처럼 브로커 운영을 자동화","갱신·청구 파일 100건의 누락·미응답을 찾아 우선순위와 후속문안을 제공하는 유료 진단","브로커/지점당 월 80만~400만원 + 처리 건수","GA·보험 브로커·대리점의 운영·갱신·청구 담당자","보험대리점 네트워크, GA 시스템 파트너, 갱신·누락 사례 기반 영업","보험사별 포털·서류·예외, 갱신·완료 결과와 사람 승인 데이터","보험사·GA 솔루션이 존재하므로 자문·심사보다 서류와 갱신 운영으로 제한","보험 판단은 제외하고 서류 접수·증빙 누락·갱신 후속조치에 집중","현지 브로커 파트너 방식으로 한 국가의 포털·문서부터 확장","","공식 제품과 고객 인터뷰로 수요·가격·도입권한을 다시 검증","6~8주 MVP","https://agrani.io/","https://www.sec.gov/Archives/edgar/data/2078399/000207839925000001/0002078399-25-000001-index.html"
"324","조건부","응용","B","65","direct","Ionava, Inc.","2026-06-11","CA","Other","기타","5000000","270000","6","보험 운영","76","18","12","19","12","6","9","16","1~3개월","ionava는 통합 건강 점수, 즉시 제안, 디지털 지갑 등 고객사의 실제 건강과 재산에 맞춰 생명 보험 가격을 조정합니다.","ionava aligns life insurance pricing with your real health and wealth — a unified Health Score, instant offers, and a digital wallet, all in one onboarding.","보험 서류·갱신·담보·청구 예외가 상품과 포털마다 달라 반복 작업이 커지는 문제","보험 판단 대신 서류 접수·증빙 누락·갱신 후속조치처럼 브로커 운영을 자동화","갱신·청구 파일 100건의 누락·미응답을 찾아 우선순위와 후속문안을 제공하는 유료 진단","브로커/지점당 월 80만~400만원 + 처리 건수","GA·보험 브로커·대리점의 운영·갱신·청구 담당자","보험대리점 네트워크, GA 시스템 파트너, 갱신·누락 사례 기반 영업","보험사별 포털·서류·예외, 갱신·완료 결과와 사람 승인 데이터","보험사·GA 솔루션이 존재하므로 자문·심사보다 서류와 갱신 운영으로 제한","보험 판단은 제외하고 서류 접수·증빙 누락·갱신 후속조치에 집중","현지 브로커 파트너 방식으로 한 국가의 포털·문서부터 확장","","공식 제품과 고객 인터뷰로 수요·가격·도입권한을 다시 검증","6~8주 MVP","https://ionava.com/","https://www.sec.gov/Archives/edgar/data/2131643/000213164326000003/0002131643-26-000003-index.html"
"325","조건부","응용","B","65","direct","CoverX AI, Inc.","2026-04-23","FL","Other Technology","기타 기술","2000000","25000","1","보험 운영","76","18","12","19","12","6","9","5","1~3개월","상업 보험을 위한 AI 도구. 생산자 워크플로우가 단순해졌습니다. 대행사를 위한 양식 분석, 견적 비교 및 ​​제안 생성.","AI tools for commercial insurance. Producer workflow, made simple. Form analysis, quote comparison, and proposal generation for agencies.","보험 서류·갱신·담보·청구 예외가 상품과 포털마다 달라 반복 작업이 커지는 문제","보험 판단 대신 서류 접수·증빙 누락·갱신 후속조치처럼 브로커 운영을 자동화","갱신·청구 파일 100건의 누락·미응답을 찾아 우선순위와 후속문안을 제공하는 유료 진단","브로커/지점당 월 80만~400만원 + 처리 건수","GA·보험 브로커·대리점의 운영·갱신·청구 담당자","보험대리점 네트워크, GA 시스템 파트너, 갱신·누락 사례 기반 영업","보험사별 포털·서류·예외, 갱신·완료 결과와 사람 승인 데이터","보험사·GA 솔루션이 존재하므로 자문·심사보다 서류와 갱신 운영으로 제한","보험 판단은 제외하고 서류 접수·증빙 누락·갱신 후속조치에 집중","현지 브로커 파트너 방식으로 한 국가의 포털·문서부터 확장","","공식 제품과 고객 인터뷰로 수요·가격·도입권한을 다시 검증","6~8주 MVP","https://coverx.ai/","https://www.sec.gov/Archives/edgar/data/2131424/000213142426000001/0002131424-26-000001-index.html"
"326","조건부","응용","B","65","adjacent","NodePlus, Inc.","2026-06-17","FL","Other Technology","기타 기술","5000000","200000","2","재무·백오피스","76","15","11","20","11","9","10","16","3~6개월+","100% 로컬 모델에서 실행되는 코딩 엔진을 사용하여 재무, 영업, 운영 및 HR 전반에 걸쳐 하나의 AI 명령 표면을 제공합니다. 반응을 멈추세요. 알기 시작하세요.","One AI command surface across Finance, Sales, Operations, and HR, with a coding engine that runs on 100% local models. Stop reacting. Start knowing.","계약·송장·입금·미수·회계 자료가 맞지 않아 현금 회수와 마감이 늦어지는 문제","계약·송장·입금·미수금의 불일치를 찾아 후속조치 초안을 만들고 사람이 승인","미수·송장 3개월치를 대조해 회수 우선순위와 고객별 후속문안을 제공하는 유료 진단","회사당 월 60만~300만원 + 온보딩비 또는 회수 성과수수료","계약·송장·입금·미수 관리가 복잡한 중소 B2B 기업 대표와 재무 담당자","회계사·세무사·ERP 파트너, 미수 회수·마감 단축 사례 기반 직접 영업","ERP·회계 연동, 예외·승인·회수 결과와 거래처별 지불 패턴","회계·세무 SaaS가 강하므로 불일치 탐지와 실제 회수 성과에 집중","ERP를 교체하지 않고 계약·전자세금계산서·입금 불일치와 후속조치를 연결","한국에서 회수·마감 성과를 검증한 뒤 싱가포르·호주 회계 연동으로 확장","규제 판단을 제외하고 사람 승인형 운영 보조로 제한 | 핵심 시스템 연동 전 파일·이메일 입력으로 먼저 검증 | 원회사는 소프트웨어 전용이 아니므로 AI 업무전환 가설을 추가 검증","규제 판단을 제외하고 사람 승인형 운영 보조로 제한","8~12주 또는 파트너","https://nodeplus.ai/","https://www.sec.gov/Archives/edgar/data/2138831/000093041326001878/0000930413-26-001878-index.html"
"327","조건부","응용","B","65","direct","Diesl, Inc","2025-08-14","NY","Computers","컴퓨터","100000","100000","9","현장·건설·산업 운영","76","16","11","20","12","8","9","14","3~6개월+","Diesl의 AI 기반 건설 소프트웨어로 건설 프로젝트를 혁신하세요. 최첨단 인공 지능 기술을 사용하여 제출물 검토를 자동화하고, 문서 인텔리전스를 강화하고, 입찰 수준을 간소화합니다.","Transform your construction projects with Diesl s AI-powered construction software. Automate submittal reviews, enhance document intelligence, and streamline bid leveling with cutting-edge artificial intelligence technology.","현장 사진·완료서·견적·규정 증빙이 흩어져 청구와 공정 결정이 늦어지는 문제","작업사진·완료서·자재·견적을 청구와 규정 증빙으로 바꾸는 공종 하나의 도구","한 현장의 사진·작업일보를 기성·청구 증빙으로 변환하는 4주 유료 파일럿","업체당 월 70만~350만원 + 현장 수 + 초기 문서설정비","전문건설사·설비사·정비업체의 현장소장과 공무·청구 담당자","공종 협회, 세무·ERP·장비 파트너, 현장 사례 기반 직접 영업","공종별 문서·사진 판정, 청구 결과, 현장 시스템 연동과 예외 규칙","건설 공무·적산·견적 자동화가 인접하므로 전 공종 ERP보다 작업→청구 흐름에 집중","카카오톡 사진·HWP·세금계산서·공종 용어를 연결해 작업 완료→청구 한 공종으로 제한","한국 공종에서 검증한 뒤 일본·호주의 유사 현장 문서와 청구 흐름으로 확장","규제 판단을 제외하고 사람 승인형 운영 보조로 제한","규제 판단을 제외하고 사람 승인형 운영 보조로 제한","8~12주 또는 파트너","https://diesl.ai/","https://www.sec.gov/Archives/edgar/data/2080998/000208099825000001/0002080998-25-000001-index.html"
"328","조건부","응용","B","65","adjacent","Classet, Inc.","2025-06-10","IL","Other Technology","기타 기술","1500000","1200000","4","현장·건설·산업 운영","76","17","11","18","14","8","8","14","3~6개월+","Classet은 지원자에게 자동으로 전화해 인터뷰하고 자격을 선별한 뒤 구조화된 요약을 제공하는 대규모 채용용 AI 음성 면접 도구다.","Add an AI recruiter to your team with Classet. Instantly interview candidates by phone, qualify talent at scale, and deliver structured summaries — without adding headcount. Built for high-volume hiring in healthcare, retail, light industrial, and more.","현장 사진·완료서·견적·규정 증빙이 흩어져 청구와 공정 결정이 늦어지는 문제","작업사진·완료서·자재·견적을 청구와 규정 증빙으로 바꾸는 공종 하나의 도구","한 현장의 사진·작업일보를 기성·청구 증빙으로 변환하는 4주 유료 파일럿","업체당 월 70만~350만원 + 현장 수 + 초기 문서설정비","전문건설사·설비사·정비업체의 현장소장과 공무·청구 담당자","공종 협회, 세무·ERP·장비 파트너, 현장 사례 기반 직접 영업","공종별 문서·사진 판정, 청구 결과, 현장 시스템 연동과 예외 규칙","건설 공무·적산·견적 자동화가 인접하므로 전 공종 ERP보다 작업→청구 흐름에 집중","카카오톡 사진·HWP·세금계산서·공종 용어를 연결해 작업 완료→청구 한 공종으로 제한","한국 공종에서 검증한 뒤 일본·호주의 유사 현장 문서와 청구 흐름으로 확장","원회사는 소프트웨어 전용이 아니므로 AI 업무전환 가설을 추가 검증","원회사는 소프트웨어 전용이 아니므로 AI 업무전환 가설을 추가 검증","8~12주 또는 파트너","https://www.classet.ai/","https://www.sec.gov/Archives/edgar/data/1950270/000195027025000002/0001950270-25-000002-index.html"
"329","조건부","응용","B","65","direct","GenLogs Corp","2025-01-31","VA","Other Technology","기타 기술","17480350","17480350","12","조달·물류·공급망","76","15","10","20","13","9","9","10","3~6개월+","캐리어 소싱. 통신사 조사. 통신사 규정 준수. 배송업체 탐사. 자산 모니터링. 자산 복구. 화물 인텔리전스. 하나의 Truck Intelligence 플랫폼에 모두 포함되어 있습니다!","Carrier sourcing. Carrier vetting. Carrier Compliance. Shipper prospecting. Asset monitoring. Asset recovery. Freight Intelligence. All in one Truck Intelligence platform!","RFQ·견적·발주·선적 문서가 흩어져 가격·납기·승인 예외를 놓치는 문제","RFQ·견적·발주·선적 문서를 읽고 누락·가격변경·납기 예외를 한 품목군에서 처리","최근 RFQ·견적 100건을 표준화해 누락·가격차·미응답을 찾아주는 유료 업무진단","업체당 월 80만~400만원 + 문서/거래 건수 + 온보딩비","중소 제조·수출기업의 구매·영업·물류 책임자","ERP·관세·물류 파트너, 산업단지와 품목별 직접 영업","거래처별 예외, 품목 매핑, 견적·납기 결과와 승인 데이터","ERP는 강하지만 중소 제조업의 이메일·엑셀 예외 처리는 수작업인 경우가 많음","이메일·엑셀·거래처 품목명을 국내 RFQ·발주 문서 형식에 맞게 처리","한국 수출기업에서 시작해 일본·동남아 공급사 문서와 이메일·WhatsApp으로 확장","물리·자본 요소를 제외한 주변 운영 소프트웨어만 참고","물리·자본 요소를 제외한 주변 운영 소프트웨어만 참고","8~12주 또는 파트너","https://www.genlogs.io/","https://www.sec.gov/Archives/edgar/data/2006121/000200612125000001/0002006121-25-000001-index.html"
"330","조건부","응용","B","65","adjacent","Geofund Global Inc.","2025-12-05","DC","Other","기타","1000000","500000","3","재무·백오피스","76","17","10","20","13","8","8","14","3~6개월+","지속 가능한 연료 및 제품에 대한 추적성 및 규정 준수를 자동화합니다. 문서 관리 및 검증, 물질 수지 회계, 산업 전반에 걸쳐 지속 가능성 표준의 디지털 교환을 자동화합니다.","Automate traceability and compliance for sustainable fuels and products. Automate document management and validation, Mass-balance accounting, and digital exchange of sustainability standards across industries.","계약·송장·입금·미수·회계 자료가 맞지 않아 현금 회수와 마감이 늦어지는 문제","계약·송장·입금·미수금의 불일치를 찾아 후속조치 초안을 만들고 사람이 승인","미수·송장 3개월치를 대조해 회수 우선순위와 고객별 후속문안을 제공하는 유료 진단","회사당 월 60만~300만원 + 온보딩비 또는 회수 성과수수료","계약·송장·입금·미수 관리가 복잡한 중소 B2B 기업 대표와 재무 담당자","회계사·세무사·ERP 파트너, 미수 회수·마감 단축 사례 기반 직접 영업","ERP·회계 연동, 예외·승인·회수 결과와 거래처별 지불 패턴","회계·세무 SaaS가 강하므로 불일치 탐지와 실제 회수 성과에 집중","ERP를 교체하지 않고 계약·전자세금계산서·입금 불일치와 후속조치를 연결","한국에서 회수·마감 성과를 검증한 뒤 싱가포르·호주 회계 연동으로 확장","대기업·공공 조달과 보안심사로 첫 매출이 느릴 수 있음 | 범용 플랫폼 전체가 아니라 한 업무와 한 구매자만 선택 | 원회사는 소프트웨어 전용이 아니므로 AI 업무전환 가설을 추가 검증","대기업·공공 조달과 보안심사로 첫 매출이 느릴 수 있음","8~12주 또는 파트너","https://www.geofund.io/","https://www.sec.gov/Archives/edgar/data/2098721/000209872125000001/0002098721-25-000001-index.html"
"331","조건부","응용","A","85","adjacent","NROC Security, Inc.","2025-10-14","NY","Other Technology","기타 기술","2778998","1674064","4","보안·AI 거버넌스","76","16","10","19","13","9","9","17","3~6개월+","기업의 생성형 AI 사용을 실시간으로 감시하고 데이터 유출을 막으며 정책 준수 기록을 남긴다.","Employees are already using GenAI. Secure enterprise AI with real-time guardrails, data protection, and full visibility—while safely increasing productivity.","AI·클라우드 도구가 늘면서 권한·정책·사고·감사 증빙을 사람이 연결하기 어려운 문제","전체 보안제품 대신 AI 에이전트·MCP 사용대장, 승인, 권한, 실행로그, 감사증빙 한 흐름에 집중","조직의 AI 도구·에이전트를 2주간 발견하고 위험·권한·감사로그를 정리하는 유료 진단","회사당 월 100만~600만원 + 규정팩 + 감사 온보딩비","AI 에이전트를 도입한 스타트업·중견기업의 보안·개발 책임자","ISMS·보안 컨설턴트, MSP, AI 구축사와 규정 대응 콘텐츠","권한 그래프, 증빙 자동수집, 정책·사고·승인 데이터와 규정 매핑","대기업용 GRC가 존재하므로 중견·스타트업의 AI 에이전트 감사증빙에 집중","AI 기본법·ISMS용 에이전트 사용대장·승인·실행로그·감사 내보내기로 진입","한국 규정팩을 검증한 뒤 EU·싱가포르 규정팩과 데이터 처리 옵션을 추가","원회사는 소프트웨어 전용이 아니므로 AI 업무전환 가설을 추가 검증","원회사는 소프트웨어 전용이 아니므로 AI 업무전환 가설을 추가 검증","8~12주 또는 파트너","https://www.nrocsecurity.com/","https://www.sec.gov/Archives/edgar/data/2091037/000209103725000001/0002091037-25-000001-index.html"
"332","조건부","응용","B","65","direct","Mulongo Inc","2026-02-17","CO","Other Technology","기타 기술","13470","1720","2","현장·건설·산업 운영","76","18","9","19","14","7","9","8","3~6개월+","(주)물롱고는 디지털 트윈 솔루션 전문 스타트업입니다. 우리의 임무는 자산 소유자가 자산 전반에 걸쳐 자산의 유용성과 유지 관리를 개선하도록 돕는 것입니다.","Mulongo Inc. is a startup specializing in providing digital twin solutions. Our mission is to help asset owners improve the utility and maintenance of their assets throughout the asset","현장 사진·완료서·견적·규정 증빙이 흩어져 청구와 공정 결정이 늦어지는 문제","작업사진·완료서·자재·견적을 청구와 규정 증빙으로 바꾸는 공종 하나의 도구","한 현장의 사진·작업일보를 기성·청구 증빙으로 변환하는 4주 유료 파일럿","업체당 월 70만~350만원 + 현장 수 + 초기 문서설정비","전문건설사·설비사·정비업체의 현장소장과 공무·청구 담당자","공종 협회, 세무·ERP·장비 파트너, 현장 사례 기반 직접 영업","공종별 문서·사진 판정, 청구 결과, 현장 시스템 연동과 예외 규칙","건설 공무·적산·견적 자동화가 인접하므로 전 공종 ERP보다 작업→청구 흐름에 집중","카카오톡 사진·HWP·세금계산서·공종 용어를 연결해 작업 완료→청구 한 공종으로 제한","한국 공종에서 검증한 뒤 일본·호주의 유사 현장 문서와 청구 흐름으로 확장","대기업·공공 조달과 보안심사로 첫 매출이 느릴 수 있음","대기업·공공 조달과 보안심사로 첫 매출이 느릴 수 있음","6~8주 MVP","https://www.mulongo.com/","https://www.sec.gov/Archives/edgar/data/2110912/000211091226000001/0002110912-26-000001-index.html"
"333","조건부","응용","B","65","direct","Ploy, Inc.","2026-06-24","CA","Other Technology","기타 기술","26571989","26571989","11","보안·AI 거버넌스","76","16","9","18","13","10","10","12","3~6개월+","실제로 작동하는 최신 IGA 플랫폼. AI를 통해 액세스 검토, 직원 온보딩, 액세스 요청을 자동화하세요. 오늘 데모를 예약하세요.","Modern IGA platform that actually works. Automate access reviews, employee onboarding, and access requests with AI. Book your demo today.","AI·클라우드 도구가 늘면서 권한·정책·사고·감사 증빙을 사람이 연결하기 어려운 문제","전체 보안제품 대신 AI 에이전트·MCP 사용대장, 승인, 권한, 실행로그, 감사증빙 한 흐름에 집중","조직의 AI 도구·에이전트를 2주간 발견하고 위험·권한·감사로그를 정리하는 유료 진단","회사당 월 100만~600만원 + 규정팩 + 감사 온보딩비","AI 에이전트를 도입한 스타트업·중견기업의 보안·개발 책임자","ISMS·보안 컨설턴트, MSP, AI 구축사와 규정 대응 콘텐츠","권한 그래프, 증빙 자동수집, 정책·사고·승인 데이터와 규정 매핑","대기업용 GRC가 존재하므로 중견·스타트업의 AI 에이전트 감사증빙에 집중","AI 기본법·ISMS용 에이전트 사용대장·승인·실행로그·감사 내보내기로 진입","한국 규정팩을 검증한 뒤 EU·싱가포르 규정팩과 데이터 처리 옵션을 추가","범용 플랫폼 전체가 아니라 한 업무와 한 구매자만 선택","범용 플랫폼 전체가 아니라 한 업무와 한 구매자만 선택","8~12주 또는 파트너","https://ploy.io/","https://www.sec.gov/Archives/edgar/data/2136625/000213662526000001/0002136625-26-000001-index.html"
"334","조건부","응용","B","65","direct","Meadow Technologies, Inc.","2025-03-27","NY","Other Technology","기타 기술","16339999","16044296","6","보안·AI 거버넌스","76","16","9","18","13","10","10","10","3~6개월+","올인원 약국 소프트웨어: 하나의 플랫폼에 POS, Metrc 규정 준수, 배송 및 전자상거래가 포함되어 있습니다. 2014년 이후 99.99% 가동 시간. 데모를 확인하세요.","All-in-one dispensary software: POS, Metrc compliance, delivery, and eCommerce in one platform. 99.99% uptime since 2014. See a demo.","AI·클라우드 도구가 늘면서 권한·정책·사고·감사 증빙을 사람이 연결하기 어려운 문제","전체 보안제품 대신 AI 에이전트·MCP 사용대장, 승인, 권한, 실행로그, 감사증빙 한 흐름에 집중","조직의 AI 도구·에이전트를 2주간 발견하고 위험·권한·감사로그를 정리하는 유료 진단","회사당 월 100만~600만원 + 규정팩 + 감사 온보딩비","AI 에이전트를 도입한 스타트업·중견기업의 보안·개발 책임자","ISMS·보안 컨설턴트, MSP, AI 구축사와 규정 대응 콘텐츠","권한 그래프, 증빙 자동수집, 정책·사고·승인 데이터와 규정 매핑","대기업용 GRC가 존재하므로 중견·스타트업의 AI 에이전트 감사증빙에 집중","AI 기본법·ISMS용 에이전트 사용대장·승인·실행로그·감사 내보내기로 진입","한국 규정팩을 검증한 뒤 EU·싱가포르 규정팩과 데이터 처리 옵션을 추가","범용 플랫폼 전체가 아니라 한 업무와 한 구매자만 선택","범용 플랫폼 전체가 아니라 한 업무와 한 구매자만 선택","8~12주 또는 파트너","https://getmeadow.com/","https://www.sec.gov/Archives/edgar/data/2063037/000206303725000002/0002063037-25-000002-index.html"
"335","조건부","응용","B","65","direct","Identomat Inc.","2025-01-24","IL","Other Technology","기타 기술","1000000","1000000","1","보안·AI 거버넌스","76","16","9","18","13","10","10","11","3~6개월+","즉각적인 원활한 고객 온보딩 및 생체 인식 인증을 위한 AI 기반 신원 확인 및 KYC 플랫폼입니다.","AI-powered identity verification & KYC platform for instant frictionless customer onboarding and biometric authentication.","AI·클라우드 도구가 늘면서 권한·정책·사고·감사 증빙을 사람이 연결하기 어려운 문제","전체 보안제품 대신 AI 에이전트·MCP 사용대장, 승인, 권한, 실행로그, 감사증빙 한 흐름에 집중","조직의 AI 도구·에이전트를 2주간 발견하고 위험·권한·감사로그를 정리하는 유료 진단","회사당 월 100만~600만원 + 규정팩 + 감사 온보딩비","AI 에이전트를 도입한 스타트업·중견기업의 보안·개발 책임자","ISMS·보안 컨설턴트, MSP, AI 구축사와 규정 대응 콘텐츠","권한 그래프, 증빙 자동수집, 정책·사고·승인 데이터와 규정 매핑","대기업용 GRC가 존재하므로 중견·스타트업의 AI 에이전트 감사증빙에 집중","AI 기본법·ISMS용 에이전트 사용대장·승인·실행로그·감사 내보내기로 진입","한국 규정팩을 검증한 뒤 EU·싱가포르 규정팩과 데이터 처리 옵션을 추가","범용 플랫폼 전체가 아니라 한 업무와 한 구매자만 선택","범용 플랫폼 전체가 아니라 한 업무와 한 구매자만 선택","8~12주 또는 파트너","https://www.identomat.com/","https://www.sec.gov/Archives/edgar/data/1879330/000187933025000001/0001879330-25-000001-index.html"
"336","조건부","응용","B","65","direct","ATLASGUARD, INC.","2025-08-18","TX","Business Services","기업 서비스","81","81","0","보안·AI 거버넌스","76","16","9","18","13","10","10","3","3~6개월+","엘리트 개인 보안 및 보안 전송을 위한 엔터프라이즈급 플랫폼입니다. 예약부터 최종 결제까지 완벽한 보안을 제공합니다.","Enterprise-grade platform for elite private security and secure transport. Total security, from booking to final settlement.","AI·클라우드 도구가 늘면서 권한·정책·사고·감사 증빙을 사람이 연결하기 어려운 문제","전체 보안제품 대신 AI 에이전트·MCP 사용대장, 승인, 권한, 실행로그, 감사증빙 한 흐름에 집중","조직의 AI 도구·에이전트를 2주간 발견하고 위험·권한·감사로그를 정리하는 유료 진단","회사당 월 100만~600만원 + 규정팩 + 감사 온보딩비","AI 에이전트를 도입한 스타트업·중견기업의 보안·개발 책임자","ISMS·보안 컨설턴트, MSP, AI 구축사와 규정 대응 콘텐츠","권한 그래프, 증빙 자동수집, 정책·사고·승인 데이터와 규정 매핑","대기업용 GRC가 존재하므로 중견·스타트업의 AI 에이전트 감사증빙에 집중","AI 기본법·ISMS용 에이전트 사용대장·승인·실행로그·감사 내보내기로 진입","한국 규정팩을 검증한 뒤 EU·싱가포르 규정팩과 데이터 처리 옵션을 추가","범용 플랫폼 전체가 아니라 한 업무와 한 구매자만 선택","범용 플랫폼 전체가 아니라 한 업무와 한 구매자만 선택","8~12주 또는 파트너","https://atlasguard.com/","https://www.sec.gov/Archives/edgar/data/2082051/000208205125000002/0002082051-25-000002-index.html"
"337","조건부","응용","B","60","direct","Silk River, Inc.","2026-04-17","WY","Other Technology","기타 기술","2000000","1800000","15","보안·AI 거버넌스","76","16","9","18","13","10","10","16","3~6개월+","에이전트 온보딩 및 금융 범죄 운영 소프트웨어. 사람의 감독, 감사 준비가 된 증거 ​​및 안전한 가드레일을 통해 기존 시스템 내에서 규제된 워크플로를 실행하는 실행 계층입니다.","Agentic onboarding and financial crime operations software. An execution layer that runs regulated workflows inside existing systems, with human oversight, audit-ready evidence, and secure guardrails.","AI·클라우드 도구가 늘면서 권한·정책·사고·감사 증빙을 사람이 연결하기 어려운 문제","전체 보안제품 대신 AI 에이전트·MCP 사용대장, 승인, 권한, 실행로그, 감사증빙 한 흐름에 집중","조직의 AI 도구·에이전트를 2주간 발견하고 위험·권한·감사로그를 정리하는 유료 진단","회사당 월 100만~600만원 + 규정팩 + 감사 온보딩비","AI 에이전트를 도입한 스타트업·중견기업의 보안·개발 책임자","ISMS·보안 컨설턴트, MSP, AI 구축사와 규정 대응 콘텐츠","권한 그래프, 증빙 자동수집, 정책·사고·승인 데이터와 규정 매핑","대기업용 GRC가 존재하므로 중견·스타트업의 AI 에이전트 감사증빙에 집중","AI 기본법·ISMS용 에이전트 사용대장·승인·실행로그·감사 내보내기로 진입","한국 규정팩을 검증한 뒤 EU·싱가포르 규정팩과 데이터 처리 옵션을 추가","범용 플랫폼 전체가 아니라 한 업무와 한 구매자만 선택","범용 플랫폼 전체가 아니라 한 업무와 한 구매자만 선택","8~12주 또는 파트너","https://silkriver.com/","https://www.sec.gov/Archives/edgar/data/2090518/000209051826000001/0002090518-26-000001-index.html"
"338","조건부","응용","B","65","direct","Amrak Integrated Marketing, Inc.","2025-11-04","CT","Business Services","기업 서비스","","50000","1","현장·건설·산업 운영","76","16","8","20","14","8","10","3","3~6개월+","Amrak Cloud Solutions는 AI 기반 ERP, 제조 실행 및 클라우드 자동화를 제공하여 운영을 간소화하고 비용을 절감하며 비즈니스 성장을 촉진합니다.","Amrak Cloud Solutions delivers AI-powered ERP, manufacturing execution, and cloud automation to streamline operations, reduce costs, and drive business growth.","현장 사진·완료서·견적·규정 증빙이 흩어져 청구와 공정 결정이 늦어지는 문제","작업사진·완료서·자재·견적을 청구와 규정 증빙으로 바꾸는 공종 하나의 도구","한 현장의 사진·작업일보를 기성·청구 증빙으로 변환하는 4주 유료 파일럿","업체당 월 70만~350만원 + 현장 수 + 초기 문서설정비","전문건설사·설비사·정비업체의 현장소장과 공무·청구 담당자","공종 협회, 세무·ERP·장비 파트너, 현장 사례 기반 직접 영업","공종별 문서·사진 판정, 청구 결과, 현장 시스템 연동과 예외 규칙","건설 공무·적산·견적 자동화가 인접하므로 전 공종 ERP보다 작업→청구 흐름에 집중","카카오톡 사진·HWP·세금계산서·공종 용어를 연결해 작업 완료→청구 한 공종으로 제한","한국 공종에서 검증한 뒤 일본·호주의 유사 현장 문서와 청구 흐름으로 확장","대기업·공공 조달과 보안심사로 첫 매출이 느릴 수 있음 | 핵심 시스템 연동 전 파일·이메일 입력으로 먼저 검증","대기업·공공 조달과 보안심사로 첫 매출이 느릴 수 있음","8~12주 또는 파트너","https://amrak.com/Home.aspx","https://www.sec.gov/Archives/edgar/data/2093652/000209365225000001/0002093652-25-000001-index.html"
"339","조건부","응용","B","65","direct","Haiven, Inc.","2025-12-01","WY","Other Technology","기타 기술","3000000","136000","4","기타 수직 운영","75","18","15","16","12","7","7","14","1~3개월","종양학 탐색 팀을 위한 에이전트적 AI 자동화 - 환자를 변화시키는 인간 연결 강화","Agentic AI automation for oncology navigation teams - empowering the human connections that change patients","특정 업종의 문서·승인·후속조치가 범용 SaaS에 맞지 않아 엑셀과 사람에게 남는 문제","고객이 매주 반복하는 문서·승인·후속조치 한 개를 서비스형 AI 도구로 제공","반복 업무 1주를 측정하고 한 흐름을 4주간 대신 처리하는 유료 파일럿","월 40만~250만원 + 온보딩·운영 대행비","반복 문서·승인·후속조치가 많은 특정 업종의 대표와 운영 책임자","업종 협회·전문가 파트너·창업자의 직접 고객 인터뷰와 유료 파일럿","업종 템플릿, 고객 수정·완료 데이터, 업무 연동과 판매 채널","회사별 유사 사업을 다시 확인하고 범용 도구보다 좁은 업무의 완료율로 차별화","업종 전체보다 지불 의사가 높은 한 업무를 국내 문서·채널에 맞게 제공","한국에서 결과 데이터를 만든 뒤 규제와 업무가 비슷한 한 국가로 확장","","공식 제품과 고객 인터뷰로 수요·가격·도입권한을 다시 검증","6~8주 MVP","https://haiven.health/","https://www.sec.gov/Archives/edgar/data/2080487/000208048725000001/0002080487-25-000001-index.html"
"340","조건부","응용","A","78","direct","Task Force VA, Inc.","2026-05-11","FL","Other Technology","기타 기술","500000","15000","1","기타 수직 운영","75","18","14","18","11","7","7","8","1~3개월","Task Force VA는 AI 기반 도구, 전문가 지침 및 신뢰할 수 있는 전문 네트워크를 통해 퇴역 군인을 위한 VA 청구 프로세스를 단순화합니다.","Task Force VA simplifies the VA claims process for veterans through AI-powered tools, expert guidance, and a trusted professional network.","특정 업종의 문서·승인·후속조치가 범용 SaaS에 맞지 않아 엑셀과 사람에게 남는 문제","고객이 매주 반복하는 문서·승인·후속조치 한 개를 서비스형 AI 도구로 제공","반복 업무 1주를 측정하고 한 흐름을 4주간 대신 처리하는 유료 파일럿","월 40만~250만원 + 온보딩·운영 대행비","반복 문서·승인·후속조치가 많은 특정 업종의 대표와 운영 책임자","업종 협회·전문가 파트너·창업자의 직접 고객 인터뷰와 유료 파일럿","업종 템플릿, 고객 수정·완료 데이터, 업무 연동과 판매 채널","회사별 유사 사업을 다시 확인하고 범용 도구보다 좁은 업무의 완료율로 차별화","업종 전체보다 지불 의사가 높은 한 업무를 국내 문서·채널에 맞게 제공","한국에서 결과 데이터를 만든 뒤 규제와 업무가 비슷한 한 국가로 확장","","공식 제품과 고객 인터뷰로 수요·가격·도입권한을 다시 검증","6~8주 MVP","https://taskforceva.ai/","https://www.sec.gov/Archives/edgar/data/2132072/000213207226000001/0002132072-26-000001-index.html"
"341","조건부","응용","B","70","direct","Vinyl Health, Inc.","2026-06-10","NJ","Other Technology","기타 기술","2499998","1000000","1","기타 수직 운영","75","18","14","18","11","7","7","13","1~3개월","Vinyl Health는 개인 건강 기록 관리, 보안 메시징, AI 기반 메모 작성 도구를 제공하여 건강 관리에 도움이 됩니다. 건강 관리는 어렵습니다. 체계적으로 유지해야 합니다.","Vinyl Health offers personal health record management, secure messaging, and an AI-powered notetaker to make healthcare work for you. Healthcare is hard, staying organized shouldn","특정 업종의 문서·승인·후속조치가 범용 SaaS에 맞지 않아 엑셀과 사람에게 남는 문제","고객이 매주 반복하는 문서·승인·후속조치 한 개를 서비스형 AI 도구로 제공","반복 업무 1주를 측정하고 한 흐름을 4주간 대신 처리하는 유료 파일럿","월 40만~250만원 + 온보딩·운영 대행비","반복 문서·승인·후속조치가 많은 특정 업종의 대표와 운영 책임자","업종 협회·전문가 파트너·창업자의 직접 고객 인터뷰와 유료 파일럿","업종 템플릿, 고객 수정·완료 데이터, 업무 연동과 판매 채널","회사별 유사 사업을 다시 확인하고 범용 도구보다 좁은 업무의 완료율로 차별화","업종 전체보다 지불 의사가 높은 한 업무를 국내 문서·채널에 맞게 제공","한국에서 결과 데이터를 만든 뒤 규제와 업무가 비슷한 한 국가로 확장","","공식 제품과 고객 인터뷰로 수요·가격·도입권한을 다시 검증","6~8주 MVP","https://www.vinylhealth.ai/","https://www.sec.gov/Archives/edgar/data/2137577/000213757726000001/0002137577-26-000001-index.html"
"342","조건부","응용","B","69","direct","Simply Bail, Inc.","2025-09-16","GA","Other Technology","기타 기술","3000046","2999993","13","기타 수직 운영","75","16","14","18","12","8","7","14","1~3개월","사례 관리, 지불 및 고객 추적을 단순화하도록 설계된 강력한 보석 보증 소프트웨어입니다. 전국 대리점에서 신뢰를 받고 있습니다.","Powerful bail bonds software designed to simplify case management, payments, and client tracking. Trusted by agencies nationwide.","특정 업종의 문서·승인·후속조치가 범용 SaaS에 맞지 않아 엑셀과 사람에게 남는 문제","고객이 매주 반복하는 문서·승인·후속조치 한 개를 서비스형 AI 도구로 제공","반복 업무 1주를 측정하고 한 흐름을 4주간 대신 처리하는 유료 파일럿","월 40만~250만원 + 온보딩·운영 대행비","반복 문서·승인·후속조치가 많은 특정 업종의 대표와 운영 책임자","업종 협회·전문가 파트너·창업자의 직접 고객 인터뷰와 유료 파일럿","업종 템플릿, 고객 수정·완료 데이터, 업무 연동과 판매 채널","회사별 유사 사업을 다시 확인하고 범용 도구보다 좁은 업무의 완료율로 차별화","업종 전체보다 지불 의사가 높은 한 업무를 국내 문서·채널에 맞게 제공","한국에서 결과 데이터를 만든 뒤 규제와 업무가 비슷한 한 국가로 확장","범용 플랫폼 전체가 아니라 한 업무와 한 구매자만 선택","범용 플랫폼 전체가 아니라 한 업무와 한 구매자만 선택","8~12주 또는 파트너","https://simplybail.com/","https://www.sec.gov/Archives/edgar/data/1872377/000187237725000002/0001872377-25-000002-index.html"
"343","조건부","응용","B","65","direct","Stilta IP, Inc.","2026-05-22","DE","Other Technology","기타 기술","10259219","10259219","54","기타 수직 운영","75","18","14","18","11","7","7","12","1~3개월","Stilta는 특허를 집행, 방어, 분석하기 위한 에이전트 AI를 구축합니다. a16z, NVIDIA 및 Y Combinator의 지원을 받는 Stilta는 선도적인 IP 회사와 글로벌 기업의 사내 IP 팀에서 사용됩니다.","Stilta builds agentic AI to enforce, defend, and analyze patents. Backed by a16z, NVIDIA and Y Combinator, Stilta is used by leading IP firms and in-house IP teams at global enterprises","특정 업종의 문서·승인·후속조치가 범용 SaaS에 맞지 않아 엑셀과 사람에게 남는 문제","고객이 매주 반복하는 문서·승인·후속조치 한 개를 서비스형 AI 도구로 제공","반복 업무 1주를 측정하고 한 흐름을 4주간 대신 처리하는 유료 파일럿","월 40만~250만원 + 온보딩·운영 대행비","반복 문서·승인·후속조치가 많은 특정 업종의 대표와 운영 책임자","업종 협회·전문가 파트너·창업자의 직접 고객 인터뷰와 유료 파일럿","업종 템플릿, 고객 수정·완료 데이터, 업무 연동과 판매 채널","회사별 유사 사업을 다시 확인하고 범용 도구보다 좁은 업무의 완료율로 차별화","업종 전체보다 지불 의사가 높은 한 업무를 국내 문서·채널에 맞게 제공","한국에서 결과 데이터를 만든 뒤 규제와 업무가 비슷한 한 국가로 확장","","공식 제품과 고객 인터뷰로 수요·가격·도입권한을 다시 검증","6~8주 MVP","https://stilta.com/","https://www.sec.gov/Archives/edgar/data/2135209/000213520926000001/0002135209-26-000001-index.html"
"344","조건부","응용","B","65","direct","LexAxiom","2026-01-29","CO","Other Technology","기타 기술","","10000000","0","기타 수직 운영","75","18","14","18","11","7","7","11","1~3개월","LexAxiom은 개인 및 소규모 법률 회사를 위한 AI 기반 수익 운영 서비스입니다. 리드 손실을 중지하세요. 변환을 시작하세요.","LexAxiom is the AI-native revenue operations service for solo and small law firms. Stop losing leads. Start converting them.","특정 업종의 문서·승인·후속조치가 범용 SaaS에 맞지 않아 엑셀과 사람에게 남는 문제","고객이 매주 반복하는 문서·승인·후속조치 한 개를 서비스형 AI 도구로 제공","반복 업무 1주를 측정하고 한 흐름을 4주간 대신 처리하는 유료 파일럿","월 40만~250만원 + 온보딩·운영 대행비","반복 문서·승인·후속조치가 많은 특정 업종의 대표와 운영 책임자","업종 협회·전문가 파트너·창업자의 직접 고객 인터뷰와 유료 파일럿","업종 템플릿, 고객 수정·완료 데이터, 업무 연동과 판매 채널","회사별 유사 사업을 다시 확인하고 범용 도구보다 좁은 업무의 완료율로 차별화","업종 전체보다 지불 의사가 높은 한 업무를 국내 문서·채널에 맞게 제공","한국에서 결과 데이터를 만든 뒤 규제와 업무가 비슷한 한 국가로 확장","","공식 제품과 고객 인터뷰로 수요·가격·도입권한을 다시 검증","6~8주 MVP","https://lexaxiom.com/","https://www.sec.gov/Archives/edgar/data/2107093/000210709326000001/0002107093-26-000001-index.html"
"345","조건부","응용","B","65","direct","WORKSHOP SOFTWARE, INC.","2025-03-18","NE","Other Technology","기타 기술","7000000","6999989","6","기타 수직 운영","75","16","14","18","12","8","7","12","1~3개월","기계 차고를 간소화하는 데 도움이 되는 워크샵 소프트웨어입니다. 차고 관리 소프트웨어를 사용하여 정비소의 번거로움을 없애십시오.","Workshop Software to help streamline your mechanical garage. Take the hassle out of your mechanic shop with garage management software.","특정 업종의 문서·승인·후속조치가 범용 SaaS에 맞지 않아 엑셀과 사람에게 남는 문제","고객이 매주 반복하는 문서·승인·후속조치 한 개를 서비스형 AI 도구로 제공","반복 업무 1주를 측정하고 한 흐름을 4주간 대신 처리하는 유료 파일럿","월 40만~250만원 + 온보딩·운영 대행비","반복 문서·승인·후속조치가 많은 특정 업종의 대표와 운영 책임자","업종 협회·전문가 파트너·창업자의 직접 고객 인터뷰와 유료 파일럿","업종 템플릿, 고객 수정·완료 데이터, 업무 연동과 판매 채널","회사별 유사 사업을 다시 확인하고 범용 도구보다 좁은 업무의 완료율로 차별화","업종 전체보다 지불 의사가 높은 한 업무를 국내 문서·채널에 맞게 제공","한국에서 결과 데이터를 만든 뒤 규제와 업무가 비슷한 한 국가로 확장","범용 플랫폼 전체가 아니라 한 업무와 한 구매자만 선택","범용 플랫폼 전체가 아니라 한 업무와 한 구매자만 선택","8~12주 또는 파트너","https://workshopsoftware.com/","https://www.sec.gov/Archives/edgar/data/1852712/000185271225000001/0001852712-25-000001-index.html"
"346","조건부","응용","B","65","direct","Arrellio, Inc.","2025-08-12","OH","Other Health Care","기타 헬스케어","3500000","3500000","17","기타 수직 운영","75","18","14","18","11","7","7","14","1~3개월","Arrellio는 수익 증가와 운영 최적화에 초점을 맞춘 검안 업무용으로 제작된 콘택트 렌즈 운영 체제입니다.","Arrellio is a contact lens operating system built for optometry practices focused on driving incremental revenue and optimizing their operations.","특정 업종의 문서·승인·후속조치가 범용 SaaS에 맞지 않아 엑셀과 사람에게 남는 문제","고객이 매주 반복하는 문서·승인·후속조치 한 개를 서비스형 AI 도구로 제공","반복 업무 1주를 측정하고 한 흐름을 4주간 대신 처리하는 유료 파일럿","월 40만~250만원 + 온보딩·운영 대행비","반복 문서·승인·후속조치가 많은 특정 업종의 대표와 운영 책임자","업종 협회·전문가 파트너·창업자의 직접 고객 인터뷰와 유료 파일럿","업종 템플릿, 고객 수정·완료 데이터, 업무 연동과 판매 채널","회사별 유사 사업을 다시 확인하고 범용 도구보다 좁은 업무의 완료율로 차별화","업종 전체보다 지불 의사가 높은 한 업무를 국내 문서·채널에 맞게 제공","한국에서 결과 데이터를 만든 뒤 규제와 업무가 비슷한 한 국가로 확장","","공식 제품과 고객 인터뷰로 수요·가격·도입권한을 다시 검증","6~8주 MVP","https://arrellio.com/","https://www.sec.gov/Archives/edgar/data/2080584/000114036125030286/0001140361-25-030286-index.html"
"347","조건부","응용","B","65","direct","Tiga Labs, Inc.","2025-03-10","VA","Other Technology","기타 기술","2775000","1991493","19","기타 수직 운영","75","18","14","18","11","7","7","14","1~3개월","Tiga AI의 구매자 신호, 강화 및 자동화를 통해 파이프라인을 추진하세요. AI 기반 통찰력을 통해 구매 및 아웃바운드 확장 준비가 된 잠재 고객을 발견하세요.","Drive pipeline with Tiga AI’s buyer signals, enrichment, and automation. Discover prospects ready to buy and scale outbound with AI-driven insights.","특정 업종의 문서·승인·후속조치가 범용 SaaS에 맞지 않아 엑셀과 사람에게 남는 문제","고객이 매주 반복하는 문서·승인·후속조치 한 개를 서비스형 AI 도구로 제공","반복 업무 1주를 측정하고 한 흐름을 4주간 대신 처리하는 유료 파일럿","월 40만~250만원 + 온보딩·운영 대행비","반복 문서·승인·후속조치가 많은 특정 업종의 대표와 운영 책임자","업종 협회·전문가 파트너·창업자의 직접 고객 인터뷰와 유료 파일럿","업종 템플릿, 고객 수정·완료 데이터, 업무 연동과 판매 채널","회사별 유사 사업을 다시 확인하고 범용 도구보다 좁은 업무의 완료율로 차별화","업종 전체보다 지불 의사가 높은 한 업무를 국내 문서·채널에 맞게 제공","한국에서 결과 데이터를 만든 뒤 규제와 업무가 비슷한 한 국가로 확장","","공식 제품과 고객 인터뷰로 수요·가격·도입권한을 다시 검증","6~8주 MVP","https://tiga.ai/","https://www.sec.gov/Archives/edgar/data/2051479/000205147925000002/0002051479-25-000002-index.html"
"348","조건부","응용","B","58","direct","Bobyard, Inc.","2025-12-10","CA","Other","기타","35305949","35305949","18","기타 수직 운영","75","18","13","18","11","8","7","10","1~3개월","Bobyard는 건설 도면을 AI로 분석해 공종별 물량산출과 견적 작업을 수주 단위에서 분 단위로 단축하는 건설 소프트웨어다.","AI Takeoff and Estimate Software","특정 업종의 문서·승인·후속조치가 범용 SaaS에 맞지 않아 엑셀과 사람에게 남는 문제","고객이 매주 반복하는 문서·승인·후속조치 한 개를 서비스형 AI 도구로 제공","반복 업무 1주를 측정하고 한 흐름을 4주간 대신 처리하는 유료 파일럿","월 40만~250만원 + 온보딩·운영 대행비","반복 문서·승인·후속조치가 많은 특정 업종의 대표와 운영 책임자","업종 협회·전문가 파트너·창업자의 직접 고객 인터뷰와 유료 파일럿","업종 템플릿, 고객 수정·완료 데이터, 업무 연동과 판매 채널","회사별 유사 사업을 다시 확인하고 범용 도구보다 좁은 업무의 완료율로 차별화","업종 전체보다 지불 의사가 높은 한 업무를 국내 문서·채널에 맞게 제공","한국에서 결과 데이터를 만든 뒤 규제와 업무가 비슷한 한 국가로 확장","공식 제품 설명이 짧아 고객 인터뷰 전 제품 범위 확인 필요","공식 제품 설명이 짧아 고객 인터뷰 전 제품 범위 확인 필요","6~8주 MVP","https://www.bobyard.com/","https://www.sec.gov/Archives/edgar/data/2003910/000200391025000002/0002003910-25-000002-index.html"
"349","비추천","관찰","C","58","direct","CareNGen LLC","2026-01-30","NY","Other Health Care","기타 헬스케어","1000000","450000","2","기타 수직 운영","75","18","13","18","11","8","7","16","1~3개월","CareNGen은 고용주가 직원의 노부모 돌봄 문제를 관리하고 관련 지원을 제공하도록 돕는 기업용 시니어케어 플랫폼이다.","CareNGen – Enterprise Eldercare Support Platform for Employers","특정 업종의 문서·승인·후속조치가 범용 SaaS에 맞지 않아 엑셀과 사람에게 남는 문제","고객이 매주 반복하는 문서·승인·후속조치 한 개를 서비스형 AI 도구로 제공","반복 업무 1주를 측정하고 한 흐름을 4주간 대신 처리하는 유료 파일럿","월 40만~250만원 + 온보딩·운영 대행비","반복 문서·승인·후속조치가 많은 특정 업종의 대표와 운영 책임자","업종 협회·전문가 파트너·창업자의 직접 고객 인터뷰와 유료 파일럿","업종 템플릿, 고객 수정·완료 데이터, 업무 연동과 판매 채널","회사별 유사 사업을 다시 확인하고 범용 도구보다 좁은 업무의 완료율로 차별화","업종 전체보다 지불 의사가 높은 한 업무를 국내 문서·채널에 맞게 제공","한국에서 결과 데이터를 만든 뒤 규제와 업무가 비슷한 한 국가로 확장","공식 제품 설명이 짧아 고객 인터뷰 전 제품 범위 확인 필요","공식 제품 설명이 짧아 고객 인터뷰 전 제품 범위 확인 필요","6~8주 MVP","https://carengen.com/","https://www.sec.gov/Archives/edgar/data/2108534/000121390026010084/0001213900-26-010084-index.html"
"350","조건부","응용","A","85","adjacent","Voice Eval Systems, Inc.","2025-06-11","FL","Other Technology","기타 기술","","505000","9","개발도구·데이터","75","19","12","16","10","10","8","17","1~3개월","여러 음성 AI 플랫폼의 상담원을 자동 시험하고 정확도·응답속도·대화 품질을 평가하는 QA 도구다.","Test AI Voice Agents with Advanced Q&A Platform - Comprehensive testing suite for voice agents across multiple platforms and frameworks with real-time analytics.","코드·데이터·클라우드 맥락이 파편화돼 개발·분석·AI 배포의 오류와 대기시간이 늘어나는 문제","코드·티켓·문서 맥락, 생성코드 QA, 데이터 품질 중 평가 가능한 한 문제를 해결","고객 저장소·데이터셋 한 곳에서 오류 20건을 재현·분류하는 2주 유료 파일럿","개발자/데이터 사용자당 월 3만~20만원 + 기업 온보딩비","AI 기능을 운영하는 국내외 개발·데이터 팀과 소프트웨어 회사","오픈소스·기술 콘텐츠, 개발자 커뮤니티, 클라우드·SI 파트너","저장소·티켓 연동, 조직별 평가셋, 오류·수정·배포 결과 데이터","글로벌 개발도구와 국내 MSP가 강하므로 특정 평가셋이나 레거시 연동이 필요","한국 레거시·SI 스택의 코드·티켓·문서와 생성코드 QA처럼 현지 맥락이 필요한 문제로 진입","영문 제품과 API를 먼저 제공하고 평가셋·연동팩을 산업별로 확장","원회사는 소프트웨어 전용이 아니므로 AI 업무전환 가설을 추가 검증","원회사는 소프트웨어 전용이 아니므로 AI 업무전환 가설을 추가 검증","6~8주 MVP","https://voiceeval.com/","https://www.sec.gov/Archives/edgar/data/2071822/000207182225000001/0002071822-25-000001-index.html"
"351","조건부","응용","A","78","adjacent","REVEAL HEALTHTECH, INC","2025-04-08","NY","Other Technology","기타 기술","6000000","1350000","1","개발도구·데이터","75","19","12","16","10","10","8","14","1~3개월","Reveal HealthTech는 의료 및 생명과학 조직이 혁신과 결과를 가속화하는 HIPAA 준수 AI, 클라우드, 디지털 의료 솔루션을 구축하도록 지원합니다.","Reveal HealthTech helps healthcare and life sciences organizations build HIPAA-compliant AI, cloud, and digital health solutions that accelerate innovation and outcomes.","코드·데이터·클라우드 맥락이 파편화돼 개발·분석·AI 배포의 오류와 대기시간이 늘어나는 문제","코드·티켓·문서 맥락, 생성코드 QA, 데이터 품질 중 평가 가능한 한 문제를 해결","고객 저장소·데이터셋 한 곳에서 오류 20건을 재현·분류하는 2주 유료 파일럿","개발자/데이터 사용자당 월 3만~20만원 + 기업 온보딩비","AI 기능을 운영하는 국내외 개발·데이터 팀과 소프트웨어 회사","오픈소스·기술 콘텐츠, 개발자 커뮤니티, 클라우드·SI 파트너","저장소·티켓 연동, 조직별 평가셋, 오류·수정·배포 결과 데이터","글로벌 개발도구와 국내 MSP가 강하므로 특정 평가셋이나 레거시 연동이 필요","한국 레거시·SI 스택의 코드·티켓·문서와 생성코드 QA처럼 현지 맥락이 필요한 문제로 진입","영문 제품과 API를 먼저 제공하고 평가셋·연동팩을 산업별로 확장","원회사는 소프트웨어 전용이 아니므로 AI 업무전환 가설을 추가 검증","원회사는 소프트웨어 전용이 아니므로 AI 업무전환 가설을 추가 검증","6~8주 MVP","https://revealhealthtech.com/","https://www.sec.gov/Archives/edgar/data/1973842/000142050625000748/0001420506-25-000748-index.html"
"352","조건부","응용","B","65","adjacent","Class 3 Technologies, Inc.","2025-10-09","NY","Other Technology","기타 기술","2000000","2000000","1","인력·교육·온보딩","75","19","12","16","12","9","7","11","1~3개월","차세대 가상교실, Class. 교육 및 훈련 분야에서 1,500개 기관의 천만 명의 사용자가 신뢰합니다. 가상 교실을 실제 교실처럼 느껴보세요.","Class, the next generation virtual classroom. Trusted by 10M users from 1500 institutions in education and training. Make your virtual classroom feel like a real classroom.","채용·교육·온보딩이 문서 전달에 머물러 실제 업무 수행과 규정 이수를 측정하기 어려운 문제","한 직군의 실제 업무 문서로 온보딩·역할별 코칭·이수·업무수행 증빙을 자동화","신규직원 한 역할의 문서·상황 20개를 평가형 온보딩으로 바꾸는 유료 제작 파일럿","사용자당 월 2만~10만원 + 콘텐츠 구축비 200만~1,000만원","현장·서비스 직군을 반복 채용하는 중소·중견기업의 인사·교육 책임자","직군 협회, HR·LMS 파트너, 교육기관과 역할별 평가 콘텐츠","직군별 평가·성과 데이터, 사내문서 연동과 실제 업무수행 결과","채용·교육 도구가 많으므로 콘텐츠 전달보다 실제 업무수행 측정에 집중","한 직군의 역할극·업무 증빙을 국내 규정과 조직 용어에 맞게 제공","한국에서 한 직군을 검증한 뒤 일본·동남아 현지 언어·규정 평가팩으로 확장","대기업·공공 조달과 보안심사로 첫 매출이 느릴 수 있음 | 원회사는 소프트웨어 전용이 아니므로 AI 업무전환 가설을 추가 검증","대기업·공공 조달과 보안심사로 첫 매출이 느릴 수 있음","6~8주 MVP","https://www.class.com/","https://www.sec.gov/Archives/edgar/data/2086528/000208652825000001/0002086528-25-000001-index.html"
"353","조건부","응용","B","65","direct","HighT-Tech, Inc.","2026-06-15","MD","Other Technology","기타 기술","700000","350000","2","마케팅·영업·고객운영","75","17","12","16","14","9","7","16","1~3개월","마케팅 데이터를 더 빠르게 성장하는 데 도움이 되는 통찰력으로 전환하세요. 개인정보 보호를 최우선으로 하는 실시간 분석.","Turn your marketing data into insights that help you grow faster. Privacy-first, real-time analytics.","콘텐츠·문의·고객대화가 매출 행동으로 연결되지 않고 사람이 채널마다 반복 처리하는 문제","문의·리뷰·콘텐츠를 예약·구매·재방문 행동까지 연결하는 업종 특화 도구","최근 문의·리뷰 200건을 매출 행동으로 분류하고 2주간 후속메시지를 실행하는 유료 파일럿","브랜드/지점당 월 30만~200만원 + 채널·전환 건수","예약·상담·반복구매가 중요한 중소 브랜드와 서비스업체","네이버·카카오·스마트스토어 대행사, 업종 커뮤니티, 매출 사례 직접 영업","채널 연동, 업종별 콘텐츠·대화 성과와 실제 예약·구매 전환 데이터","CRM·채널 상담 도구가 많으므로 업종별 예약·매출 귀속까지 완료해야 차별화","네이버·카카오·인스타그램·스마트스토어 문의를 예약·구매·재방문 결과까지 연결","한국 업종별 전환 데이터를 쌓은 뒤 일본 LINE과 동남아 WhatsApp으로 확장","물리·자본 요소를 제외한 주변 운영 소프트웨어만 참고 | 범용 플랫폼 전체가 아니라 한 업무와 한 구매자만 선택","물리·자본 요소를 제외한 주변 운영 소프트웨어만 참고","8~12주 또는 파트너","https://hight.ai/","https://www.sec.gov/Archives/edgar/data/2016434/000201643426000003/0002016434-26-000003-index.html"
"354","조건부","응용","B","65","adjacent","Cascade AI Inc.","2026-03-06","WA","Other Technology","기타 기술","","15","1","개발도구·데이터","75","19","12","16","10","10","8","5","1~3개월","Jake Fuentes와 Jon Brelig가 2019년에 설립한 Cascade는 데이터에 정통한 비즈니스 팀을 위해 구축된 코드 없는 데이터 분석 도구였습니다. 캐스케이드를 구축하면서 배운 몇 가지 교훈은 다음과 같습니다.","Founded in 2019 by Jake Fuentes and Jon Brelig, Cascade was a no-code data analysis tool built for data-savvy business teams. Here are some lessons we learned when building Cascade.","코드·데이터·클라우드 맥락이 파편화돼 개발·분석·AI 배포의 오류와 대기시간이 늘어나는 문제","코드·티켓·문서 맥락, 생성코드 QA, 데이터 품질 중 평가 가능한 한 문제를 해결","고객 저장소·데이터셋 한 곳에서 오류 20건을 재현·분류하는 2주 유료 파일럿","개발자/데이터 사용자당 월 3만~20만원 + 기업 온보딩비","AI 기능을 운영하는 국내외 개발·데이터 팀과 소프트웨어 회사","오픈소스·기술 콘텐츠, 개발자 커뮤니티, 클라우드·SI 파트너","저장소·티켓 연동, 조직별 평가셋, 오류·수정·배포 결과 데이터","글로벌 개발도구와 국내 MSP가 강하므로 특정 평가셋이나 레거시 연동이 필요","한국 레거시·SI 스택의 코드·티켓·문서와 생성코드 QA처럼 현지 맥락이 필요한 문제로 진입","영문 제품과 API를 먼저 제공하고 평가셋·연동팩을 산업별로 확장","원회사는 소프트웨어 전용이 아니므로 AI 업무전환 가설을 추가 검증","원회사는 소프트웨어 전용이 아니므로 AI 업무전환 가설을 추가 검증","6~8주 MVP","https://www.cascade.io/","https://www.sec.gov/Archives/edgar/data/2113211/000211321126000001/0002113211-26-000001-index.html"
"355","조건부","응용","A","85","direct","Tarpon Health, Inc.","2026-04-20","DE","Other Health Care","기타 헬스케어","2100000","1950000","13","의료 수익·청구 운영","75","16","11","20","12","6","10","19","3~6개월+","의료기관의 청구·매출관리 업무를 자동화하고, 검증된 업무 템플릿을 재사용할 수 있게 하는 RCM 플랫폼이다.","Transform revenue cycle management with proven automation solutions. Join 20+ health systems using Tarpon s RCM automation library and expertise.","자격확인·서류 누락·청구 거절·미수금 때문에 의료기관 매출이 새는 문제","진단을 피하고 청구 전 누락검사·거절 사유 분류·미수 후속조치 중 하나를 사람 승인 방식으로 자동화","익명화한 과거 청구 200건에서 누락·거절 원인을 찾아 회수 가능액을 제시하는 유료 진단","기관당 월 100만~500만원 + 처리 건수 또는 회수 성과수수료","치과·검사기관·중소 의료기관의 청구·원무 책임자","청구대행사·EMR 파트너·진료과 협회 소개 영업","거절·누락 사유, 수정 이력, 실제 회수 결과와 진료과별 검수 규칙","EMR·청구대행 사업이 있으므로 진단이 아닌 누락 탐지와 회수 결과 데이터로 차별화","미국 보험 구조를 복제하지 않고 국내 비임상 서류·미수·재방문·청구 전 검수로 현지화","한국에서 비임상 수익운영을 검증한 뒤 일본·싱가포르 현지 파트너와 확장","핵심 시스템 연동 전 파일·이메일 입력으로 먼저 검증","핵심 시스템 연동 전 파일·이메일 입력으로 먼저 검증","8~12주 또는 파트너","https://www.tarponhealth.com/","https://www.sec.gov/Archives/edgar/data/2130238/000213023826000002/0002130238-26-000002-index.html"
"356","조건부","응용","B","70","direct","Beam Health, Inc.","2025-07-25","NJ","Other Technology","기타 기술","2249999","2049626","6","의료 수익·청구 운영","75","14","11","20","13","7","10","14","3~6개월+","Beam Health는 환자 접수, 임상 문서화, 의료 코딩, 청구, 환자 성장, 의료 그룹 및 MSO를 위한 IT 지원을 자동화하는 의료 행위 관리를 위한 올인원 AI 플랫폼입니다.","Beam Health is an all-in-one AI platform for medical practice management — automating patient intake, clinical documentation, medical coding, claims, patient growth, and IT support for medical groups and MSOs.","자격확인·서류 누락·청구 거절·미수금 때문에 의료기관 매출이 새는 문제","진단을 피하고 청구 전 누락검사·거절 사유 분류·미수 후속조치 중 하나를 사람 승인 방식으로 자동화","익명화한 과거 청구 200건에서 누락·거절 원인을 찾아 회수 가능액을 제시하는 유료 진단","기관당 월 100만~500만원 + 처리 건수 또는 회수 성과수수료","치과·검사기관·중소 의료기관의 청구·원무 책임자","청구대행사·EMR 파트너·진료과 협회 소개 영업","거절·누락 사유, 수정 이력, 실제 회수 결과와 진료과별 검수 규칙","EMR·청구대행 사업이 있으므로 진단이 아닌 누락 탐지와 회수 결과 데이터로 차별화","미국 보험 구조를 복제하지 않고 국내 비임상 서류·미수·재방문·청구 전 검수로 현지화","한국에서 비임상 수익운영을 검증한 뒤 일본·싱가포르 현지 파트너와 확장","핵심 시스템 연동 전 파일·이메일 입력으로 먼저 검증 | 범용 플랫폼 전체가 아니라 한 업무와 한 구매자만 선택","핵심 시스템 연동 전 파일·이메일 입력으로 먼저 검증","8~12주 또는 파트너","https://beam.health/","https://www.sec.gov/Archives/edgar/data/1859546/000185954625000003/0001859546-25-000003-index.html"
"357","조건부","응용","B","65","adjacent","Synthpop Inc.","2025-08-12","MA","Other Technology","기타 기술","14999992","14999992","7","의료 수익·청구 운영","75","14","11","20","13","7","10","12","3~6개월+","Synthpop은 기존 시스템 전체에서 접수, 승인, 환자 커뮤니케이션 및 수익 주기 워크플로를 조율합니다.","Synthpop orchestrates intake, authorization, patient communication, and revenue cycle workflows across your existing systems.","자격확인·서류 누락·청구 거절·미수금 때문에 의료기관 매출이 새는 문제","진단을 피하고 청구 전 누락검사·거절 사유 분류·미수 후속조치 중 하나를 사람 승인 방식으로 자동화","익명화한 과거 청구 200건에서 누락·거절 원인을 찾아 회수 가능액을 제시하는 유료 진단","기관당 월 100만~500만원 + 처리 건수 또는 회수 성과수수료","치과·검사기관·중소 의료기관의 청구·원무 책임자","청구대행사·EMR 파트너·진료과 협회 소개 영업","거절·누락 사유, 수정 이력, 실제 회수 결과와 진료과별 검수 규칙","EMR·청구대행 사업이 있으므로 진단이 아닌 누락 탐지와 회수 결과 데이터로 차별화","미국 보험 구조를 복제하지 않고 국내 비임상 서류·미수·재방문·청구 전 검수로 현지화","한국에서 비임상 수익운영을 검증한 뒤 일본·싱가포르 현지 파트너와 확장","핵심 시스템 연동 전 파일·이메일 입력으로 먼저 검증 | 원회사는 소프트웨어 전용이 아니므로 AI 업무전환 가설을 추가 검증","핵심 시스템 연동 전 파일·이메일 입력으로 먼저 검증","8~12주 또는 파트너","https://www.synthpop.ai/","https://www.sec.gov/Archives/edgar/data/2026439/000202643925000002/0002026439-25-000002-index.html"
"358","조건부","응용","B","65","direct","Solum, Inc.","2026-05-12","MT","Other Technology","기타 기술","1075378","1075378","19","의료 수익·청구 운영","75","16","11","20","12","6","10","16","3~6개월+","환자 접수, 보험 확인, 사전 승인을 자동화합니다. 12초 동안 자격 여부를 확인합니다. 거부 횟수가 38% 감소했습니다. 평균 247,000달러 절감. 무료 데모를 예약하세요.","Automate patient intake, insurance verification, and prior authorization. 12-second eligibility checks. 38% fewer denials. $247K avg savings. Book a free demo.","자격확인·서류 누락·청구 거절·미수금 때문에 의료기관 매출이 새는 문제","진단을 피하고 청구 전 누락검사·거절 사유 분류·미수 후속조치 중 하나를 사람 승인 방식으로 자동화","익명화한 과거 청구 200건에서 누락·거절 원인을 찾아 회수 가능액을 제시하는 유료 진단","기관당 월 100만~500만원 + 처리 건수 또는 회수 성과수수료","치과·검사기관·중소 의료기관의 청구·원무 책임자","청구대행사·EMR 파트너·진료과 협회 소개 영업","거절·누락 사유, 수정 이력, 실제 회수 결과와 진료과별 검수 규칙","EMR·청구대행 사업이 있으므로 진단이 아닌 누락 탐지와 회수 결과 데이터로 차별화","미국 보험 구조를 복제하지 않고 국내 비임상 서류·미수·재방문·청구 전 검수로 현지화","한국에서 비임상 수익운영을 검증한 뒤 일본·싱가포르 현지 파트너와 확장","핵심 시스템 연동 전 파일·이메일 입력으로 먼저 검증","핵심 시스템 연동 전 파일·이메일 입력으로 먼저 검증","8~12주 또는 파트너","https://getsolum.com/","https://www.sec.gov/Archives/edgar/data/2129973/000212997326000001/0002129973-26-000001-index.html"
"359","조건부","응용","B","65","direct","ArenaCX, Inc.","2025-12-18","NC","Other Technology","기타 기술","1250000","1050000","2","조달·물류·공급망","75","13","10","20","14","9","9","14","3~6개월+","컨택 센터 및 CX 솔루션을 위한 글로벌 마켓플레이스 플랫폼입니다. 최고의 공급업체 파트너와 더 빠르고 쉽게 참여하여 이전보다 더 나은 거래와 결과를 얻을 수 있습니다. 사전 검증된 공급업체로 구성된 세계 최고 수준의 명단을 원활하게 검색하고, 모범 사례 RFP를 구성 및 실행하고, 기록적인 시간 내에 계약을 실행하세요. 우리 플랫폼 살펴보기 시작하기","The global marketplace platform for contact center and CX solutions. Where you engage the best vendor partners faster, easier, and with better deals & outcomes than ever before. Seamlessly discover a world-class roster of pre-vetted vendors, construct and run best-practice RFPs, and execute contracts in record time. Explore Our Platform Get Started","RFQ·견적·발주·선적 문서가 흩어져 가격·납기·승인 예외를 놓치는 문제","RFQ·견적·발주·선적 문서를 읽고 누락·가격변경·납기 예외를 한 품목군에서 처리","최근 RFQ·견적 100건을 표준화해 누락·가격차·미응답을 찾아주는 유료 업무진단","업체당 월 80만~400만원 + 문서/거래 건수 + 온보딩비","중소 제조·수출기업의 구매·영업·물류 책임자","ERP·관세·물류 파트너, 산업단지와 품목별 직접 영업","거래처별 예외, 품목 매핑, 견적·납기 결과와 승인 데이터","ERP는 강하지만 중소 제조업의 이메일·엑셀 예외 처리는 수작업인 경우가 많음","이메일·엑셀·거래처 품목명을 국내 RFQ·발주 문서 형식에 맞게 처리","한국 수출기업에서 시작해 일본·동남아 공급사 문서와 이메일·WhatsApp으로 확장","물리·자본 요소를 제외한 주변 운영 소프트웨어만 참고 | 범용 플랫폼 전체가 아니라 한 업무와 한 구매자만 선택","물리·자본 요소를 제외한 주변 운영 소프트웨어만 참고","8~12주 또는 파트너","https://arenacx.com/","https://www.sec.gov/Archives/edgar/data/1826498/000182649825000002/0001826498-25-000002-index.html"
"360","조건부","응용","B","65","direct","SENDICO LLC","2026-02-10","DE","Other","기타","1423702","1423702","1","보안·AI 거버넌스","75","15","10","18","12","10","10","13","3~6개월+","150개 이상의 국가에서 프리랜서와 원격 직원에게 즉시 급여를 지급합니다. 낮은 2% 수수료, 5분 검증, 완전한 AML/KYC 준수. 2025년 10월 출시. API 통합, 대량 지급, 화이트 라벨 솔루션.","Pay freelancers and remote employees instantly in 150+ countries. Low 2% fees, 5-minute verification, full AML/KYC compliance. Launching October 2025. API integration, bulk payouts, White Label solutions.","AI·클라우드 도구가 늘면서 권한·정책·사고·감사 증빙을 사람이 연결하기 어려운 문제","전체 보안제품 대신 AI 에이전트·MCP 사용대장, 승인, 권한, 실행로그, 감사증빙 한 흐름에 집중","조직의 AI 도구·에이전트를 2주간 발견하고 위험·권한·감사로그를 정리하는 유료 진단","회사당 월 100만~600만원 + 규정팩 + 감사 온보딩비","AI 에이전트를 도입한 스타트업·중견기업의 보안·개발 책임자","ISMS·보안 컨설턴트, MSP, AI 구축사와 규정 대응 콘텐츠","권한 그래프, 증빙 자동수집, 정책·사고·승인 데이터와 규정 매핑","대기업용 GRC가 존재하므로 중견·스타트업의 AI 에이전트 감사증빙에 집중","AI 기본법·ISMS용 에이전트 사용대장·승인·실행로그·감사 내보내기로 진입","한국 규정팩을 검증한 뒤 EU·싱가포르 규정팩과 데이터 처리 옵션을 추가","규제 판단을 제외하고 사람 승인형 운영 보조로 제한","규제 판단을 제외하고 사람 승인형 운영 보조로 제한","8~12주 또는 파트너","https://sendico.io/en","https://www.sec.gov/Archives/edgar/data/2108330/000210833026000001/0002108330-26-000001-index.html"
"361","조건부","응용","B","65","direct","VaultRight LLC","2025-08-06","TX","Other Technology","기타 기술","1600000","850000","3","보안·AI 거버넌스","75","15","9","20","11","10","10","14","3~6개월+","VaultRight는 지점 제어, 자동화, 보안, 통찰력 및 최적화를 현대화하여 은행 운영을 간소화하고 규정 준수를 보장하는 디지털 솔루션을 제공합니다. VaultRight","VaultRight offers digital solutions for modernizing branch controls, automation, security, insights, and optimization to streamline bank operations and ensure compliance. VaultRight","AI·클라우드 도구가 늘면서 권한·정책·사고·감사 증빙을 사람이 연결하기 어려운 문제","전체 보안제품 대신 AI 에이전트·MCP 사용대장, 승인, 권한, 실행로그, 감사증빙 한 흐름에 집중","조직의 AI 도구·에이전트를 2주간 발견하고 위험·권한·감사로그를 정리하는 유료 진단","회사당 월 100만~600만원 + 규정팩 + 감사 온보딩비","AI 에이전트를 도입한 스타트업·중견기업의 보안·개발 책임자","ISMS·보안 컨설턴트, MSP, AI 구축사와 규정 대응 콘텐츠","권한 그래프, 증빙 자동수집, 정책·사고·승인 데이터와 규정 매핑","대기업용 GRC가 존재하므로 중견·스타트업의 AI 에이전트 감사증빙에 집중","AI 기본법·ISMS용 에이전트 사용대장·승인·실행로그·감사 내보내기로 진입","한국 규정팩을 검증한 뒤 EU·싱가포르 규정팩과 데이터 처리 옵션을 추가","규제 판단을 제외하고 사람 승인형 운영 보조로 제한","규제 판단을 제외하고 사람 승인형 운영 보조로 제한","8~12주 또는 파트너","https://www.vaultright.com/","https://www.sec.gov/Archives/edgar/data/2079941/000207994125000001/0002079941-25-000001-index.html"
"362","조건부","응용","B","65","direct","Pasena, Inc.","2026-06-01","CA","Computers","컴퓨터","2","2","1","보안·AI 거버넌스","75","15","9","20","11","10","10","5","3~6개월+","Pasena는 의료 계획이 감사 및 규정 준수 표준을 유지하도록 돕는 AI 기반 플랫폼입니다.","Pasena is an AI-powered platform that helps healthcare plans maintain auditing and compliance standards.","AI·클라우드 도구가 늘면서 권한·정책·사고·감사 증빙을 사람이 연결하기 어려운 문제","전체 보안제품 대신 AI 에이전트·MCP 사용대장, 승인, 권한, 실행로그, 감사증빙 한 흐름에 집중","조직의 AI 도구·에이전트를 2주간 발견하고 위험·권한·감사로그를 정리하는 유료 진단","회사당 월 100만~600만원 + 규정팩 + 감사 온보딩비","AI 에이전트를 도입한 스타트업·중견기업의 보안·개발 책임자","ISMS·보안 컨설턴트, MSP, AI 구축사와 규정 대응 콘텐츠","권한 그래프, 증빙 자동수집, 정책·사고·승인 데이터와 규정 매핑","대기업용 GRC가 존재하므로 중견·스타트업의 AI 에이전트 감사증빙에 집중","AI 기본법·ISMS용 에이전트 사용대장·승인·실행로그·감사 내보내기로 진입","한국 규정팩을 검증한 뒤 EU·싱가포르 규정팩과 데이터 처리 옵션을 추가","규제 판단을 제외하고 사람 승인형 운영 보조로 제한","규제 판단을 제외하고 사람 승인형 운영 보조로 제한","8~12주 또는 파트너","https://pasena.ai/","https://www.sec.gov/Archives/edgar/data/2137839/000213783926000001/0002137839-26-000001-index.html"
"363","조건부","응용","B","65","direct","UncommonX Inc.","2025-12-12","IL","Other Technology","기타 기술","4200000","1500000","1","보안·AI 거버넌스","75","17","7","18","13","10","10","11","3~6개월+","고유한 사이버 보안 기술과 전문가의 연중무휴 SOC가 오늘날 가장 중요한 보안 취약점, 해결 및 예방을 해결합니다.","Unique cybersecurity technology and an expert 24x7 SOC address today’s most critical security vulnerabilities, remediation, and prevention.","AI·클라우드 도구가 늘면서 권한·정책·사고·감사 증빙을 사람이 연결하기 어려운 문제","전체 보안제품 대신 AI 에이전트·MCP 사용대장, 승인, 권한, 실행로그, 감사증빙 한 흐름에 집중","조직의 AI 도구·에이전트를 2주간 발견하고 위험·권한·감사로그를 정리하는 유료 진단","회사당 월 100만~600만원 + 규정팩 + 감사 온보딩비","AI 에이전트를 도입한 스타트업·중견기업의 보안·개발 책임자","ISMS·보안 컨설턴트, MSP, AI 구축사와 규정 대응 콘텐츠","권한 그래프, 증빙 자동수집, 정책·사고·승인 데이터와 규정 매핑","대기업용 GRC가 존재하므로 중견·스타트업의 AI 에이전트 감사증빙에 집중","AI 기본법·ISMS용 에이전트 사용대장·승인·실행로그·감사 내보내기로 진입","한국 규정팩을 검증한 뒤 EU·싱가포르 규정팩과 데이터 처리 옵션을 추가","대기업·공공 조달과 보안심사로 첫 매출이 느릴 수 있음","대기업·공공 조달과 보안심사로 첫 매출이 느릴 수 있음","8~12주 또는 파트너","https://uncommonx.com/","https://www.sec.gov/Archives/edgar/data/1892490/000189249025000002/0001892490-25-000002-index.html"
"364","조건부","응용","B","70","direct","Mercor.io Corp","2026-01-23","CA","Other Technology","기타 기술","34687596","34687596","70","인력·교육·온보딩","74","19","14","15","10","8","8","10","1~3개월","Mercor는 AI 경제를 강화하기 위해 인간 지능을 조직하고 있습니다. 우리는 최고의 AI 연구실과 기업을 위해 대규모로 개척 연구, RLHF 데이터, AI 에이전트 교육을 지원하고 있습니다.","Mercor is organizing human intelligence to power the AI economy. We are powering frontier research, RLHF data, and AI agent training at scale for the top AI labs and enterprises.","채용·교육·온보딩이 문서 전달에 머물러 실제 업무 수행과 규정 이수를 측정하기 어려운 문제","한 직군의 실제 업무 문서로 온보딩·역할별 코칭·이수·업무수행 증빙을 자동화","신규직원 한 역할의 문서·상황 20개를 평가형 온보딩으로 바꾸는 유료 제작 파일럿","사용자당 월 2만~10만원 + 콘텐츠 구축비 200만~1,000만원","현장·서비스 직군을 반복 채용하는 중소·중견기업의 인사·교육 책임자","직군 협회, HR·LMS 파트너, 교육기관과 역할별 평가 콘텐츠","직군별 평가·성과 데이터, 사내문서 연동과 실제 업무수행 결과","채용·교육 도구가 많으므로 콘텐츠 전달보다 실제 업무수행 측정에 집중","한 직군의 역할극·업무 증빙을 국내 규정과 조직 용어에 맞게 제공","한국에서 한 직군을 검증한 뒤 일본·동남아 현지 언어·규정 평가팩으로 확장","규제 판단을 제외하고 사람 승인형 운영 보조로 제한","규제 판단을 제외하고 사람 승인형 운영 보조로 제한","6~8주 MVP","https://www.mercor.com/","https://www.sec.gov/Archives/edgar/data/2103986/000210398626000002/0002103986-26-000002-index.html"
"365","조건부","응용","B","65","direct","Prem Labs, Inc","2025-12-04","DE","Other Technology","기타 기술","8000000","5511596","6","인력·교육·온보딩","74","19","14","15","10","8","8","12","1~3개월","prem.ai: 혁신적인 성장을 위한 최첨단 AI, 머신 러닝, 딥 러닝, 신경망, 생성 AI, NLP, 블록체인 및 암호화 솔루션을 살펴보세요.","prem.ai: Explore cutting-edge AI, machine learning, deep learning, neural networks, generative AI, NLP, blockchain, and crypto solutions for transformative growth.","채용·교육·온보딩이 문서 전달에 머물러 실제 업무 수행과 규정 이수를 측정하기 어려운 문제","한 직군의 실제 업무 문서로 온보딩·역할별 코칭·이수·업무수행 증빙을 자동화","신규직원 한 역할의 문서·상황 20개를 평가형 온보딩으로 바꾸는 유료 제작 파일럿","사용자당 월 2만~10만원 + 콘텐츠 구축비 200만~1,000만원","현장·서비스 직군을 반복 채용하는 중소·중견기업의 인사·교육 책임자","직군 협회, HR·LMS 파트너, 교육기관과 역할별 평가 콘텐츠","직군별 평가·성과 데이터, 사내문서 연동과 실제 업무수행 결과","채용·교육 도구가 많으므로 콘텐츠 전달보다 실제 업무수행 측정에 집중","한 직군의 역할극·업무 증빙을 국내 규정과 조직 용어에 맞게 제공","한국에서 한 직군을 검증한 뒤 일본·동남아 현지 언어·규정 평가팩으로 확장","규제 판단을 제외하고 사람 승인형 운영 보조로 제한","규제 판단을 제외하고 사람 승인형 운영 보조로 제한","6~8주 MVP","https://prem.ai/","https://www.sec.gov/Archives/edgar/data/2096215/000209621525000001/0002096215-25-000001-index.html"
"366","조건부","응용","B","70","direct","Veris Health Inc.","2025-07-08","NY","Biotechnology","바이오테크","2500000","2500000","2","기타 수직 운영","74","16","13","16","12","8","9","14","1~3개월","Veris Cancer Care Platform은 자세한 증상 보고서, 생리학적 데이터, 보안 메시징 및 예약된 화상 통화를 통해 환자와 임상의를 연결합니다.","The Veris Cancer Care Platform keeps patients and clinicians connected through detailed symptom reports, physiologic data, secure messaging and scheduled video calls.","특정 업종의 문서·승인·후속조치가 범용 SaaS에 맞지 않아 엑셀과 사람에게 남는 문제","고객이 매주 반복하는 문서·승인·후속조치 한 개를 서비스형 AI 도구로 제공","반복 업무 1주를 측정하고 한 흐름을 4주간 대신 처리하는 유료 파일럿","월 40만~250만원 + 온보딩·운영 대행비","반복 문서·승인·후속조치가 많은 특정 업종의 대표와 운영 책임자","업종 협회·전문가 파트너·창업자의 직접 고객 인터뷰와 유료 파일럿","업종 템플릿, 고객 수정·완료 데이터, 업무 연동과 판매 채널","회사별 유사 사업을 다시 확인하고 범용 도구보다 좁은 업무의 완료율로 차별화","업종 전체보다 지불 의사가 높은 한 업무를 국내 문서·채널에 맞게 제공","한국에서 결과 데이터를 만든 뒤 규제와 업무가 비슷한 한 국가로 확장","핵심 시스템 연동 전 파일·이메일 입력으로 먼저 검증","핵심 시스템 연동 전 파일·이메일 입력으로 먼저 검증","8~12주 또는 파트너","https://www.verishealth.com/","https://www.sec.gov/Archives/edgar/data/2074979/000109489125000013/0001094891-25-000013-index.html"
"367","조건부","응용","B","65","direct","Digitail Inc.","2025-11-17","DE","Other Technology","기타 기술","15960826","15960826","4","의료·돌봄 운영","74","15","12","19","13","7","8","10","1~3개월","원활한 업무 관리를 위한 클라우드 기반 PIMS입니다. 올인원 수의사 소프트웨어로 수의학 진료 효율성을 간소화하세요.","Your go-to cloud-based PIMS for seamless practice management. Streamline your veterinary practice efficiency with our all-in-one vet software.","의료·돌봄 인력이 기록·예약·안내·사후관리 같은 행정업무에 시간을 빼앗기는 문제","진단 대신 예약·기록 정리·환자 안내·사후관리 중 한 흐름을 한 진료과에 맞춰 자동화","직원 업무 1주를 측정하고 반복 안내·기록 한 흐름을 4주간 자동화하는 유료 파일럿","기관당 월 50만~300만원 + 처리 건수 + 초기 연동비","한 진료과의 병·의원, 돌봄기관, 동물병원 운영 책임자","진료과 협회·EMR/PIMS 파트너·원장 커뮤니티와 소개 영업","진료과별 비임상 워크플로, 시스템 연동, 사람 수정·완료 결과 데이터","국내 EMR·예약·환자관리 사업자가 많아 진료과별 비임상 운영 웨지가 필요","개인정보를 최소 수집하고 진단을 제외한 예약·안내·재방문 흐름부터 시작","국내 한 진료과에서 결과를 만든 뒤 일본·싱가포르의 유사 비임상 업무로 확장","범용 플랫폼 전체가 아니라 한 업무와 한 구매자만 선택","범용 플랫폼 전체가 아니라 한 업무와 한 구매자만 선택","8~12주 또는 파트너","https://digitail.com/","https://www.sec.gov/Archives/edgar/data/1844098/000184409825000003/0001844098-25-000003-index.html"
"368","조건부","응용","B","65","direct","Claimtra LLC","2026-05-13","MS","Other Technology","기타 기술","50000","50000","2","의료·돌봄 운영","74","17","12","19","12","6","8","8","1~3개월","AI 기반 청구 분석을 통해 병원 수익 회복을 혁신하세요. 병원이 손실된 수익을 회복하고 환자 치료를 개선할 수 있도록 지원합니다.","Transform hospital revenue recovery with AI-powered claims analytics. Empowering hospitals to recover lost revenue and improve patient care.","의료·돌봄 인력이 기록·예약·안내·사후관리 같은 행정업무에 시간을 빼앗기는 문제","진단 대신 예약·기록 정리·환자 안내·사후관리 중 한 흐름을 한 진료과에 맞춰 자동화","직원 업무 1주를 측정하고 반복 안내·기록 한 흐름을 4주간 자동화하는 유료 파일럿","기관당 월 50만~300만원 + 처리 건수 + 초기 연동비","한 진료과의 병·의원, 돌봄기관, 동물병원 운영 책임자","진료과 협회·EMR/PIMS 파트너·원장 커뮤니티와 소개 영업","진료과별 비임상 워크플로, 시스템 연동, 사람 수정·완료 결과 데이터","국내 EMR·예약·환자관리 사업자가 많아 진료과별 비임상 운영 웨지가 필요","개인정보를 최소 수집하고 진단을 제외한 예약·안내·재방문 흐름부터 시작","국내 한 진료과에서 결과를 만든 뒤 일본·싱가포르의 유사 비임상 업무로 확장","","공식 제품과 고객 인터뷰로 수요·가격·도입권한을 다시 검증","8~12주 또는 파트너","https://claimtra.com/","https://www.sec.gov/Archives/edgar/data/2134482/000213448226000001/0002134482-26-000001-index.html"
"369","조건부","응용","A","78","direct","Disruptive Rain Corp.","2025-10-22","NJ","Other Technology","기타 기술","","27000","2","기타 수직 운영","74","16","12","18","11","8","9","9","1~3개월","Disruptive Rain은 엔터프라이즈 AI 에이전트와 지능형 자동화 솔루션을 제공합니다. 다중 에이전트 오케스트레이션 플랫폼을 통해 비즈니스 운영을 혁신하세요.","Disruptive Rain delivers enterprise AI agents and intelligent automation solutions. Transform your business operations with our multi-agent orchestration platform.","특정 업종의 문서·승인·후속조치가 범용 SaaS에 맞지 않아 엑셀과 사람에게 남는 문제","고객이 매주 반복하는 문서·승인·후속조치 한 개를 서비스형 AI 도구로 제공","반복 업무 1주를 측정하고 한 흐름을 4주간 대신 처리하는 유료 파일럿","월 40만~250만원 + 온보딩·운영 대행비","반복 문서·승인·후속조치가 많은 특정 업종의 대표와 운영 책임자","업종 협회·전문가 파트너·창업자의 직접 고객 인터뷰와 유료 파일럿","업종 템플릿, 고객 수정·완료 데이터, 업무 연동과 판매 채널","회사별 유사 사업을 다시 확인하고 범용 도구보다 좁은 업무의 완료율로 차별화","업종 전체보다 지불 의사가 높은 한 업무를 국내 문서·채널에 맞게 제공","한국에서 결과 데이터를 만든 뒤 규제와 업무가 비슷한 한 국가로 확장","핵심 시스템 연동 전 파일·이메일 입력으로 먼저 검증","핵심 시스템 연동 전 파일·이메일 입력으로 먼저 검증","8~12주 또는 파트너","https://disruptiverain.com/","https://www.sec.gov/Archives/edgar/data/2093253/000209325325000001/0002093253-25-000001-index.html"
"370","조건부","응용","B","65","direct","Ritten, Inc.","2025-12-18","PA","Other Technology","기타 기술","24999993","24999993","5","기타 수직 운영","74","16","12","18","11","8","9","10","1~3개월","Ritten은 행동 건강 관리 도구의 미래를 구축하여 서비스 제공자가 효율적으로 확장하고 성장할 수 있도록 지원합니다.","Ritten is building the future of behavioral healthcare tools, empowering providers to efficiently scale and grow.","특정 업종의 문서·승인·후속조치가 범용 SaaS에 맞지 않아 엑셀과 사람에게 남는 문제","고객이 매주 반복하는 문서·승인·후속조치 한 개를 서비스형 AI 도구로 제공","반복 업무 1주를 측정하고 한 흐름을 4주간 대신 처리하는 유료 파일럿","월 40만~250만원 + 온보딩·운영 대행비","반복 문서·승인·후속조치가 많은 특정 업종의 대표와 운영 책임자","업종 협회·전문가 파트너·창업자의 직접 고객 인터뷰와 유료 파일럿","업종 템플릿, 고객 수정·완료 데이터, 업무 연동과 판매 채널","회사별 유사 사업을 다시 확인하고 범용 도구보다 좁은 업무의 완료율로 차별화","업종 전체보다 지불 의사가 높은 한 업무를 국내 문서·채널에 맞게 제공","한국에서 결과 데이터를 만든 뒤 규제와 업무가 비슷한 한 국가로 확장","핵심 시스템 연동 전 파일·이메일 입력으로 먼저 검증","핵심 시스템 연동 전 파일·이메일 입력으로 먼저 검증","8~12주 또는 파트너","https://www.ritten.io/","https://www.sec.gov/Archives/edgar/data/1896570/000147083125000432/0001470831-25-000432-index.html"
"371","조건부","응용","B","65","direct","G2Mint, Inc.","2025-08-21","MA","Other Technology","기타 기술","4000000","","0","기타 수직 운영","74","16","12","18","11","8","9","3","1~3개월","G2Mint는 중개인, 배송업체, 운송업체가 운송, 평가, 통합 및 파트너십(TRIP) 관리를 단순화하도록 설계된 최신 애플리케이션입니다. 이 솔루션은 모듈식이므로 사용자는 사전 구성된 플러그인을 사용하여 독립형 요금 엔진이나 완전히 통합된 교통 관리 시스템(TMS)에 연결할 수 있습니다.","G2Mint is a modern application designed for brokers, shippers, and carriers to simplify the management of their transportation, rating, integrations, and partnerships (TRIP). The solution is modular, allowing users to connect to a stand-alone rate engine or a fully integrated transportation management system (TMS) with preconfigured plugins.","특정 업종의 문서·승인·후속조치가 범용 SaaS에 맞지 않아 엑셀과 사람에게 남는 문제","고객이 매주 반복하는 문서·승인·후속조치 한 개를 서비스형 AI 도구로 제공","반복 업무 1주를 측정하고 한 흐름을 4주간 대신 처리하는 유료 파일럿","월 40만~250만원 + 온보딩·운영 대행비","반복 문서·승인·후속조치가 많은 특정 업종의 대표와 운영 책임자","업종 협회·전문가 파트너·창업자의 직접 고객 인터뷰와 유료 파일럿","업종 템플릿, 고객 수정·완료 데이터, 업무 연동과 판매 채널","회사별 유사 사업을 다시 확인하고 범용 도구보다 좁은 업무의 완료율로 차별화","업종 전체보다 지불 의사가 높은 한 업무를 국내 문서·채널에 맞게 제공","한국에서 결과 데이터를 만든 뒤 규제와 업무가 비슷한 한 국가로 확장","핵심 시스템 연동 전 파일·이메일 입력으로 먼저 검증","핵심 시스템 연동 전 파일·이메일 입력으로 먼저 검증","8~12주 또는 파트너","https://g2mint.com/","https://www.sec.gov/Archives/edgar/data/1979313/000197931325000001/0001979313-25-000001-index.html"
"372","조건부","응용","A","78","adjacent","Modern Life Group Inc.","2025-07-15","NY","Other","기타","40511285","34691286","50","보험 운영","74","16","11","20","12","7","8","13","3~6개월+","Modern Life의 직관적인 기술과 전문가 팀은 국내 최고의 자문가가 생명 보험 케이스를 그 어느 때보다 빠르고 쉽게 탐색하고 배치할 수 있도록 돕습니다. 특히 위험이 손상된 고객, 대형 케이스 또는 복잡한 시나리오가 있는 고객의 경우 더욱 그렇습니다.","Modern Life’s intuitive technology and expert team help the country’s top advisors navigate and place life insurance cases faster and easier than ever — especially for clients with impaired risks, jumbo cases or complex scenarios.","보험 서류·갱신·담보·청구 예외가 상품과 포털마다 달라 반복 작업이 커지는 문제","보험 판단 대신 서류 접수·증빙 누락·갱신 후속조치처럼 브로커 운영을 자동화","갱신·청구 파일 100건의 누락·미응답을 찾아 우선순위와 후속문안을 제공하는 유료 진단","브로커/지점당 월 80만~400만원 + 처리 건수","GA·보험 브로커·대리점의 운영·갱신·청구 담당자","보험대리점 네트워크, GA 시스템 파트너, 갱신·누락 사례 기반 영업","보험사별 포털·서류·예외, 갱신·완료 결과와 사람 승인 데이터","보험사·GA 솔루션이 존재하므로 자문·심사보다 서류와 갱신 운영으로 제한","보험 판단은 제외하고 서류 접수·증빙 누락·갱신 후속조치에 집중","현지 브로커 파트너 방식으로 한 국가의 포털·문서부터 확장","원회사는 소프트웨어 전용이 아니므로 AI 업무전환 가설을 추가 검증","원회사는 소프트웨어 전용이 아니므로 AI 업무전환 가설을 추가 검증","8~12주 또는 파트너","https://www.modernlife.com/","https://www.sec.gov/Archives/edgar/data/2076871/000123191925000110/0001231919-25-000110-index.html"
"373","조건부","응용","B","65","direct","Locunity Inc","2025-10-28","CA","Business Services","기업 서비스","","125000","3","인력·교육·온보딩","74","19","11","15","12","9","8","14","3~6개월+","해당 지역의 모든 시의회, 공공위원회 및 교육청에 대한 AI 기반 회의 브리핑, 안건 알림 및 정책 추적. 거주자에게는 무료이고 팀을 위한 강력한 도구입니다.","AI-powered meeting briefings, agenda alerts, and policy tracking for every city council, public commission, and school board in your area. Free for residents, powerful tools for teams.","채용·교육·온보딩이 문서 전달에 머물러 실제 업무 수행과 규정 이수를 측정하기 어려운 문제","한 직군의 실제 업무 문서로 온보딩·역할별 코칭·이수·업무수행 증빙을 자동화","신규직원 한 역할의 문서·상황 20개를 평가형 온보딩으로 바꾸는 유료 제작 파일럿","사용자당 월 2만~10만원 + 콘텐츠 구축비 200만~1,000만원","현장·서비스 직군을 반복 채용하는 중소·중견기업의 인사·교육 책임자","직군 협회, HR·LMS 파트너, 교육기관과 역할별 평가 콘텐츠","직군별 평가·성과 데이터, 사내문서 연동과 실제 업무수행 결과","채용·교육 도구가 많으므로 콘텐츠 전달보다 실제 업무수행 측정에 집중","한 직군의 역할극·업무 증빙을 국내 규정과 조직 용어에 맞게 제공","한국에서 한 직군을 검증한 뒤 일본·동남아 현지 언어·규정 평가팩으로 확장","대기업·공공 조달과 보안심사로 첫 매출이 느릴 수 있음 | 범용 플랫폼 전체가 아니라 한 업무와 한 구매자만 선택","대기업·공공 조달과 보안심사로 첫 매출이 느릴 수 있음","6~8주 MVP","https://www.locunity.com/","https://www.sec.gov/Archives/edgar/data/2088737/000208873725000001/0002088737-25-000001-index.html"
"374","조건부","응용","B","65","direct","Fincretive LLC","2025-12-12","ID","Other Technology","기타 기술","3800000","600000","1","개발도구·데이터","74","17","10","19","9","10","9","11","3~6개월+","Fincretive는 소매 운영을 개선하고 수익과 이윤을 늘리며 미국 정부, 주 정부, 의료 관련 프로그램과 같은 제공업체에 세부적이고 감사 가능한 데이터를 제공할 수 있는 새로운 통찰력과 분석을 제공함으로써 독립 식료품점, 소수 민족 식료품점 및 편의점을 지원하는 플랫폼입니다.","Fincretive is a platform that helps independent grocers, ethnic grocers, and convenience stores by providing new insights and analytics to improve retail operations, increase revenue and margin, and can deliver granular and auditable data for providers like the U.S. Government, state governments, and healthcare-related programs.","코드·데이터·클라우드 맥락이 파편화돼 개발·분석·AI 배포의 오류와 대기시간이 늘어나는 문제","코드·티켓·문서 맥락, 생성코드 QA, 데이터 품질 중 평가 가능한 한 문제를 해결","고객 저장소·데이터셋 한 곳에서 오류 20건을 재현·분류하는 2주 유료 파일럿","개발자/데이터 사용자당 월 3만~20만원 + 기업 온보딩비","AI 기능을 운영하는 국내외 개발·데이터 팀과 소프트웨어 회사","오픈소스·기술 콘텐츠, 개발자 커뮤니티, 클라우드·SI 파트너","저장소·티켓 연동, 조직별 평가셋, 오류·수정·배포 결과 데이터","글로벌 개발도구와 국내 MSP가 강하므로 특정 평가셋이나 레거시 연동이 필요","한국 레거시·SI 스택의 코드·티켓·문서와 생성코드 QA처럼 현지 맥락이 필요한 문제로 진입","영문 제품과 API를 먼저 제공하고 평가셋·연동팩을 산업별로 확장","대기업·공공 조달과 보안심사로 첫 매출이 느릴 수 있음 | 규제 판단을 제외하고 사람 승인형 운영 보조로 제한","대기업·공공 조달과 보안심사로 첫 매출이 느릴 수 있음","8~12주 또는 파트너","https://fincretive.com/","https://www.sec.gov/Archives/edgar/data/2031629/000203162925000004/0002031629-25-000004-index.html"
"375","조건부","응용","A","85","direct","Abax Health, Inc.","2025-11-03","CT","Other Technology","기타 기술","4796924","4796924","27","의료 수익·청구 운영","74","17","9","20","12","7","9","17","3~6개월+","의료기관의 환자 접근·예약·보험확인 흐름을 AI로 연결해 놓친 환자와 매출을 회복하는 플랫폼이다.","We believe that the front end of your revenue cycle is broken-and it’s costing you patients and profit. Abax Health brings AI powered technology, expert","자격확인·서류 누락·청구 거절·미수금 때문에 의료기관 매출이 새는 문제","진단을 피하고 청구 전 누락검사·거절 사유 분류·미수 후속조치 중 하나를 사람 승인 방식으로 자동화","익명화한 과거 청구 200건에서 누락·거절 원인을 찾아 회수 가능액을 제시하는 유료 진단","기관당 월 100만~500만원 + 처리 건수 또는 회수 성과수수료","치과·검사기관·중소 의료기관의 청구·원무 책임자","청구대행사·EMR 파트너·진료과 협회 소개 영업","거절·누락 사유, 수정 이력, 실제 회수 결과와 진료과별 검수 규칙","EMR·청구대행 사업이 있으므로 진단이 아닌 누락 탐지와 회수 결과 데이터로 차별화","미국 보험 구조를 복제하지 않고 국내 비임상 서류·미수·재방문·청구 전 검수로 현지화","한국에서 비임상 수익운영을 검증한 뒤 일본·싱가포르 현지 파트너와 확장","대기업·공공 조달과 보안심사로 첫 매출이 느릴 수 있음","대기업·공공 조달과 보안심사로 첫 매출이 느릴 수 있음","8~12주 또는 파트너","https://abaxhealth.com/","https://www.sec.gov/Archives/edgar/data/1939960/000193996025000003/0001939960-25-000003-index.html"
"376","조건부","응용","B","65","direct","CodaMetrix Inc.","2025-05-02","MA","Other Health Care","기타 헬스케어","15000000","11649994","7","의료 수익·청구 운영","74","17","9","20","12","7","9","12","3~6개월+","CodaMetrix — 더 나은 코드를 위한 코드, 종단적 데이터 캡처를 위한 상황별 코딩 자동화로 최대 30% 저렴한 비용으로 고성능 자율 의료 코딩 기능을 제공합니다. 최소한의 기술 향상, 인력 확장 없음, 워크플로에 적합한 플랫폼을 갖춘 CMX CARE 플랫폼은 더욱 스마트하게 확장되도록 구축되었습니다.","CodaMetrix — Code For Better, Contextual Coding Automation for longitudinal data capture, delivering the power of high-performance autonomous medical coding at up to 30% lower cost. With minimal tech lift, no headcount expansion, and a platform that fits your workflows, the CMX CARE platform is built to scale smarter.","자격확인·서류 누락·청구 거절·미수금 때문에 의료기관 매출이 새는 문제","진단을 피하고 청구 전 누락검사·거절 사유 분류·미수 후속조치 중 하나를 사람 승인 방식으로 자동화","익명화한 과거 청구 200건에서 누락·거절 원인을 찾아 회수 가능액을 제시하는 유료 진단","기관당 월 100만~500만원 + 처리 건수 또는 회수 성과수수료","치과·검사기관·중소 의료기관의 청구·원무 책임자","청구대행사·EMR 파트너·진료과 협회 소개 영업","거절·누락 사유, 수정 이력, 실제 회수 결과와 진료과별 검수 규칙","EMR·청구대행 사업이 있으므로 진단이 아닌 누락 탐지와 회수 결과 데이터로 차별화","미국 보험 구조를 복제하지 않고 국내 비임상 서류·미수·재방문·청구 전 검수로 현지화","한국에서 비임상 수익운영을 검증한 뒤 일본·싱가포르 현지 파트너와 확장","대기업·공공 조달과 보안심사로 첫 매출이 느릴 수 있음","대기업·공공 조달과 보안심사로 첫 매출이 느릴 수 있음","8~12주 또는 파트너","https://www.codametrix.com/","https://www.sec.gov/Archives/edgar/data/1959785/000092963825001749/0000929638-25-001749-index.html"
"377","조건부","응용","B","65","direct","Liminal AI, Inc.","2025-11-13","IN","Other Technology","기타 기술","7979995","7979995","7","보안·AI 거버넌스","74","13","9","20","12","10","10","12","3~6개월+","Liminal은 규제 대상 기업이 완벽한 데이터 보안, 감독 및 관찰 가능성을 통해 선도적인 AI 모델을 실행할 수 있도록 지원하는 안전한 다중 모델 AI 플랫폼입니다.","Liminal is the secure, multi-model AI platform that lets regulated enterprises run the leading AI models with complete data security, oversight, and observability.","AI·클라우드 도구가 늘면서 권한·정책·사고·감사 증빙을 사람이 연결하기 어려운 문제","전체 보안제품 대신 AI 에이전트·MCP 사용대장, 승인, 권한, 실행로그, 감사증빙 한 흐름에 집중","조직의 AI 도구·에이전트를 2주간 발견하고 위험·권한·감사로그를 정리하는 유료 진단","회사당 월 100만~600만원 + 규정팩 + 감사 온보딩비","AI 에이전트를 도입한 스타트업·중견기업의 보안·개발 책임자","ISMS·보안 컨설턴트, MSP, AI 구축사와 규정 대응 콘텐츠","권한 그래프, 증빙 자동수집, 정책·사고·승인 데이터와 규정 매핑","대기업용 GRC가 존재하므로 중견·스타트업의 AI 에이전트 감사증빙에 집중","AI 기본법·ISMS용 에이전트 사용대장·승인·실행로그·감사 내보내기로 진입","한국 규정팩을 검증한 뒤 EU·싱가포르 규정팩과 데이터 처리 옵션을 추가","규제 판단을 제외하고 사람 승인형 운영 보조로 제한 | 범용 플랫폼 전체가 아니라 한 업무와 한 구매자만 선택","규제 판단을 제외하고 사람 승인형 운영 보조로 제한","8~12주 또는 파트너","https://www.liminal.ai/","https://www.sec.gov/Archives/edgar/data/2094208/000209420825000002/0002094208-25-000002-index.html"
"378","조건부","응용","B","65","direct","Miren, Inc.","2025-02-11","CA","Computers","컴퓨터","3099995","2999997","4","보안·AI 거버넌스","74","13","9","20","12","10","10","14","3~6개월+","Miren은 지역사회 재투자법 적격 투자를 한 곳에서 검증하고 모니터링하는 데 필요한 모든 데이터 소스를 결합합니다. Miren은 업계 최고의 은행과 대출 기관이 중소기업 대출, 저렴한 주택, 소매 대출 및 지역 사회 개발 전반에 걸쳐 규제 의무를 관리하는 방법입니다.","Miren combines all the data sources you need to qualify and monitor Community Reinvestment Act-qualifying investments in one place. Miren is how the best-in-class banks and lenders manage their regulatory obligations across small business lending, affordable housing, retail lending and community development.","AI·클라우드 도구가 늘면서 권한·정책·사고·감사 증빙을 사람이 연결하기 어려운 문제","전체 보안제품 대신 AI 에이전트·MCP 사용대장, 승인, 권한, 실행로그, 감사증빙 한 흐름에 집중","조직의 AI 도구·에이전트를 2주간 발견하고 위험·권한·감사로그를 정리하는 유료 진단","회사당 월 100만~600만원 + 규정팩 + 감사 온보딩비","AI 에이전트를 도입한 스타트업·중견기업의 보안·개발 책임자","ISMS·보안 컨설턴트, MSP, AI 구축사와 규정 대응 콘텐츠","권한 그래프, 증빙 자동수집, 정책·사고·승인 데이터와 규정 매핑","대기업용 GRC가 존재하므로 중견·스타트업의 AI 에이전트 감사증빙에 집중","AI 기본법·ISMS용 에이전트 사용대장·승인·실행로그·감사 내보내기로 진입","한국 규정팩을 검증한 뒤 EU·싱가포르 규정팩과 데이터 처리 옵션을 추가","규제 판단을 제외하고 사람 승인형 운영 보조로 제한 | 핵심 시스템 연동 전 파일·이메일 입력으로 먼저 검증","규제 판단을 제외하고 사람 승인형 운영 보조로 제한","8~12주 또는 파트너","https://www.getmiren.com/","https://www.sec.gov/Archives/edgar/data/2054521/000205452125000001/0002054521-25-000001-index.html"
"379","비추천","관찰","C","58","direct","Verdethos, Inc.","2025-01-13","ND","Other Technology","기타 기술","1000000","155000","3","조달·물류·공급망","74","15","9","20","11","9","10","14","3~6개월+","Verdethos는 농업 공급망의 공급자·재고·품질·계약·주문·물류 데이터를 거래 파트너와 실시간 공유하고 추적하는 클라우드 협업 플랫폼이다.","Verdethos | Global Supply Chain Collaboration Platform","RFQ·견적·발주·선적 문서가 흩어져 가격·납기·승인 예외를 놓치는 문제","RFQ·견적·발주·선적 문서를 읽고 누락·가격변경·납기 예외를 한 품목군에서 처리","최근 RFQ·견적 100건을 표준화해 누락·가격차·미응답을 찾아주는 유료 업무진단","업체당 월 80만~400만원 + 문서/거래 건수 + 온보딩비","중소 제조·수출기업의 구매·영업·물류 책임자","ERP·관세·물류 파트너, 산업단지와 품목별 직접 영업","거래처별 예외, 품목 매핑, 견적·납기 결과와 승인 데이터","ERP는 강하지만 중소 제조업의 이메일·엑셀 예외 처리는 수작업인 경우가 많음","이메일·엑셀·거래처 품목명을 국내 RFQ·발주 문서 형식에 맞게 처리","한국 수출기업에서 시작해 일본·동남아 공급사 문서와 이메일·WhatsApp으로 확장","규제 판단을 제외하고 사람 승인형 운영 보조로 제한 | 핵심 시스템 연동 전 파일·이메일 입력으로 먼저 검증 | 공식 제품 설명이 짧아 고객 인터뷰 전 제품 범위 확인 필요","규제 판단을 제외하고 사람 승인형 운영 보조로 제한","8~12주 또는 파트너","https://www.verdethos.io/","https://www.sec.gov/Archives/edgar/data/2051699/000205169925000001/0002051699-25-000001-index.html"
"380","조건부","응용","B","65","adjacent","MAULT INC.","2026-04-01","FL","Other Technology","기타 기술","2000000","335000","1","보안·AI 거버넌스","74","16","9","17","13","10","9","13","3~6개월+","Mault는 AI 코딩 에이전트가 만든 코드를 작성부터 병합까지 조직 규칙으로 검사하고, 변경·승인 기록을 감사 증빙으로 남긴다.","Deterministic governance, from keystroke to merge Govern the code your AI writes. Observe and enforce, at scale. Turn your standards into rules your agents can’t bypass, enforced deterministically at write, commit, CI, and merge. Every action runs locally, tied to a signed identity and chain-linked into a record you can prove. Talk To Us Audit-ready Packaged for SOC 2, GDPR, PCI, ISO 27001, and the EU AI Act…","AI·클라우드 도구가 늘면서 권한·정책·사고·감사 증빙을 사람이 연결하기 어려운 문제","전체 보안제품 대신 AI 에이전트·MCP 사용대장, 승인, 권한, 실행로그, 감사증빙 한 흐름에 집중","조직의 AI 도구·에이전트를 2주간 발견하고 위험·권한·감사로그를 정리하는 유료 진단","회사당 월 100만~600만원 + 규정팩 + 감사 온보딩비","AI 에이전트를 도입한 스타트업·중견기업의 보안·개발 책임자","ISMS·보안 컨설턴트, MSP, AI 구축사와 규정 대응 콘텐츠","권한 그래프, 증빙 자동수집, 정책·사고·승인 데이터와 규정 매핑","대기업용 GRC가 존재하므로 중견·스타트업의 AI 에이전트 감사증빙에 집중","AI 기본법·ISMS용 에이전트 사용대장·승인·실행로그·감사 내보내기로 진입","한국 규정팩을 검증한 뒤 EU·싱가포르 규정팩과 데이터 처리 옵션을 추가","원회사는 소프트웨어 전용이 아니므로 AI 업무전환 가설을 추가 검증","원회사는 소프트웨어 전용이 아니므로 AI 업무전환 가설을 추가 검증","8~12주 또는 파트너","https://mault.ai/","https://www.sec.gov/Archives/edgar/data/2125993/000212599326000001/0002125993-26-000001-index.html"
"381","조건부","응용","B","65","direct","LOOPR AI, INC.","2025-08-04","WA","Other Technology","기타 기술","5427868","5427868","18","현장·건설·산업 운영","74","16","7","19","14","8","10","12","3~6개월+","Loopr AI는 제조업체가 AI 기반 검사 워크플로를 통해 시각적 검사를 자동화하고, 감사 준비가 된 증거를 캡처하고, 품질을 개선하도록 돕습니다.","Loopr AI helps manufacturers automate visual inspections, capture audit-ready evidence, and improve quality with AI-powered inspection workflows.","현장 사진·완료서·견적·규정 증빙이 흩어져 청구와 공정 결정이 늦어지는 문제","작업사진·완료서·자재·견적을 청구와 규정 증빙으로 바꾸는 공종 하나의 도구","한 현장의 사진·작업일보를 기성·청구 증빙으로 변환하는 4주 유료 파일럿","업체당 월 70만~350만원 + 현장 수 + 초기 문서설정비","전문건설사·설비사·정비업체의 현장소장과 공무·청구 담당자","공종 협회, 세무·ERP·장비 파트너, 현장 사례 기반 직접 영업","공종별 문서·사진 판정, 청구 결과, 현장 시스템 연동과 예외 규칙","건설 공무·적산·견적 자동화가 인접하므로 전 공종 ERP보다 작업→청구 흐름에 집중","카카오톡 사진·HWP·세금계산서·공종 용어를 연결해 작업 완료→청구 한 공종으로 제한","한국 공종에서 검증한 뒤 일본·호주의 유사 현장 문서와 청구 흐름으로 확장","대기업·공공 조달과 보안심사로 첫 매출이 느릴 수 있음 | 핵심 시스템 연동 전 파일·이메일 입력으로 먼저 검증","대기업·공공 조달과 보안심사로 첫 매출이 느릴 수 있음","8~12주 또는 파트너","https://www.loopr.ai/","https://www.sec.gov/Archives/edgar/data/1930156/000193015625000002/0001930156-25-000002-index.html"
"382","조건부","응용","B","64","direct","Climate Scale Inc.","2025-01-03","CA","Other Technology","기타 기술","","2020000","4","보안·AI 거버넌스","74","17","7","18","13","9","10","14","3~6개월+","기업과 조직이 기후 영향을 평가, 관리 및 완화하는 데 도움이 되는 기후 위험 인텔리전스입니다. 의사결정을 위한 기후 데이터베이스. 데모를 예약하세요.","Climate risk intelligence to help businesses and organizations assess, manage, and mitigate climate impacts. Climate database for decision-making. Book a demo.","AI·클라우드 도구가 늘면서 권한·정책·사고·감사 증빙을 사람이 연결하기 어려운 문제","전체 보안제품 대신 AI 에이전트·MCP 사용대장, 승인, 권한, 실행로그, 감사증빙 한 흐름에 집중","조직의 AI 도구·에이전트를 2주간 발견하고 위험·권한·감사로그를 정리하는 유료 진단","회사당 월 100만~600만원 + 규정팩 + 감사 온보딩비","AI 에이전트를 도입한 스타트업·중견기업의 보안·개발 책임자","ISMS·보안 컨설턴트, MSP, AI 구축사와 규정 대응 콘텐츠","권한 그래프, 증빙 자동수집, 정책·사고·승인 데이터와 규정 매핑","대기업용 GRC가 존재하므로 중견·스타트업의 AI 에이전트 감사증빙에 집중","AI 기본법·ISMS용 에이전트 사용대장·승인·실행로그·감사 내보내기로 진입","한국 규정팩을 검증한 뒤 EU·싱가포르 규정팩과 데이터 처리 옵션을 추가","대기업·공공 조달과 보안심사로 첫 매출이 느릴 수 있음","대기업·공공 조달과 보안심사로 첫 매출이 느릴 수 있음","8~12주 또는 파트너","https://climatescale.com/","https://www.sec.gov/Archives/edgar/data/2050269/000205026925000001/0002050269-25-000001-index.html"
"383","조건부","응용","A","78","adjacent","Healios Integrative Health, LLC","2026-05-20","ME","Other Health Care","기타 헬스케어","5000000","2080000","8","기타 수직 운영","73","16","14","17","12","8","6","19","1~3개월","LifeLynx는 의사부터 직원, 서비스를 제공하는 고객에 이르기까지 모든 주요 이해관계자의 건강 결과를 개선할 수 있도록 진료 관리 방식을 개선하는 숙련된 카이로프랙틱 고객 운영자입니다.","LifeLynx is a skilled operator of chiropractic clients that improves the way practices are managed so that our teams improve the health outcomes for every critical stakeholder: from our doctors, to our staff, to the clients we serve.","특정 업종의 문서·승인·후속조치가 범용 SaaS에 맞지 않아 엑셀과 사람에게 남는 문제","고객이 매주 반복하는 문서·승인·후속조치 한 개를 서비스형 AI 도구로 제공","반복 업무 1주를 측정하고 한 흐름을 4주간 대신 처리하는 유료 파일럿","월 40만~250만원 + 온보딩·운영 대행비","반복 문서·승인·후속조치가 많은 특정 업종의 대표와 운영 책임자","업종 협회·전문가 파트너·창업자의 직접 고객 인터뷰와 유료 파일럿","업종 템플릿, 고객 수정·완료 데이터, 업무 연동과 판매 채널","회사별 유사 사업을 다시 확인하고 범용 도구보다 좁은 업무의 완료율로 차별화","업종 전체보다 지불 의사가 높은 한 업무를 국내 문서·채널에 맞게 제공","한국에서 결과 데이터를 만든 뒤 규제와 업무가 비슷한 한 국가로 확장","원회사는 소프트웨어 전용이 아니므로 AI 업무전환 가설을 추가 검증","원회사는 소프트웨어 전용이 아니므로 AI 업무전환 가설을 추가 검증","8~12주 또는 파트너","https://healiosintegrative.com/","https://www.sec.gov/Archives/edgar/data/2135848/000213584826000001/0002135848-26-000001-index.html"
"384","조건부","응용","B","65","adjacent","Delfina Care Inc.","2025-02-13","CA","Other Technology","기타 기술","17376997","17376997","23","기타 수직 운영","73","16","14","17","12","8","6","10","1~3개월","Delfina에서는 환자와 치료팀 간의 의사소통의 힘을 믿으며 통합된 지식과 향상된 서비스 제공자 치료를 촉진합니다.","At Delfina, we believe in the power of communication between patients and their care teams, facilitating integrated knowledge and improved provider care.","특정 업종의 문서·승인·후속조치가 범용 SaaS에 맞지 않아 엑셀과 사람에게 남는 문제","고객이 매주 반복하는 문서·승인·후속조치 한 개를 서비스형 AI 도구로 제공","반복 업무 1주를 측정하고 한 흐름을 4주간 대신 처리하는 유료 파일럿","월 40만~250만원 + 온보딩·운영 대행비","반복 문서·승인·후속조치가 많은 특정 업종의 대표와 운영 책임자","업종 협회·전문가 파트너·창업자의 직접 고객 인터뷰와 유료 파일럿","업종 템플릿, 고객 수정·완료 데이터, 업무 연동과 판매 채널","회사별 유사 사업을 다시 확인하고 범용 도구보다 좁은 업무의 완료율로 차별화","업종 전체보다 지불 의사가 높은 한 업무를 국내 문서·채널에 맞게 제공","한국에서 결과 데이터를 만든 뒤 규제와 업무가 비슷한 한 국가로 확장","원회사는 소프트웨어 전용이 아니므로 AI 업무전환 가설을 추가 검증","원회사는 소프트웨어 전용이 아니므로 AI 업무전환 가설을 추가 검증","8~12주 또는 파트너","https://www.delfina.com/","https://www.sec.gov/Archives/edgar/data/1858892/000185889225000001/0001858892-25-000001-index.html"
"385","조건부","응용","A","84","direct","Get Sojo, Inc.","2026-02-02","TN","Other Technology","기타 기술","5000000","5000000","4","기타 수직 운영","73","18","13","16","11","8","7","19","1~3개월","휴가용 임대 관리자를 위해 제작된 Sojo의 자동화된 편의시설 자산 관리 소프트웨어를 사용하여 턴일을 덜 힘들게 만드세요.","Make turn days suck less with sojo's automated amenities property management software - built for vacation rental managers.","특정 업종의 문서·승인·후속조치가 범용 SaaS에 맞지 않아 엑셀과 사람에게 남는 문제","고객이 매주 반복하는 문서·승인·후속조치 한 개를 서비스형 AI 도구로 제공","반복 업무 1주를 측정하고 한 흐름을 4주간 대신 처리하는 유료 파일럿","월 40만~250만원 + 온보딩·운영 대행비","반복 문서·승인·후속조치가 많은 특정 업종의 대표와 운영 책임자","업종 협회·전문가 파트너·창업자의 직접 고객 인터뷰와 유료 파일럿","업종 템플릿, 고객 수정·완료 데이터, 업무 연동과 판매 채널","회사별 유사 사업을 다시 확인하고 범용 도구보다 좁은 업무의 완료율로 차별화","업종 전체보다 지불 의사가 높은 한 업무를 국내 문서·채널에 맞게 제공","한국에서 결과 데이터를 만든 뒤 규제와 업무가 비슷한 한 국가로 확장","","공식 제품과 고객 인터뷰로 수요·가격·도입권한을 다시 검증","6~8주 MVP","https://www.getsojo.com/","https://www.sec.gov/Archives/edgar/data/1962155/000196215526000003/0001962155-26-000003-index.html"
"386","조건부","응용","A","78","direct","Barnwell Bio, Inc.","2025-04-25","NY","Other Technology","기타 기술","6099997","6099997","27","기타 수직 운영","73","18","13","16","11","8","7","15","1~3개월","가금류 건강 문제를 조기에 감지하기 위해 환경 샘플을 분석하는 고급 생물감시 플랫폼입니다. 생산자와 수의사를 위한 실행 가능한 데이터입니다.","Advanced biosurveillance platform analyzing environmental samples to detect poultry health issues early. Actionable data for producers and veterinarians.","특정 업종의 문서·승인·후속조치가 범용 SaaS에 맞지 않아 엑셀과 사람에게 남는 문제","고객이 매주 반복하는 문서·승인·후속조치 한 개를 서비스형 AI 도구로 제공","반복 업무 1주를 측정하고 한 흐름을 4주간 대신 처리하는 유료 파일럿","월 40만~250만원 + 온보딩·운영 대행비","반복 문서·승인·후속조치가 많은 특정 업종의 대표와 운영 책임자","업종 협회·전문가 파트너·창업자의 직접 고객 인터뷰와 유료 파일럿","업종 템플릿, 고객 수정·완료 데이터, 업무 연동과 판매 채널","회사별 유사 사업을 다시 확인하고 범용 도구보다 좁은 업무의 완료율로 차별화","업종 전체보다 지불 의사가 높은 한 업무를 국내 문서·채널에 맞게 제공","한국에서 결과 데이터를 만든 뒤 규제와 업무가 비슷한 한 국가로 확장","","공식 제품과 고객 인터뷰로 수요·가격·도입권한을 다시 검증","6~8주 MVP","https://www.barnwellbio.com/","https://www.sec.gov/Archives/edgar/data/2065607/000206560725000001/0002065607-25-000001-index.html"
"387","조건부","응용","B","65","direct","Sola Technologies, Inc.","2025-08-25","GA","Other Technology","기타 기술","8000433","8000433","5","기타 수직 운영","73","18","13","16","11","8","7","12","1~3개월","Sola는 기업이 LLM 및 컴퓨터 비전을 사용하여 데이터 입력, 스크래핑 및 처리 흐름을 쉽게 자동화할 수 있도록 지원하는 에이전트 프로세스 자동화 플랫폼으로, 기존 RPA 도구보다 훨씬 빠르고 적은 노력으로 결과를 제공합니다.","Sola is an agentic process automation platform that makes it easy for companies to automate data entry, scraping, and processing flows using LLMs and computer vision – delivering results much faster and with less effort than traditional RPA tools.","특정 업종의 문서·승인·후속조치가 범용 SaaS에 맞지 않아 엑셀과 사람에게 남는 문제","고객이 매주 반복하는 문서·승인·후속조치 한 개를 서비스형 AI 도구로 제공","반복 업무 1주를 측정하고 한 흐름을 4주간 대신 처리하는 유료 파일럿","월 40만~250만원 + 온보딩·운영 대행비","반복 문서·승인·후속조치가 많은 특정 업종의 대표와 운영 책임자","업종 협회·전문가 파트너·창업자의 직접 고객 인터뷰와 유료 파일럿","업종 템플릿, 고객 수정·완료 데이터, 업무 연동과 판매 채널","회사별 유사 사업을 다시 확인하고 범용 도구보다 좁은 업무의 완료율로 차별화","업종 전체보다 지불 의사가 높은 한 업무를 국내 문서·채널에 맞게 제공","한국에서 결과 데이터를 만든 뒤 규제와 업무가 비슷한 한 국가로 확장","","공식 제품과 고객 인터뷰로 수요·가격·도입권한을 다시 검증","6~8주 MVP","https://www.sola.ai/","https://www.sec.gov/Archives/edgar/data/2083129/000208312925000001/0002083129-25-000001-index.html"
"388","조건부","응용","B","65","direct","Schematic, Inc.","2026-03-25","CO","Other Technology","기타 기술","7909992","7357995","13","기타 수직 운영","73","18","13","16","11","8","7","14","1~3개월","AI 기반 펀드 문서 분석 및 관리 플랫폼입니다. 자동화된 인텔리전스를 통해 투자 펀드 문서를 업로드, 분류 및 분석합니다.","AI-powered fund document analysis and management platform. Upload, classify, and analyze investment fund documents with automated intelligence.","특정 업종의 문서·승인·후속조치가 범용 SaaS에 맞지 않아 엑셀과 사람에게 남는 문제","고객이 매주 반복하는 문서·승인·후속조치 한 개를 서비스형 AI 도구로 제공","반복 업무 1주를 측정하고 한 흐름을 4주간 대신 처리하는 유료 파일럿","월 40만~250만원 + 온보딩·운영 대행비","반복 문서·승인·후속조치가 많은 특정 업종의 대표와 운영 책임자","업종 협회·전문가 파트너·창업자의 직접 고객 인터뷰와 유료 파일럿","업종 템플릿, 고객 수정·완료 데이터, 업무 연동과 판매 채널","회사별 유사 사업을 다시 확인하고 범용 도구보다 좁은 업무의 완료율로 차별화","업종 전체보다 지불 의사가 높은 한 업무를 국내 문서·채널에 맞게 제공","한국에서 결과 데이터를 만든 뒤 규제와 업무가 비슷한 한 국가로 확장","","공식 제품과 고객 인터뷰로 수요·가격·도입권한을 다시 검증","6~8주 MVP","https://www.schematic.com/","https://www.sec.gov/Archives/edgar/data/1978343/000197834326000001/0001978343-26-000001-index.html"
"389","조건부","응용","B","65","direct","Confido Inc.","2025-12-10","WA","Other","기타","4460000","4460000","10","기타 수직 운영","73","18","13","16","11","8","7","14","1~3개월","Confido Health Workspace는 의료기관의 전화 응대와 통화 관리를 AI로 지원하는 플랫폼으로 소개되며 구체 기능은 공식 페이지에서 추가 확인이 필요하다.","Confido Health Workspace - AI-powered call management platform","특정 업종의 문서·승인·후속조치가 범용 SaaS에 맞지 않아 엑셀과 사람에게 남는 문제","고객이 매주 반복하는 문서·승인·후속조치 한 개를 서비스형 AI 도구로 제공","반복 업무 1주를 측정하고 한 흐름을 4주간 대신 처리하는 유료 파일럿","월 40만~250만원 + 온보딩·운영 대행비","반복 문서·승인·후속조치가 많은 특정 업종의 대표와 운영 책임자","업종 협회·전문가 파트너·창업자의 직접 고객 인터뷰와 유료 파일럿","업종 템플릿, 고객 수정·완료 데이터, 업무 연동과 판매 채널","회사별 유사 사업을 다시 확인하고 범용 도구보다 좁은 업무의 완료율로 차별화","업종 전체보다 지불 의사가 높은 한 업무를 국내 문서·채널에 맞게 제공","한국에서 결과 데이터를 만든 뒤 규제와 업무가 비슷한 한 국가로 확장","","공식 제품과 고객 인터뷰로 수요·가격·도입권한을 다시 검증","6~8주 MVP","https://confidohealth.ai/","https://www.sec.gov/Archives/edgar/data/2029111/000202911125000002/0002029111-25-000002-index.html"
"390","조건부","응용","B","65","direct","VALTRION, LLC","2026-04-20","TN","Other Banking and Financial Services","기타","2860000","1215500","4","기타 수직 운영","73","18","13","16","11","8","7","16","1~3개월","Valtrion은 고급 데이터 합성을 활용하여 고위험 의사 결정을 간소화하고 통합되고 우아한 인터페이스를 통해 실행 가능한 통찰력을 제공하는 정교한 엔터프라이즈 인텔리전스 플랫폼입니다.","Valtrion is a sophisticated enterprise intelligence platform that leverages advanced data synthesis to streamline high-stakes decision making, providing actionable insights through a unified, elegant interface.","특정 업종의 문서·승인·후속조치가 범용 SaaS에 맞지 않아 엑셀과 사람에게 남는 문제","고객이 매주 반복하는 문서·승인·후속조치 한 개를 서비스형 AI 도구로 제공","반복 업무 1주를 측정하고 한 흐름을 4주간 대신 처리하는 유료 파일럿","월 40만~250만원 + 온보딩·운영 대행비","반복 문서·승인·후속조치가 많은 특정 업종의 대표와 운영 책임자","업종 협회·전문가 파트너·창업자의 직접 고객 인터뷰와 유료 파일럿","업종 템플릿, 고객 수정·완료 데이터, 업무 연동과 판매 채널","회사별 유사 사업을 다시 확인하고 범용 도구보다 좁은 업무의 완료율로 차별화","업종 전체보다 지불 의사가 높은 한 업무를 국내 문서·채널에 맞게 제공","한국에서 결과 데이터를 만든 뒤 규제와 업무가 비슷한 한 국가로 확장","","공식 제품과 고객 인터뷰로 수요·가격·도입권한을 다시 검증","6~8주 MVP","https://valtrion.ai/login","https://www.sec.gov/Archives/edgar/data/1991066/000199106626000001/0001991066-26-000001-index.html"
"391","조건부","응용","B","65","direct","Hexproof Inc.","2026-02-23","DE","Other Technology","기타 기술","","750000","1","기타 수직 운영","73","18","13","16","11","8","7","13","1~3개월","Hexproof Systems 조직에서 개발한 소프트웨어의 공식 문서 저장소입니다.","The official documentation repository for software developed by the Hexproof Systems organization.","특정 업종의 문서·승인·후속조치가 범용 SaaS에 맞지 않아 엑셀과 사람에게 남는 문제","고객이 매주 반복하는 문서·승인·후속조치 한 개를 서비스형 AI 도구로 제공","반복 업무 1주를 측정하고 한 흐름을 4주간 대신 처리하는 유료 파일럿","월 40만~250만원 + 온보딩·운영 대행비","반복 문서·승인·후속조치가 많은 특정 업종의 대표와 운영 책임자","업종 협회·전문가 파트너·창업자의 직접 고객 인터뷰와 유료 파일럿","업종 템플릿, 고객 수정·완료 데이터, 업무 연동과 판매 채널","회사별 유사 사업을 다시 확인하고 범용 도구보다 좁은 업무의 완료율로 차별화","업종 전체보다 지불 의사가 높은 한 업무를 국내 문서·채널에 맞게 제공","한국에서 결과 데이터를 만든 뒤 규제와 업무가 비슷한 한 국가로 확장","","공식 제품과 고객 인터뷰로 수요·가격·도입권한을 다시 검증","6~8주 MVP","https://hexproof.io/","https://www.sec.gov/Archives/edgar/data/2112811/000211281126000001/0002112811-26-000001-index.html"
"392","조건부","응용","B","65","direct","InQuantum, Inc","2026-04-27","UT","Other Technology","기타 기술","1000000","350000","2","기타 수직 운영","73","18","13","16","11","8","7","16","1~3개월","신뢰할 수 있는 AI 앱을 위한 라우팅 및 모니터링 - 가장 빠르게 성장하는 AI 회사를 뒷받침하는 LLMOps 플랫폼입니다.","Routing and monitoring for reliable AI apps - the LLMOps platform behind the fastest-growing AI companies.","특정 업종의 문서·승인·후속조치가 범용 SaaS에 맞지 않아 엑셀과 사람에게 남는 문제","고객이 매주 반복하는 문서·승인·후속조치 한 개를 서비스형 AI 도구로 제공","반복 업무 1주를 측정하고 한 흐름을 4주간 대신 처리하는 유료 파일럿","월 40만~250만원 + 온보딩·운영 대행비","반복 문서·승인·후속조치가 많은 특정 업종의 대표와 운영 책임자","업종 협회·전문가 파트너·창업자의 직접 고객 인터뷰와 유료 파일럿","업종 템플릿, 고객 수정·완료 데이터, 업무 연동과 판매 채널","회사별 유사 사업을 다시 확인하고 범용 도구보다 좁은 업무의 완료율로 차별화","업종 전체보다 지불 의사가 높은 한 업무를 국내 문서·채널에 맞게 제공","한국에서 결과 데이터를 만든 뒤 규제와 업무가 비슷한 한 국가로 확장","","공식 제품과 고객 인터뷰로 수요·가격·도입권한을 다시 검증","6~8주 MVP","https://www.inquantum.ai/","https://www.sec.gov/Archives/edgar/data/2130578/000213057826000002/0002130578-26-000002-index.html"
"393","조건부","응용","B","65","direct","TwentyThirty Inc.","2025-05-19","DE","Other Technology","기타 기술","","200000","1","기타 수직 운영","73","18","13","16","11","8","7","11","1~3개월","TwentyThirty는 소매·서비스 기업의 고객 문의와 반복 운영업무를 관리하는 고객운영 소프트웨어다.","Customer operations software for retail and service businesses","특정 업종의 문서·승인·후속조치가 범용 SaaS에 맞지 않아 엑셀과 사람에게 남는 문제","고객이 매주 반복하는 문서·승인·후속조치 한 개를 서비스형 AI 도구로 제공","반복 업무 1주를 측정하고 한 흐름을 4주간 대신 처리하는 유료 파일럿","월 40만~250만원 + 온보딩·운영 대행비","반복 문서·승인·후속조치가 많은 특정 업종의 대표와 운영 책임자","업종 협회·전문가 파트너·창업자의 직접 고객 인터뷰와 유료 파일럿","업종 템플릿, 고객 수정·완료 데이터, 업무 연동과 판매 채널","회사별 유사 사업을 다시 확인하고 범용 도구보다 좁은 업무의 완료율로 차별화","업종 전체보다 지불 의사가 높은 한 업무를 국내 문서·채널에 맞게 제공","한국에서 결과 데이터를 만든 뒤 규제와 업무가 비슷한 한 국가로 확장","","공식 제품과 고객 인터뷰로 수요·가격·도입권한을 다시 검증","6~8주 MVP","https://twentythirty.ai/","https://www.sec.gov/Archives/edgar/data/2065154/000206515425000001/0002065154-25-000001-index.html"
"394","조건부","응용","B","65","direct","VETTABLE AI, INC.","2026-03-09","DE","Other Technology","기타 기술","500000","90000","3","기타 수직 운영","73","18","13","16","11","8","7","8","1~3개월","Vetable은 벤처 캐피탈을 위한 AI 실사 플랫폼입니다. 스타트업에 점수를 매기고, 프레젠테이션 자료를 확인하고, 투자자와 매칭하고, 액셀러레이터 집단을 관리하고, 거래 흐름을 자동화하세요. VC, 액셀러레이터, 창립자의 신뢰를 받습니다.","Vettable is the AI due diligence platform for venture capital. Score startups, verify pitch decks, match with investors, manage accelerator cohorts, and automate deal flow. Trusted by VCs, accelerators, and founders.","특정 업종의 문서·승인·후속조치가 범용 SaaS에 맞지 않아 엑셀과 사람에게 남는 문제","고객이 매주 반복하는 문서·승인·후속조치 한 개를 서비스형 AI 도구로 제공","반복 업무 1주를 측정하고 한 흐름을 4주간 대신 처리하는 유료 파일럿","월 40만~250만원 + 온보딩·운영 대행비","반복 문서·승인·후속조치가 많은 특정 업종의 대표와 운영 책임자","업종 협회·전문가 파트너·창업자의 직접 고객 인터뷰와 유료 파일럿","업종 템플릿, 고객 수정·완료 데이터, 업무 연동과 판매 채널","회사별 유사 사업을 다시 확인하고 범용 도구보다 좁은 업무의 완료율로 차별화","업종 전체보다 지불 의사가 높은 한 업무를 국내 문서·채널에 맞게 제공","한국에서 결과 데이터를 만든 뒤 규제와 업무가 비슷한 한 국가로 확장","","공식 제품과 고객 인터뷰로 수요·가격·도입권한을 다시 검증","6~8주 MVP","https://www.getvettable.com/","https://www.sec.gov/Archives/edgar/data/2110850/000181455426000045/0001814554-26-000045-index.html"
"395","조건부","응용","B","65","direct","Workplace AI, Inc.","2025-08-14","MO","Other Technology","기타 기술","255000","50000","1","기타 수직 운영","73","18","13","16","11","8","7","3","1~3개월","중소기업을 위한 AI 프로젝트 관리 소프트웨어. Workplace는 회의와 팀 채팅을 체계적인 프로젝트, 결정, 다음 단계로 전환하여 수동으로 티켓을 업데이트할 필요 없이 항상 최신 상태를 유지합니다. Slack, Zoom, Teams, Google Meet, Gmail, Outlook 및 Google Calendar를 연결합니다.","AI project management software for small businesses. Workplace turns your meetings and team chat into organized projects, decisions, and next steps, always current without anyone manually updating tickets. Connects Slack, Zoom, Teams, Google Meet, Gmail, Outlook, and Google Calendar.","특정 업종의 문서·승인·후속조치가 범용 SaaS에 맞지 않아 엑셀과 사람에게 남는 문제","고객이 매주 반복하는 문서·승인·후속조치 한 개를 서비스형 AI 도구로 제공","반복 업무 1주를 측정하고 한 흐름을 4주간 대신 처리하는 유료 파일럿","월 40만~250만원 + 온보딩·운영 대행비","반복 문서·승인·후속조치가 많은 특정 업종의 대표와 운영 책임자","업종 협회·전문가 파트너·창업자의 직접 고객 인터뷰와 유료 파일럿","업종 템플릿, 고객 수정·완료 데이터, 업무 연동과 판매 채널","회사별 유사 사업을 다시 확인하고 범용 도구보다 좁은 업무의 완료율로 차별화","업종 전체보다 지불 의사가 높은 한 업무를 국내 문서·채널에 맞게 제공","한국에서 결과 데이터를 만든 뒤 규제와 업무가 비슷한 한 국가로 확장","","공식 제품과 고객 인터뷰로 수요·가격·도입권한을 다시 검증","6~8주 MVP","https://workplace.io/","https://www.sec.gov/Archives/edgar/data/2081638/000208163825000001/0002081638-25-000001-index.html"
"396","조건부","응용","B","65","direct","OrahVision Inc.","2025-11-20","NJ","Other Technology","기타 기술","","20000","2","기타 수직 운영","73","18","13","16","11","8","7","6","1~3개월","OrahVision은 저시력자를 위한 디지털 액세스 플랫폼입니다. 자동 문서 재구성, 음성 소리내어 읽기 및 AI 기반 지원.","OrahVision is a digital access platform for people with low vision. Automatic document reconstruction, voice read-aloud, and AI-powered assistance.","특정 업종의 문서·승인·후속조치가 범용 SaaS에 맞지 않아 엑셀과 사람에게 남는 문제","고객이 매주 반복하는 문서·승인·후속조치 한 개를 서비스형 AI 도구로 제공","반복 업무 1주를 측정하고 한 흐름을 4주간 대신 처리하는 유료 파일럿","월 40만~250만원 + 온보딩·운영 대행비","반복 문서·승인·후속조치가 많은 특정 업종의 대표와 운영 책임자","업종 협회·전문가 파트너·창업자의 직접 고객 인터뷰와 유료 파일럿","업종 템플릿, 고객 수정·완료 데이터, 업무 연동과 판매 채널","회사별 유사 사업을 다시 확인하고 범용 도구보다 좁은 업무의 완료율로 차별화","업종 전체보다 지불 의사가 높은 한 업무를 국내 문서·채널에 맞게 제공","한국에서 결과 데이터를 만든 뒤 규제와 업무가 비슷한 한 국가로 확장","","공식 제품과 고객 인터뷰로 수요·가격·도입권한을 다시 검증","6~8주 MVP","https://orahvision.com/","https://www.sec.gov/Archives/edgar/data/2096214/000209621425000001/0002096214-25-000001-index.html"
"397","조건부","응용","B","55","direct","Life Knight, Inc.","2025-11-25","MI","Other Technology","기타 기술","800000","300000","2","기타 수직 운영","73","18","13","16","11","8","7","14","1~3개월","사용자가 요청하기 전에 작동하는 AI 기반 안전입니다. LifeKnight를 사용하여 긴급 상황을 감지하고 도움을 자동으로 전달하세요.","AI-powered safety that acts before you have to ask. Detect emergencies and route help automatically with LifeKnight","특정 업종의 문서·승인·후속조치가 범용 SaaS에 맞지 않아 엑셀과 사람에게 남는 문제","고객이 매주 반복하는 문서·승인·후속조치 한 개를 서비스형 AI 도구로 제공","반복 업무 1주를 측정하고 한 흐름을 4주간 대신 처리하는 유료 파일럿","월 40만~250만원 + 온보딩·운영 대행비","반복 문서·승인·후속조치가 많은 특정 업종의 대표와 운영 책임자","업종 협회·전문가 파트너·창업자의 직접 고객 인터뷰와 유료 파일럿","업종 템플릿, 고객 수정·완료 데이터, 업무 연동과 판매 채널","회사별 유사 사업을 다시 확인하고 범용 도구보다 좁은 업무의 완료율로 차별화","업종 전체보다 지불 의사가 높은 한 업무를 국내 문서·채널에 맞게 제공","한국에서 결과 데이터를 만든 뒤 규제와 업무가 비슷한 한 국가로 확장","","공식 제품과 고객 인터뷰로 수요·가격·도입권한을 다시 검증","6~8주 MVP","https://lifeknight.ai/","https://www.sec.gov/Archives/edgar/data/1977196/000197719625000004/0001977196-25-000004-index.html"
"398","조건부","응용","B","64","adjacent","Paperboy Abstract LLC","2026-06-02","PA","Other","기타","90000","","0","보험 운영","73","16","12","18","13","6","8","5","1~3개월","Premier Title Insurance Agency는 광역 필라델피아에서 최고의 서비스를 제공하는 데 중점을 두었습니다. My Philly Abstract는 고객사의 소유권 보험 요구 사항을 해결하는 데 도움이 될 것입니다.","Premier Title Insurance Agency focused on providing the best service in Greater Philadelphia. My Philly Abstract will help you with your Title Insurance needs.","보험 서류·갱신·담보·청구 예외가 상품과 포털마다 달라 반복 작업이 커지는 문제","보험 판단 대신 서류 접수·증빙 누락·갱신 후속조치처럼 브로커 운영을 자동화","갱신·청구 파일 100건의 누락·미응답을 찾아 우선순위와 후속문안을 제공하는 유료 진단","브로커/지점당 월 80만~400만원 + 처리 건수","GA·보험 브로커·대리점의 운영·갱신·청구 담당자","보험대리점 네트워크, GA 시스템 파트너, 갱신·누락 사례 기반 영업","보험사별 포털·서류·예외, 갱신·완료 결과와 사람 승인 데이터","보험사·GA 솔루션이 존재하므로 자문·심사보다 서류와 갱신 운영으로 제한","보험 판단은 제외하고 서류 접수·증빙 누락·갱신 후속조치에 집중","현지 브로커 파트너 방식으로 한 국가의 포털·문서부터 확장","원회사는 소프트웨어 전용이 아니므로 AI 업무전환 가설을 추가 검증","원회사는 소프트웨어 전용이 아니므로 AI 업무전환 가설을 추가 검증","8~12주 또는 파트너","https://www.paperboyabstract.com/","https://www.sec.gov/Archives/edgar/data/2137456/000213745626000001/0002137456-26-000001-index.html"
"399","조건부","응용","B","65","adjacent","LogRock Inc.","2025-04-02","NC","Insurance","보험","7999995","7999995","6","보험 운영","73","16","11","20","12","6","8","12","3~6개월+","박스 트럭부터 세미 트럭까지 Logrock은 트럭 보험에 빠르게 가입할 수 있도록 도와드립니다! 상업용 트럭 보험에 대한 견적을 비교하고 전문가 컨설팅을 받아보세요.","From box trucks to semis, logrock helps you get truck insurance fast! Compare quotes and receive expert consulting for commercial truck insurance.","보험 서류·갱신·담보·청구 예외가 상품과 포털마다 달라 반복 작업이 커지는 문제","보험 판단 대신 서류 접수·증빙 누락·갱신 후속조치처럼 브로커 운영을 자동화","갱신·청구 파일 100건의 누락·미응답을 찾아 우선순위와 후속문안을 제공하는 유료 진단","브로커/지점당 월 80만~400만원 + 처리 건수","GA·보험 브로커·대리점의 운영·갱신·청구 담당자","보험대리점 네트워크, GA 시스템 파트너, 갱신·누락 사례 기반 영업","보험사별 포털·서류·예외, 갱신·완료 결과와 사람 승인 데이터","보험사·GA 솔루션이 존재하므로 자문·심사보다 서류와 갱신 운영으로 제한","보험 판단은 제외하고 서류 접수·증빙 누락·갱신 후속조치에 집중","현지 브로커 파트너 방식으로 한 국가의 포털·문서부터 확장","원회사는 소프트웨어 전용이 아니므로 AI 업무전환 가설을 추가 검증","원회사는 소프트웨어 전용이 아니므로 AI 업무전환 가설을 추가 검증","8~12주 또는 파트너","https://www.logrock.com/","https://www.sec.gov/Archives/edgar/data/2009499/000200949925000003/0002009499-25-000003-index.html"
"400","조건부","응용","B","69","direct","Monark Markets, Inc.","2026-02-12","NY","Other Banking and Financial Services","기타","8100000","2192500","0","개발도구·데이터","73","18","11","17","8","10","9","13","3~6개월+","Monark는 중개회사, 자산 관리자, 청산 회사가 대체 자산을 기존 제품 스택에 기본적으로 내장할 수 있도록 지원하는 인프라 플랫폼입니다.","Monark is an infrastructure platform that enables brokerages, wealth managers, and clearing firms to embed alternative assets natively into their existing product stacks.","코드·데이터·클라우드 맥락이 파편화돼 개발·분석·AI 배포의 오류와 대기시간이 늘어나는 문제","코드·티켓·문서 맥락, 생성코드 QA, 데이터 품질 중 평가 가능한 한 문제를 해결","고객 저장소·데이터셋 한 곳에서 오류 20건을 재현·분류하는 2주 유료 파일럿","개발자/데이터 사용자당 월 3만~20만원 + 기업 온보딩비","AI 기능을 운영하는 국내외 개발·데이터 팀과 소프트웨어 회사","오픈소스·기술 콘텐츠, 개발자 커뮤니티, 클라우드·SI 파트너","저장소·티켓 연동, 조직별 평가셋, 오류·수정·배포 결과 데이터","글로벌 개발도구와 국내 MSP가 강하므로 특정 평가셋이나 레거시 연동이 필요","한국 레거시·SI 스택의 코드·티켓·문서와 생성코드 QA처럼 현지 맥락이 필요한 문제로 진입","영문 제품과 API를 먼저 제공하고 평가셋·연동팩을 산업별로 확장","규제 판단을 제외하고 사람 승인형 운영 보조로 제한","규제 판단을 제외하고 사람 승인형 운영 보조로 제한","6~8주 MVP","https://monark-markets.com/","https://www.sec.gov/Archives/edgar/data/2005459/000200545926000006/0002005459-26-000006-index.html"
"401","조건부","응용","B","65","direct","Kavia AI, Inc.","2026-05-27","CA","Other Technology","기타 기술","2500000","2000000","9","개발도구·데이터","73","18","11","17","8","10","9","16","3~6개월+","KAVIA AI는 코드 이해, 워크플로 자동화, 아티팩트 생성, 검토 가능한 코드, 저장소 및 환경 전반의 검증을 통해 팀을 연결합니다.","KAVIA AI connects teams through code understanding, workflow automation, artifact generation, reviewable code, and validation across repositories, and environments.","코드·데이터·클라우드 맥락이 파편화돼 개발·분석·AI 배포의 오류와 대기시간이 늘어나는 문제","코드·티켓·문서 맥락, 생성코드 QA, 데이터 품질 중 평가 가능한 한 문제를 해결","고객 저장소·데이터셋 한 곳에서 오류 20건을 재현·분류하는 2주 유료 파일럿","개발자/데이터 사용자당 월 3만~20만원 + 기업 온보딩비","AI 기능을 운영하는 국내외 개발·데이터 팀과 소프트웨어 회사","오픈소스·기술 콘텐츠, 개발자 커뮤니티, 클라우드·SI 파트너","저장소·티켓 연동, 조직별 평가셋, 오류·수정·배포 결과 데이터","글로벌 개발도구와 국내 MSP가 강하므로 특정 평가셋이나 레거시 연동이 필요","한국 레거시·SI 스택의 코드·티켓·문서와 생성코드 QA처럼 현지 맥락이 필요한 문제로 진입","영문 제품과 API를 먼저 제공하고 평가셋·연동팩을 산업별로 확장","규제 판단을 제외하고 사람 승인형 운영 보조로 제한","규제 판단을 제외하고 사람 승인형 운영 보조로 제한","6~8주 MVP","https://kavia.ai/","https://www.sec.gov/Archives/edgar/data/2134925/000213492526000001/0002134925-26-000001-index.html"
"402","조건부","응용","B","65","direct","REACT Software Inc","2026-02-25","SC","Other Technology","기타 기술","250000","75000","2","개발도구·데이터","73","16","11","16","11","10","9","8","3~6개월+","REACT Command 911은 차세대 911 기본 기록 시스템으로, 8~15개의 단편화된 레거시 시스템(CAD, 라디오, 비디오, 센서 피드)을 PSAP, GSOC 및 Federal Response를 위한 단일 운영 인터페이스로 통합하는 AI 기반, 클라우드 기반 플랫폼입니다.","REACT Command 911 is the Next Generation 911 Foundational System of Record — an AI-native, cloud-native platform that consolidates 8–15 fragmented legacy systems (CAD, radio, video, sensor feeds) into a single operational interface for PSAP, GSOC and Federal Response.","코드·데이터·클라우드 맥락이 파편화돼 개발·분석·AI 배포의 오류와 대기시간이 늘어나는 문제","코드·티켓·문서 맥락, 생성코드 QA, 데이터 품질 중 평가 가능한 한 문제를 해결","고객 저장소·데이터셋 한 곳에서 오류 20건을 재현·분류하는 2주 유료 파일럿","개발자/데이터 사용자당 월 3만~20만원 + 기업 온보딩비","AI 기능을 운영하는 국내외 개발·데이터 팀과 소프트웨어 회사","오픈소스·기술 콘텐츠, 개발자 커뮤니티, 클라우드·SI 파트너","저장소·티켓 연동, 조직별 평가셋, 오류·수정·배포 결과 데이터","글로벌 개발도구와 국내 MSP가 강하므로 특정 평가셋이나 레거시 연동이 필요","한국 레거시·SI 스택의 코드·티켓·문서와 생성코드 QA처럼 현지 맥락이 필요한 문제로 진입","영문 제품과 API를 먼저 제공하고 평가셋·연동팩을 산업별로 확장","물리·자본 요소를 제외한 주변 운영 소프트웨어만 참고","물리·자본 요소를 제외한 주변 운영 소프트웨어만 참고","8~12주 또는 파트너","https://www.reactsoftware.ai/","https://www.sec.gov/Archives/edgar/data/2113656/000211365626000001/0002113656-26-000001-index.html"
"403","조건부","응용","B","65","direct","Retinex, Inc.","2025-11-10","TX","Other Technology","기타 기술","1000000","120000","3","의료·돌봄 운영","73","15","10","19","12","7","10","14","3~6개월+","Retinex는 상호 운용성, 구조화된 데이터 및 장기적인 확장성을 통해 임상 및 관리 워크플로우를 지원하는 의료 소프트웨어 플랫폼입니다.","Retinex is a healthcare software platform supporting clinical and administrative workflows with interoperability, structured data, and long-term scalability.","의료·돌봄 인력이 기록·예약·안내·사후관리 같은 행정업무에 시간을 빼앗기는 문제","진단 대신 예약·기록 정리·환자 안내·사후관리 중 한 흐름을 한 진료과에 맞춰 자동화","직원 업무 1주를 측정하고 반복 안내·기록 한 흐름을 4주간 자동화하는 유료 파일럿","기관당 월 50만~300만원 + 처리 건수 + 초기 연동비","한 진료과의 병·의원, 돌봄기관, 동물병원 운영 책임자","진료과 협회·EMR/PIMS 파트너·원장 커뮤니티와 소개 영업","진료과별 비임상 워크플로, 시스템 연동, 사람 수정·완료 결과 데이터","국내 EMR·예약·환자관리 사업자가 많아 진료과별 비임상 운영 웨지가 필요","개인정보를 최소 수집하고 진단을 제외한 예약·안내·재방문 흐름부터 시작","국내 한 진료과에서 결과를 만든 뒤 일본·싱가포르의 유사 비임상 업무로 확장","핵심 시스템 연동 전 파일·이메일 입력으로 먼저 검증","핵심 시스템 연동 전 파일·이메일 입력으로 먼저 검증","8~12주 또는 파트너","https://retinex.ai/","https://www.sec.gov/Archives/edgar/data/2093569/000209356925000001/0002093569-25-000001-index.html"
"404","조건부","응용","B","65","adjacent","ObscureCore, Inc.","2026-04-23","NV","Other Technology","기타 기술","","200000","1","보안·AI 거버넌스","73","16","9","17","13","9","9","13","3~6개월+","고유한 네트워크 보안 솔루션의 소스인 ObscureCore에 오신 것을 환영합니다.","Welcome to ObscureCore, your source for unique network security solutions.","AI·클라우드 도구가 늘면서 권한·정책·사고·감사 증빙을 사람이 연결하기 어려운 문제","전체 보안제품 대신 AI 에이전트·MCP 사용대장, 승인, 권한, 실행로그, 감사증빙 한 흐름에 집중","조직의 AI 도구·에이전트를 2주간 발견하고 위험·권한·감사로그를 정리하는 유료 진단","회사당 월 100만~600만원 + 규정팩 + 감사 온보딩비","AI 에이전트를 도입한 스타트업·중견기업의 보안·개발 책임자","ISMS·보안 컨설턴트, MSP, AI 구축사와 규정 대응 콘텐츠","권한 그래프, 증빙 자동수집, 정책·사고·승인 데이터와 규정 매핑","대기업용 GRC가 존재하므로 중견·스타트업의 AI 에이전트 감사증빙에 집중","AI 기본법·ISMS용 에이전트 사용대장·승인·실행로그·감사 내보내기로 진입","한국 규정팩을 검증한 뒤 EU·싱가포르 규정팩과 데이터 처리 옵션을 추가","원회사는 소프트웨어 전용이 아니므로 AI 업무전환 가설을 추가 검증","원회사는 소프트웨어 전용이 아니므로 AI 업무전환 가설을 추가 검증","8~12주 또는 파트너","https://obscurecore.com/","https://www.sec.gov/Archives/edgar/data/2131193/000213119326000001/0002131193-26-000001-index.html"
"405","조건부","응용","B","65","adjacent","TrustWise Inc","2026-02-27","TX","Other Technology","기타 기술","13133615","12133617","28","보안·AI 거버넌스","73","14","8","19","13","10","9","14","3~6개월+","TrustWise는 AI 에이전트가 행동하기 전에 권한·위험·규정 정책을 적용하고 모든 결정을 감사 가능한 기록으로 남기는 런타임 제어 플랫폼이다.","AI runtime control plane Control every AI action before it happens. Trustwise AI Control Tower turns autonomous AI into controlled AI. Across every cloud, model, framework, and toolchain, it applies policy before execution, controls agent behavior at runtime, and creates audit-grade evidence for every decision. A control layer between intent and execution. Talk to our team Control every action before execution…","AI·클라우드 도구가 늘면서 권한·정책·사고·감사 증빙을 사람이 연결하기 어려운 문제","전체 보안제품 대신 AI 에이전트·MCP 사용대장, 승인, 권한, 실행로그, 감사증빙 한 흐름에 집중","조직의 AI 도구·에이전트를 2주간 발견하고 위험·권한·감사로그를 정리하는 유료 진단","회사당 월 100만~600만원 + 규정팩 + 감사 온보딩비","AI 에이전트를 도입한 스타트업·중견기업의 보안·개발 책임자","ISMS·보안 컨설턴트, MSP, AI 구축사와 규정 대응 콘텐츠","권한 그래프, 증빙 자동수집, 정책·사고·승인 데이터와 규정 매핑","대기업용 GRC가 존재하므로 중견·스타트업의 AI 에이전트 감사증빙에 집중","AI 기본법·ISMS용 에이전트 사용대장·승인·실행로그·감사 내보내기로 진입","한국 규정팩을 검증한 뒤 EU·싱가포르 규정팩과 데이터 처리 옵션을 추가","범용 플랫폼 전체가 아니라 한 업무와 한 구매자만 선택 | 원회사는 소프트웨어 전용이 아니므로 AI 업무전환 가설을 추가 검증","범용 플랫폼 전체가 아니라 한 업무와 한 구매자만 선택","8~12주 또는 파트너","https://trustwise.ai/","https://www.sec.gov/Archives/edgar/data/2111787/000211178726000001/0002111787-26-000001-index.html"
"406","조건부","응용","B","73","adjacent","Neighbor Serve, Inc.","2026-05-08","IN","Business Services","기업 서비스","1500000","656954","9","기타 수직 운영","72","16","14","17","12","7","6","16","1~3개월","이웃 봉사: 고객사의 집, 관리형 - 이웃 봉사. 인디애나폴리스의 집을 관리하는 스마트한 방법 튜닝부터 꿈의 주방까지, Neighbor Serve는 신뢰할 수 있는 홈 서비스를 제공하는 이웃과 검증된 현지 계약업체의 커뮤니티입니다. 고객사의 계획 선물 찾기 Neighbor Serve Indy's Home Service Club 우리는 지역 홈 서비스 전문가 중 상위 5%와 직접 연결되어 있습니다. — 누가 [...]","The smart way to care for your Indianapolis home From tune-ups to your dream kitchen, Neighbor Serve is a community of neighbors and vetted local contractors for trusted home service. Find Your Plan Gift Neighbor Serve Indy’s Home Service Club We’re your direct line to the top 5% of local home service pros — who [ ]","특정 업종의 문서·승인·후속조치가 범용 SaaS에 맞지 않아 엑셀과 사람에게 남는 문제","고객이 매주 반복하는 문서·승인·후속조치 한 개를 서비스형 AI 도구로 제공","반복 업무 1주를 측정하고 한 흐름을 4주간 대신 처리하는 유료 파일럿","월 40만~250만원 + 온보딩·운영 대행비","반복 문서·승인·후속조치가 많은 특정 업종의 대표와 운영 책임자","업종 협회·전문가 파트너·창업자의 직접 고객 인터뷰와 유료 파일럿","업종 템플릿, 고객 수정·완료 데이터, 업무 연동과 판매 채널","회사별 유사 사업을 다시 확인하고 범용 도구보다 좁은 업무의 완료율로 차별화","업종 전체보다 지불 의사가 높은 한 업무를 국내 문서·채널에 맞게 제공","한국에서 결과 데이터를 만든 뒤 규제와 업무가 비슷한 한 국가로 확장","원회사는 소프트웨어 전용이 아니므로 AI 업무전환 가설을 추가 검증","원회사는 소프트웨어 전용이 아니므로 AI 업무전환 가설을 추가 검증","8~12주 또는 파트너","https://neighborserve.com/","https://www.sec.gov/Archives/edgar/data/2017558/000201755826000002/0002017558-26-000002-index.html"
"407","조건부","응용","A","78","direct","Moat Metrics, Inc.","2025-09-04","WA","Other Technology","기타 기술","5000000","650000","2","기타 수직 운영","72","18","13","16","11","7","7","17","1~3개월","MICS 경쟁 인텔리전스 프레임워크를 통해 AI 에이전트를 전략적 연구 파트너로 전환하세요. 포괄적인 비즈니스 통찰력, 특허 분석 및 경쟁 환경 매핑을 얻으십시오.","Transform your AI agents into strategic research partners with MICS competitive intelligence framework. Get comprehensive business insights, patent analysis, and competitive landscape mapping.","특정 업종의 문서·승인·후속조치가 범용 SaaS에 맞지 않아 엑셀과 사람에게 남는 문제","고객이 매주 반복하는 문서·승인·후속조치 한 개를 서비스형 AI 도구로 제공","반복 업무 1주를 측정하고 한 흐름을 4주간 대신 처리하는 유료 파일럿","월 40만~250만원 + 온보딩·운영 대행비","반복 문서·승인·후속조치가 많은 특정 업종의 대표와 운영 책임자","업종 협회·전문가 파트너·창업자의 직접 고객 인터뷰와 유료 파일럿","업종 템플릿, 고객 수정·완료 데이터, 업무 연동과 판매 채널","회사별 유사 사업을 다시 확인하고 범용 도구보다 좁은 업무의 완료율로 차별화","업종 전체보다 지불 의사가 높은 한 업무를 국내 문서·채널에 맞게 제공","한국에서 결과 데이터를 만든 뒤 규제와 업무가 비슷한 한 국가로 확장","","공식 제품과 고객 인터뷰로 수요·가격·도입권한을 다시 검증","6~8주 MVP","https://moatmetrics.com/","https://www.sec.gov/Archives/edgar/data/2053310/000205331025000003/0002053310-25-000003-index.html"
"408","조건부","응용","A","78","direct","Adaptive Logic Inc.","2026-06-15","WA","Other Technology","기타 기술","250000","30000","1","기타 수직 운영","72","18","13","16","11","7","7","8","1~3개월","우리는 팀이 의사결정을 내리는 방식을 변화시키는 지능형 도구를 구축합니다. 우리의 AI 기반 플랫폼은 최첨단 기술과 인지 과학의 통찰력을 결합합니다.","We build intelligent tools that transform how teams make decisions. Our AI-powered platforms combine cutting-edge technology with insights from cognitive science.","특정 업종의 문서·승인·후속조치가 범용 SaaS에 맞지 않아 엑셀과 사람에게 남는 문제","고객이 매주 반복하는 문서·승인·후속조치 한 개를 서비스형 AI 도구로 제공","반복 업무 1주를 측정하고 한 흐름을 4주간 대신 처리하는 유료 파일럿","월 40만~250만원 + 온보딩·운영 대행비","반복 문서·승인·후속조치가 많은 특정 업종의 대표와 운영 책임자","업종 협회·전문가 파트너·창업자의 직접 고객 인터뷰와 유료 파일럿","업종 템플릿, 고객 수정·완료 데이터, 업무 연동과 판매 채널","회사별 유사 사업을 다시 확인하고 범용 도구보다 좁은 업무의 완료율로 차별화","업종 전체보다 지불 의사가 높은 한 업무를 국내 문서·채널에 맞게 제공","한국에서 결과 데이터를 만든 뒤 규제와 업무가 비슷한 한 국가로 확장","","공식 제품과 고객 인터뷰로 수요·가격·도입권한을 다시 검증","6~8주 MVP","https://adaptivelogic.ai/","https://www.sec.gov/Archives/edgar/data/2140325/000091228226000827/0000912282-26-000827-index.html"
"409","조건부","응용","B","65","direct","Equatic Inc.","2025-09-10","CA","Other Technology","기타 기술","21186434","17786436","7","기타 수직 운영","72","18","13","16","11","7","7","10","1~3개월","Equatic으로 수동 UAT를 자동화하세요. 상담원이 제품 의도를 릴리스 증거로 전환하면 팀이 최종 결정을 내립니다.","Automate manual UAT with Equatic. Agents turn product intent into release evidence, your team makes the final call.","특정 업종의 문서·승인·후속조치가 범용 SaaS에 맞지 않아 엑셀과 사람에게 남는 문제","고객이 매주 반복하는 문서·승인·후속조치 한 개를 서비스형 AI 도구로 제공","반복 업무 1주를 측정하고 한 흐름을 4주간 대신 처리하는 유료 파일럿","월 40만~250만원 + 온보딩·운영 대행비","반복 문서·승인·후속조치가 많은 특정 업종의 대표와 운영 책임자","업종 협회·전문가 파트너·창업자의 직접 고객 인터뷰와 유료 파일럿","업종 템플릿, 고객 수정·완료 데이터, 업무 연동과 판매 채널","회사별 유사 사업을 다시 확인하고 범용 도구보다 좁은 업무의 완료율로 차별화","업종 전체보다 지불 의사가 높은 한 업무를 국내 문서·채널에 맞게 제공","한국에서 결과 데이터를 만든 뒤 규제와 업무가 비슷한 한 국가로 확장","","공식 제품과 고객 인터뷰로 수요·가격·도입권한을 다시 검증","6~8주 MVP","https://equatic.ai/","https://www.sec.gov/Archives/edgar/data/2085549/000208554925000001/0002085549-25-000001-index.html"
"410","조건부","응용","B","65","direct","Bondway Corp","2025-05-02","NY","Other Technology","기타 기술","6494777","6394777","17","기타 수직 운영","72","18","13","16","11","7","7","12","1~3개월","거래자, 은행가, 투자자를 위한 AI 기반 채권 시장 인텔리전스입니다. 거래 아이디어를 찾고, 새로운 이슈를 분석하고, 실시간으로 정확하게 가격을 책정하세요.","AI-powered bond market intelligence for traders, bankers, and investors. Find trade ideas, analyze new issues, and price with precision in real time.","특정 업종의 문서·승인·후속조치가 범용 SaaS에 맞지 않아 엑셀과 사람에게 남는 문제","고객이 매주 반복하는 문서·승인·후속조치 한 개를 서비스형 AI 도구로 제공","반복 업무 1주를 측정하고 한 흐름을 4주간 대신 처리하는 유료 파일럿","월 40만~250만원 + 온보딩·운영 대행비","반복 문서·승인·후속조치가 많은 특정 업종의 대표와 운영 책임자","업종 협회·전문가 파트너·창업자의 직접 고객 인터뷰와 유료 파일럿","업종 템플릿, 고객 수정·완료 데이터, 업무 연동과 판매 채널","회사별 유사 사업을 다시 확인하고 범용 도구보다 좁은 업무의 완료율로 차별화","업종 전체보다 지불 의사가 높은 한 업무를 국내 문서·채널에 맞게 제공","한국에서 결과 데이터를 만든 뒤 규제와 업무가 비슷한 한 국가로 확장","","공식 제품과 고객 인터뷰로 수요·가격·도입권한을 다시 검증","6~8주 MVP","https://bondway.ai/","https://www.sec.gov/Archives/edgar/data/2066320/000164117225008277/0001641172-25-008277-index.html"
"411","조건부","응용","B","65","direct","Hugo & Co., LLC","2026-04-22","MA","Other","기타","5000000","2700000","21","기타 수직 운영","72","18","13","16","11","7","7","16","1~3개월","Hugo는 티켓을 더 빠르게 해결하고, 반복적인 작업을 자동화하며, 고객에게 연중무휴 24시간 서비스를 제공하는 AI 기반 지원 에이전트입니다.","Hugo is an AI-powered support agent that resolves tickets faster, automates repetitive tasks, and serves your customers 24/7.","특정 업종의 문서·승인·후속조치가 범용 SaaS에 맞지 않아 엑셀과 사람에게 남는 문제","고객이 매주 반복하는 문서·승인·후속조치 한 개를 서비스형 AI 도구로 제공","반복 업무 1주를 측정하고 한 흐름을 4주간 대신 처리하는 유료 파일럿","월 40만~250만원 + 온보딩·운영 대행비","반복 문서·승인·후속조치가 많은 특정 업종의 대표와 운영 책임자","업종 협회·전문가 파트너·창업자의 직접 고객 인터뷰와 유료 파일럿","업종 템플릿, 고객 수정·완료 데이터, 업무 연동과 판매 채널","회사별 유사 사업을 다시 확인하고 범용 도구보다 좁은 업무의 완료율로 차별화","업종 전체보다 지불 의사가 높은 한 업무를 국내 문서·채널에 맞게 제공","한국에서 결과 데이터를 만든 뒤 규제와 업무가 비슷한 한 국가로 확장","","공식 제품과 고객 인터뷰로 수요·가격·도입권한을 다시 검증","6~8주 MVP","https://hugo.ai/en/","https://www.sec.gov/Archives/edgar/data/2126548/000212654826000001/0002126548-26-000001-index.html"
"412","조건부","응용","B","65","direct","Paratus AI, Inc.","2025-06-16","CA","Other Technology","기타 기술","2800000","2450000","1","기타 수직 운영","72","18","13","16","11","7","7","11","1~3개월","Paratus는 OTC 회사의 10-Q 서류 제출을 자동화합니다. 시산표를 업로드하고, 계정을 자동으로 매핑하고, 재무 정보를 확인하고, SEC 규격 문서를 내보냅니다.","Paratus automates 10-Q filings for OTC companies. Upload your trial balance, map accounts automatically, validate financials, and export SEC-compliant documents.","특정 업종의 문서·승인·후속조치가 범용 SaaS에 맞지 않아 엑셀과 사람에게 남는 문제","고객이 매주 반복하는 문서·승인·후속조치 한 개를 서비스형 AI 도구로 제공","반복 업무 1주를 측정하고 한 흐름을 4주간 대신 처리하는 유료 파일럿","월 40만~250만원 + 온보딩·운영 대행비","반복 문서·승인·후속조치가 많은 특정 업종의 대표와 운영 책임자","업종 협회·전문가 파트너·창업자의 직접 고객 인터뷰와 유료 파일럿","업종 템플릿, 고객 수정·완료 데이터, 업무 연동과 판매 채널","회사별 유사 사업을 다시 확인하고 범용 도구보다 좁은 업무의 완료율로 차별화","업종 전체보다 지불 의사가 높은 한 업무를 국내 문서·채널에 맞게 제공","한국에서 결과 데이터를 만든 뒤 규제와 업무가 비슷한 한 국가로 확장","","공식 제품과 고객 인터뷰로 수요·가격·도입권한을 다시 검증","6~8주 MVP","https://tryparatus.com/","https://www.sec.gov/Archives/edgar/data/2073234/000207323425000002/0002073234-25-000002-index.html"
"413","조건부","응용","B","65","direct","Avants, Inc.","2025-05-19","WA","Other Technology","기타 기술","1500000","1249994","7","기타 수직 운영","72","18","13","16","11","7","7","14","1~3개월","KR3 이력서 분석기 - Avants AI의 AI 기반 이력서 분석 및 채용 매칭 도구","KR3 Resume Analyzer - AI-powered resume analysis and job matching tool by Avants AI","특정 업종의 문서·승인·후속조치가 범용 SaaS에 맞지 않아 엑셀과 사람에게 남는 문제","고객이 매주 반복하는 문서·승인·후속조치 한 개를 서비스형 AI 도구로 제공","반복 업무 1주를 측정하고 한 흐름을 4주간 대신 처리하는 유료 파일럿","월 40만~250만원 + 온보딩·운영 대행비","반복 문서·승인·후속조치가 많은 특정 업종의 대표와 운영 책임자","업종 협회·전문가 파트너·창업자의 직접 고객 인터뷰와 유료 파일럿","업종 템플릿, 고객 수정·완료 데이터, 업무 연동과 판매 채널","회사별 유사 사업을 다시 확인하고 범용 도구보다 좁은 업무의 완료율로 차별화","업종 전체보다 지불 의사가 높은 한 업무를 국내 문서·채널에 맞게 제공","한국에서 결과 데이터를 만든 뒤 규제와 업무가 비슷한 한 국가로 확장","","공식 제품과 고객 인터뷰로 수요·가격·도입권한을 다시 검증","6~8주 MVP","https://avants.ai/","https://www.sec.gov/Archives/edgar/data/1887763/000188776325000002/0001887763-25-000002-index.html"
"414","조건부","응용","B","65","direct","TODAIYO, INC.","2025-10-22","MA","Other","기타","500000","50000","2","기타 수직 운영","72","18","13","16","11","7","7","6","1~3개월","Todaiyo는 주택 소유자, 부동산 중개인 및 부동산 관리자가 주택 문제를 진단하고, 개조 공사를 시각화하고, 부동산 기록을 정리하고, AI 기반 안내를 통해 프로젝트를 계획할 수 있도록 돕습니다.","Todaiyo helps homeowners, realtors, and property managers diagnose home issues, visualize renovations, organize property records, and plan projects with AI-powered guidance.","특정 업종의 문서·승인·후속조치가 범용 SaaS에 맞지 않아 엑셀과 사람에게 남는 문제","고객이 매주 반복하는 문서·승인·후속조치 한 개를 서비스형 AI 도구로 제공","반복 업무 1주를 측정하고 한 흐름을 4주간 대신 처리하는 유료 파일럿","월 40만~250만원 + 온보딩·운영 대행비","반복 문서·승인·후속조치가 많은 특정 업종의 대표와 운영 책임자","업종 협회·전문가 파트너·창업자의 직접 고객 인터뷰와 유료 파일럿","업종 템플릿, 고객 수정·완료 데이터, 업무 연동과 판매 채널","회사별 유사 사업을 다시 확인하고 범용 도구보다 좁은 업무의 완료율로 차별화","업종 전체보다 지불 의사가 높은 한 업무를 국내 문서·채널에 맞게 제공","한국에서 결과 데이터를 만든 뒤 규제와 업무가 비슷한 한 국가로 확장","","공식 제품과 고객 인터뷰로 수요·가격·도입권한을 다시 검증","6~8주 MVP","https://todaiyo.ai/","https://www.sec.gov/Archives/edgar/data/2090227/000209022725000001/0002090227-25-000001-index.html"
"415","조건부","응용","B","65","direct","CarePaladin Inc.","2026-05-27","CA","Other Technology","기타 기술","","25000","1","기타 수직 운영","72","18","13","16","11","7","7","5","1~3개월","환자가 자신감 있고 정보에 입각한 수술 결정을 내릴 수 있도록 AI 기반 안내를 제공합니다.","AI-powered guidance to help patients make confident, informed surgical decisions.","특정 업종의 문서·승인·후속조치가 범용 SaaS에 맞지 않아 엑셀과 사람에게 남는 문제","고객이 매주 반복하는 문서·승인·후속조치 한 개를 서비스형 AI 도구로 제공","반복 업무 1주를 측정하고 한 흐름을 4주간 대신 처리하는 유료 파일럿","월 40만~250만원 + 온보딩·운영 대행비","반복 문서·승인·후속조치가 많은 특정 업종의 대표와 운영 책임자","업종 협회·전문가 파트너·창업자의 직접 고객 인터뷰와 유료 파일럿","업종 템플릿, 고객 수정·완료 데이터, 업무 연동과 판매 채널","회사별 유사 사업을 다시 확인하고 범용 도구보다 좁은 업무의 완료율로 차별화","업종 전체보다 지불 의사가 높은 한 업무를 국내 문서·채널에 맞게 제공","한국에서 결과 데이터를 만든 뒤 규제와 업무가 비슷한 한 국가로 확장","","공식 제품과 고객 인터뷰로 수요·가격·도입권한을 다시 검증","6~8주 MVP","https://carepaladin.ai/","https://www.sec.gov/Archives/edgar/data/2136153/000213615326000001/0002136153-26-000001-index.html"
"416","조건부","응용","B","65","direct","Paivana Inc.","2026-01-09","DE","Other","기타","1500","1500","2","기타 수직 운영","72","18","13","16","11","7","7","8","1~3개월","PAIVANA는 AI 에이전트, 기계 및 인간을 위한 안전한 무ID 디지털 현금 결제를 통해 3~5조 달러 규모의 Agentic Commerce를 지원합니다.","PAIVANA enables $3-5T Agentic Commerce with secure, no-ID digital cash payments for AI agents, machines, and humans.","특정 업종의 문서·승인·후속조치가 범용 SaaS에 맞지 않아 엑셀과 사람에게 남는 문제","고객이 매주 반복하는 문서·승인·후속조치 한 개를 서비스형 AI 도구로 제공","반복 업무 1주를 측정하고 한 흐름을 4주간 대신 처리하는 유료 파일럿","월 40만~250만원 + 온보딩·운영 대행비","반복 문서·승인·후속조치가 많은 특정 업종의 대표와 운영 책임자","업종 협회·전문가 파트너·창업자의 직접 고객 인터뷰와 유료 파일럿","업종 템플릿, 고객 수정·완료 데이터, 업무 연동과 판매 채널","회사별 유사 사업을 다시 확인하고 범용 도구보다 좁은 업무의 완료율로 차별화","업종 전체보다 지불 의사가 높은 한 업무를 국내 문서·채널에 맞게 제공","한국에서 결과 데이터를 만든 뒤 규제와 업무가 비슷한 한 국가로 확장","","공식 제품과 고객 인터뷰로 수요·가격·도입권한을 다시 검증","6~8주 MVP","https://paivana.ai/","https://www.sec.gov/Archives/edgar/data/2097398/000209739826000001/0002097398-26-000001-index.html"
"417","조건부","응용","B","65","direct","ContractClarify LLC","2025-07-02","PA","Other Technology","기타 기술","500000","","0","기타 수직 운영","72","18","13","16","11","7","7","3","1~3개월","계약서를 업로드하고 주요 용어, 의무 및 위험에 대한 명확하고 간결한 분석을 몇 초 만에 받아보세요.","Upload your contracts and get clear, concise breakdowns of key terms, obligations, and risks in seconds.","특정 업종의 문서·승인·후속조치가 범용 SaaS에 맞지 않아 엑셀과 사람에게 남는 문제","고객이 매주 반복하는 문서·승인·후속조치 한 개를 서비스형 AI 도구로 제공","반복 업무 1주를 측정하고 한 흐름을 4주간 대신 처리하는 유료 파일럿","월 40만~250만원 + 온보딩·운영 대행비","반복 문서·승인·후속조치가 많은 특정 업종의 대표와 운영 책임자","업종 협회·전문가 파트너·창업자의 직접 고객 인터뷰와 유료 파일럿","업종 템플릿, 고객 수정·완료 데이터, 업무 연동과 판매 채널","회사별 유사 사업을 다시 확인하고 범용 도구보다 좁은 업무의 완료율로 차별화","업종 전체보다 지불 의사가 높은 한 업무를 국내 문서·채널에 맞게 제공","한국에서 결과 데이터를 만든 뒤 규제와 업무가 비슷한 한 국가로 확장","","공식 제품과 고객 인터뷰로 수요·가격·도입권한을 다시 검증","6~8주 MVP","https://contractclarify.ai/","https://www.sec.gov/Archives/edgar/data/2075268/000207526825000001/0002075268-25-000001-index.html"
"418","조건부","응용","A","78","direct","Flight Science, Inc.","2025-12-19","CA","Other Technology","기타 기술","5500000","5500000","8","기타 수직 운영","72","16","12","18","11","8","7","15","1~3개월","난기류 감소 30%, 비행당 평균 연료 절약 $43, 경고 응답 시간 4초를 달성할 수 있다.","Achieve 30% turbulence reduction, $43 average fuel savings per flight, and 4s alert response times.","특정 업종의 문서·승인·후속조치가 범용 SaaS에 맞지 않아 엑셀과 사람에게 남는 문제","고객이 매주 반복하는 문서·승인·후속조치 한 개를 서비스형 AI 도구로 제공","반복 업무 1주를 측정하고 한 흐름을 4주간 대신 처리하는 유료 파일럿","월 40만~250만원 + 온보딩·운영 대행비","반복 문서·승인·후속조치가 많은 특정 업종의 대표와 운영 책임자","업종 협회·전문가 파트너·창업자의 직접 고객 인터뷰와 유료 파일럿","업종 템플릿, 고객 수정·완료 데이터, 업무 연동과 판매 채널","회사별 유사 사업을 다시 확인하고 범용 도구보다 좁은 업무의 완료율로 차별화","업종 전체보다 지불 의사가 높은 한 업무를 국내 문서·채널에 맞게 제공","한국에서 결과 데이터를 만든 뒤 규제와 업무가 비슷한 한 국가로 확장","범용 플랫폼 전체가 아니라 한 업무와 한 구매자만 선택","범용 플랫폼 전체가 아니라 한 업무와 한 구매자만 선택","8~12주 또는 파트너","https://flightscience.ai/","https://www.sec.gov/Archives/edgar/data/2045657/000204565725000003/0002045657-25-000003-index.html"
"419","조건부","응용","B","65","adjacent","PulManage, Inc.","2025-10-29","DE","Other Technology","기타 기술","500000","350000","2","의료·돌봄 운영","72","15","12","18","13","7","7","14","1~3개월","Home™의 호흡기 데이터. 의료 서비스에 대한 환자 경험은 방문 사이에 이루어집니다. PulManage는 치료를 극대화하기 위해 그들을 공급자와 연결합니다.","Respiratory Data From Home™. The patient experience of healthcare takes place in-between visits. PulManage connects them to their provider to maximize care.","의료·돌봄 인력이 기록·예약·안내·사후관리 같은 행정업무에 시간을 빼앗기는 문제","진단 대신 예약·기록 정리·환자 안내·사후관리 중 한 흐름을 한 진료과에 맞춰 자동화","직원 업무 1주를 측정하고 반복 안내·기록 한 흐름을 4주간 자동화하는 유료 파일럿","기관당 월 50만~300만원 + 처리 건수 + 초기 연동비","한 진료과의 병·의원, 돌봄기관, 동물병원 운영 책임자","진료과 협회·EMR/PIMS 파트너·원장 커뮤니티와 소개 영업","진료과별 비임상 워크플로, 시스템 연동, 사람 수정·완료 결과 데이터","국내 EMR·예약·환자관리 사업자가 많아 진료과별 비임상 운영 웨지가 필요","개인정보를 최소 수집하고 진단을 제외한 예약·안내·재방문 흐름부터 시작","국내 한 진료과에서 결과를 만든 뒤 일본·싱가포르의 유사 비임상 업무로 확장","원회사는 소프트웨어 전용이 아니므로 AI 업무전환 가설을 추가 검증","원회사는 소프트웨어 전용이 아니므로 AI 업무전환 가설을 추가 검증","8~12주 또는 파트너","https://pulmanage.com/","https://www.sec.gov/Archives/edgar/data/2094204/000209420425000001/0002094204-25-000001-index.html"
"420","조건부","응용","B","65","direct","InScope Tech, Inc.","2026-02-11","CA","Other Technology","기타 기술","15000000","14454987","14","기타 수직 운영","72","16","12","18","11","8","7","14","1~3개월","컨설턴트를 위한 올인원 프로젝트 관리 소프트웨어입니다. InScope를 사용하여 예산을 추적하고, 워크플로를 관리하고, 프로젝트 가시성을 개선하세요.","All-in-one project management software for consultants. Track budgets, manage workflows, and improve project visibility with InScope.","특정 업종의 문서·승인·후속조치가 범용 SaaS에 맞지 않아 엑셀과 사람에게 남는 문제","고객이 매주 반복하는 문서·승인·후속조치 한 개를 서비스형 AI 도구로 제공","반복 업무 1주를 측정하고 한 흐름을 4주간 대신 처리하는 유료 파일럿","월 40만~250만원 + 온보딩·운영 대행비","반복 문서·승인·후속조치가 많은 특정 업종의 대표와 운영 책임자","업종 협회·전문가 파트너·창업자의 직접 고객 인터뷰와 유료 파일럿","업종 템플릿, 고객 수정·완료 데이터, 업무 연동과 판매 채널","회사별 유사 사업을 다시 확인하고 범용 도구보다 좁은 업무의 완료율로 차별화","업종 전체보다 지불 의사가 높은 한 업무를 국내 문서·채널에 맞게 제공","한국에서 결과 데이터를 만든 뒤 규제와 업무가 비슷한 한 국가로 확장","범용 플랫폼 전체가 아니라 한 업무와 한 구매자만 선택","범용 플랫폼 전체가 아니라 한 업무와 한 구매자만 선택","8~12주 또는 파트너","https://getinscope.com/","https://www.sec.gov/Archives/edgar/data/2001732/000200173226000003/0002001732-26-000003-index.html"
"421","조건부","응용","B","65","direct","Scala.ai, Inc.","2026-01-28","WA","Other Technology","기타 기술","8499994","8499992","11","기타 수직 운영","72","16","12","18","11","8","7","14","1~3개월","복잡성을 명확함으로 바꾸십시오. Scala는 현대 컨택 센터 운영자를 위한 통합 인텔리전스 플랫폼입니다. 실제 지능. 실제 통제.","Turn complexity into clarity. Scala is the unified intelligence platform for modern contact center operators. Real intelligence. Real control.","특정 업종의 문서·승인·후속조치가 범용 SaaS에 맞지 않아 엑셀과 사람에게 남는 문제","고객이 매주 반복하는 문서·승인·후속조치 한 개를 서비스형 AI 도구로 제공","반복 업무 1주를 측정하고 한 흐름을 4주간 대신 처리하는 유료 파일럿","월 40만~250만원 + 온보딩·운영 대행비","반복 문서·승인·후속조치가 많은 특정 업종의 대표와 운영 책임자","업종 협회·전문가 파트너·창업자의 직접 고객 인터뷰와 유료 파일럿","업종 템플릿, 고객 수정·완료 데이터, 업무 연동과 판매 채널","회사별 유사 사업을 다시 확인하고 범용 도구보다 좁은 업무의 완료율로 차별화","업종 전체보다 지불 의사가 높은 한 업무를 국내 문서·채널에 맞게 제공","한국에서 결과 데이터를 만든 뒤 규제와 업무가 비슷한 한 국가로 확장","범용 플랫폼 전체가 아니라 한 업무와 한 구매자만 선택","범용 플랫폼 전체가 아니라 한 업무와 한 구매자만 선택","8~12주 또는 파트너","https://scala.ai/","https://www.sec.gov/Archives/edgar/data/2107137/000210713726000002/0002107137-26-000002-index.html"
"422","조건부","응용","B","65","direct","LinqAlpha, Inc.","2026-06-08","MA","Other Technology","기타 기술","20002626","6999994","2","기타 수직 운영","72","16","12","18","11","8","7","14","1~3개월","투자 조사를 위한 최초의 도메인 특화 멀티 에이전트 AI 플랫폼입니다. 헤지 펀드, 자산 관리자 및 투자 은행을 위해 구축되었습니다.","The first domain-specialized multi-agent AI platform for investment research. Built for hedge funds, asset managers, and investment banks.","특정 업종의 문서·승인·후속조치가 범용 SaaS에 맞지 않아 엑셀과 사람에게 남는 문제","고객이 매주 반복하는 문서·승인·후속조치 한 개를 서비스형 AI 도구로 제공","반복 업무 1주를 측정하고 한 흐름을 4주간 대신 처리하는 유료 파일럿","월 40만~250만원 + 온보딩·운영 대행비","반복 문서·승인·후속조치가 많은 특정 업종의 대표와 운영 책임자","업종 협회·전문가 파트너·창업자의 직접 고객 인터뷰와 유료 파일럿","업종 템플릿, 고객 수정·완료 데이터, 업무 연동과 판매 채널","회사별 유사 사업을 다시 확인하고 범용 도구보다 좁은 업무의 완료율로 차별화","업종 전체보다 지불 의사가 높은 한 업무를 국내 문서·채널에 맞게 제공","한국에서 결과 데이터를 만든 뒤 규제와 업무가 비슷한 한 국가로 확장","범용 플랫폼 전체가 아니라 한 업무와 한 구매자만 선택","범용 플랫폼 전체가 아니라 한 업무와 한 구매자만 선택","8~12주 또는 파트너","https://linqalpha.com/","https://www.sec.gov/Archives/edgar/data/2000177/000200017726000004/0002000177-26-000004-index.html"
"423","조건부","응용","B","65","direct","Avallon Labs, Inc.","2025-08-26","DE","Other Technology","기타 기술","4662000","4662000","7","기타 수직 운영","72","16","12","18","11","8","7","14","1~3개월","Avallon은 복잡한 청구 작업을 자동 해결로 전환하고 상담사 워크플로우를 통해 비용을 절감하며 조정자의 생산성을 극대화합니다.","Avallon turns complex claims operations into automated resolutions, cutting costs and supercharging adjuster productivity with agentic workflows.","특정 업종의 문서·승인·후속조치가 범용 SaaS에 맞지 않아 엑셀과 사람에게 남는 문제","고객이 매주 반복하는 문서·승인·후속조치 한 개를 서비스형 AI 도구로 제공","반복 업무 1주를 측정하고 한 흐름을 4주간 대신 처리하는 유료 파일럿","월 40만~250만원 + 온보딩·운영 대행비","반복 문서·승인·후속조치가 많은 특정 업종의 대표와 운영 책임자","업종 협회·전문가 파트너·창업자의 직접 고객 인터뷰와 유료 파일럿","업종 템플릿, 고객 수정·완료 데이터, 업무 연동과 판매 채널","회사별 유사 사업을 다시 확인하고 범용 도구보다 좁은 업무의 완료율로 차별화","업종 전체보다 지불 의사가 높은 한 업무를 국내 문서·채널에 맞게 제공","한국에서 결과 데이터를 만든 뒤 규제와 업무가 비슷한 한 국가로 확장","범용 플랫폼 전체가 아니라 한 업무와 한 구매자만 선택","범용 플랫폼 전체가 아니라 한 업무와 한 구매자만 선택","8~12주 또는 파트너","https://www.avallon.ai/","https://www.sec.gov/Archives/edgar/data/2083254/000208325425000001/0002083254-25-000001-index.html"
"424","조건부","응용","B","65","direct","Digs, Inc./WA","2025-04-22","WA","Other Technology","기타 기술","4000000","3358997","9","기타 수직 운영","72","16","12","18","11","8","7","14","1~3개월","AI 기반의 단일 정보 소스를 통해 재작업을 줄이고 의사결정 속도를 높이세요. 사전 준비부터 사후 관리까지 계획과 사양을 구성하고 3D 모델을 자동으로 생성하며 모든 주택 건설 프로젝트에서 몇 초 만에 정보를 찾아보세요.","Reduce rework and speed decisions with an AI-powered single source of truth. From pre-con to aftercare, organize plans and specs, auto-create 3D models, and find info in seconds across every home build project.","특정 업종의 문서·승인·후속조치가 범용 SaaS에 맞지 않아 엑셀과 사람에게 남는 문제","고객이 매주 반복하는 문서·승인·후속조치 한 개를 서비스형 AI 도구로 제공","반복 업무 1주를 측정하고 한 흐름을 4주간 대신 처리하는 유료 파일럿","월 40만~250만원 + 온보딩·운영 대행비","반복 문서·승인·후속조치가 많은 특정 업종의 대표와 운영 책임자","업종 협회·전문가 파트너·창업자의 직접 고객 인터뷰와 유료 파일럿","업종 템플릿, 고객 수정·완료 데이터, 업무 연동과 판매 채널","회사별 유사 사업을 다시 확인하고 범용 도구보다 좁은 업무의 완료율로 차별화","업종 전체보다 지불 의사가 높은 한 업무를 국내 문서·채널에 맞게 제공","한국에서 결과 데이터를 만든 뒤 규제와 업무가 비슷한 한 국가로 확장","범용 플랫폼 전체가 아니라 한 업무와 한 구매자만 선택","범용 플랫폼 전체가 아니라 한 업무와 한 구매자만 선택","8~12주 또는 파트너","https://digs.com/","https://www.sec.gov/Archives/edgar/data/1934730/000193473025000004/0001934730-25-000004-index.html"
"425","조건부","응용","B","65","direct","HData, Inc.","2025-04-16","IL","Other","기타","3000000","1837000","17","기타 수직 운영","72","16","12","18","11","8","7","14","1~3개월","HData는 중앙 집중식 규제 데이터, 강력한 AI 및 특수 목적 기능을 결합하여 에너지 통찰력을 가속화하고 분석을 실행에 옮기는 데 도움을 줍니다.","HData combines centralized regulatory data, powerful AI and purpose-built features to accelerate energy insights and help you put analysis into action.","특정 업종의 문서·승인·후속조치가 범용 SaaS에 맞지 않아 엑셀과 사람에게 남는 문제","고객이 매주 반복하는 문서·승인·후속조치 한 개를 서비스형 AI 도구로 제공","반복 업무 1주를 측정하고 한 흐름을 4주간 대신 처리하는 유료 파일럿","월 40만~250만원 + 온보딩·운영 대행비","반복 문서·승인·후속조치가 많은 특정 업종의 대표와 운영 책임자","업종 협회·전문가 파트너·창업자의 직접 고객 인터뷰와 유료 파일럿","업종 템플릿, 고객 수정·완료 데이터, 업무 연동과 판매 채널","회사별 유사 사업을 다시 확인하고 범용 도구보다 좁은 업무의 완료율로 차별화","업종 전체보다 지불 의사가 높은 한 업무를 국내 문서·채널에 맞게 제공","한국에서 결과 데이터를 만든 뒤 규제와 업무가 비슷한 한 국가로 확장","범용 플랫폼 전체가 아니라 한 업무와 한 구매자만 선택","범용 플랫폼 전체가 아니라 한 업무와 한 구매자만 선택","8~12주 또는 파트너","https://www.hdata.com/","https://www.sec.gov/Archives/edgar/data/1810252/000181025225000002/0001810252-25-000002-index.html"
"426","조건부","응용","B","65","direct","MSPbots Inc.","2025-03-28","IL","Other Technology","기타 기술","2000000","649990","6","기타 수직 운영","72","16","12","18","11","8","7","14","1~3개월","MSP를 위한 사전 예방적 인텔리전스의 선두주자인 MSPbots를 만나보세요. 우리는 효율성을 높이고 실행 가능한 통찰력을 제공하며 성장을 촉진하기 위해 비즈니스 인텔리전스 대시보드 및 RPA 솔루션을 제공합니다.","Discover MSPbots, the leader in proactive intelligence for MSPs. We offer Business Intelligence Dashboards and RPA solutions to enhance efficiency, provide actionable insights, and drive growth.","특정 업종의 문서·승인·후속조치가 범용 SaaS에 맞지 않아 엑셀과 사람에게 남는 문제","고객이 매주 반복하는 문서·승인·후속조치 한 개를 서비스형 AI 도구로 제공","반복 업무 1주를 측정하고 한 흐름을 4주간 대신 처리하는 유료 파일럿","월 40만~250만원 + 온보딩·운영 대행비","반복 문서·승인·후속조치가 많은 특정 업종의 대표와 운영 책임자","업종 협회·전문가 파트너·창업자의 직접 고객 인터뷰와 유료 파일럿","업종 템플릿, 고객 수정·완료 데이터, 업무 연동과 판매 채널","회사별 유사 사업을 다시 확인하고 범용 도구보다 좁은 업무의 완료율로 차별화","업종 전체보다 지불 의사가 높은 한 업무를 국내 문서·채널에 맞게 제공","한국에서 결과 데이터를 만든 뒤 규제와 업무가 비슷한 한 국가로 확장","범용 플랫폼 전체가 아니라 한 업무와 한 구매자만 선택","범용 플랫폼 전체가 아니라 한 업무와 한 구매자만 선택","8~12주 또는 파트너","https://mspbots.ai/","https://www.sec.gov/Archives/edgar/data/1981621/000198162125000001/0001981621-25-000001-index.html"
"427","조건부","응용","B","65","direct","WindowEdge AI Inc.","2026-05-18","WA","Other Technology","기타 기술","3000000","125000","1","기타 수직 운영","72","16","12","18","11","8","7","13","1~3개월","창호 딜러를 위한 AI 운영체제. WindowEdge는 리드 캡처, 예약, 견적, 고객 커뮤니케이션 및 운영을 하나의 플랫폼에 통합합니다.","The AI operating system for window and door dealers. WindowEdge unifies lead capture, booking, quoting, customer communication, and operations in one platform.","특정 업종의 문서·승인·후속조치가 범용 SaaS에 맞지 않아 엑셀과 사람에게 남는 문제","고객이 매주 반복하는 문서·승인·후속조치 한 개를 서비스형 AI 도구로 제공","반복 업무 1주를 측정하고 한 흐름을 4주간 대신 처리하는 유료 파일럿","월 40만~250만원 + 온보딩·운영 대행비","반복 문서·승인·후속조치가 많은 특정 업종의 대표와 운영 책임자","업종 협회·전문가 파트너·창업자의 직접 고객 인터뷰와 유료 파일럿","업종 템플릿, 고객 수정·완료 데이터, 업무 연동과 판매 채널","회사별 유사 사업을 다시 확인하고 범용 도구보다 좁은 업무의 완료율로 차별화","업종 전체보다 지불 의사가 높은 한 업무를 국내 문서·채널에 맞게 제공","한국에서 결과 데이터를 만든 뒤 규제와 업무가 비슷한 한 국가로 확장","범용 플랫폼 전체가 아니라 한 업무와 한 구매자만 선택","범용 플랫폼 전체가 아니라 한 업무와 한 구매자만 선택","8~12주 또는 파트너","https://windowedge.ai/","https://www.sec.gov/Archives/edgar/data/2134085/000213408526000001/0002134085-26-000001-index.html"
"428","조건부","응용","B","60","direct","Moto Acquire LLC","2026-05-04","IL","Other Technology","기타 기술","810000","810000","6","기타 수직 운영","72","16","12","18","11","8","7","16","1~3개월","MotoAcquire는 즉각적인 평가(KBB/Black Book), 확정 제안, 월별 가치 추적 이메일 등 자동차 딜러를 위한 현대적이고 모바일 친화적인 보상 판매 및 차량 구입 플랫폼입니다.","MotoAcquire is the modern, mobile-friendly trade-in and vehicle acquisition platform for auto dealers—instant valuations (KBB/Black Book), firm offers, monthly value-tracking emails.","특정 업종의 문서·승인·후속조치가 범용 SaaS에 맞지 않아 엑셀과 사람에게 남는 문제","고객이 매주 반복하는 문서·승인·후속조치 한 개를 서비스형 AI 도구로 제공","반복 업무 1주를 측정하고 한 흐름을 4주간 대신 처리하는 유료 파일럿","월 40만~250만원 + 온보딩·운영 대행비","반복 문서·승인·후속조치가 많은 특정 업종의 대표와 운영 책임자","업종 협회·전문가 파트너·창업자의 직접 고객 인터뷰와 유료 파일럿","업종 템플릿, 고객 수정·완료 데이터, 업무 연동과 판매 채널","회사별 유사 사업을 다시 확인하고 범용 도구보다 좁은 업무의 완료율로 차별화","업종 전체보다 지불 의사가 높은 한 업무를 국내 문서·채널에 맞게 제공","한국에서 결과 데이터를 만든 뒤 규제와 업무가 비슷한 한 국가로 확장","범용 플랫폼 전체가 아니라 한 업무와 한 구매자만 선택","범용 플랫폼 전체가 아니라 한 업무와 한 구매자만 선택","8~12주 또는 파트너","https://www.motoacquire.com/","https://www.sec.gov/Archives/edgar/data/2132217/000213221726000001/0002132217-26-000001-index.html"
"429","조건부","응용","B","58","direct","Tenon Software, Inc.","2025-12-23","IN","Other","기타","4000000","4000000","5","기타 수직 운영","72","18","12","16","11","8","7","14","1~3개월","Tenon은 Mac OS X에서 Apache 웹호스팅과 메일·메일링리스트 서버를 웹 화면으로 관리하는 서버 운영 소프트웨어를 제공한다.","Apache web server management software","특정 업종의 문서·승인·후속조치가 범용 SaaS에 맞지 않아 엑셀과 사람에게 남는 문제","고객이 매주 반복하는 문서·승인·후속조치 한 개를 서비스형 AI 도구로 제공","반복 업무 1주를 측정하고 한 흐름을 4주간 대신 처리하는 유료 파일럿","월 40만~250만원 + 온보딩·운영 대행비","반복 문서·승인·후속조치가 많은 특정 업종의 대표와 운영 책임자","업종 협회·전문가 파트너·창업자의 직접 고객 인터뷰와 유료 파일럿","업종 템플릿, 고객 수정·완료 데이터, 업무 연동과 판매 채널","회사별 유사 사업을 다시 확인하고 범용 도구보다 좁은 업무의 완료율로 차별화","업종 전체보다 지불 의사가 높은 한 업무를 국내 문서·채널에 맞게 제공","한국에서 결과 데이터를 만든 뒤 규제와 업무가 비슷한 한 국가로 확장","공식 제품 설명이 짧아 고객 인터뷰 전 제품 범위 확인 필요","공식 제품 설명이 짧아 고객 인터뷰 전 제품 범위 확인 필요","6~8주 MVP","http://tenon.com/","https://www.sec.gov/Archives/edgar/data/2022227/000202222725000002/0002022227-25-000002-index.html"
"430","비추천","관찰","C","58","direct","Landlord Tech, Inc.","2025-09-30","ID","Other Technology","기타 기술","5000000","3500000","8","기타 수직 운영","72","18","12","16","11","8","7","14","1~3개월","Landlord Tech는 임대주택의 반려동물 등록·정책 관리와 정서지원동물 증빙 확인을 디지털화하는 부동산 관리 플랫폼이다.","Landlord Tech | Pet Management Software for Properties","특정 업종의 문서·승인·후속조치가 범용 SaaS에 맞지 않아 엑셀과 사람에게 남는 문제","고객이 매주 반복하는 문서·승인·후속조치 한 개를 서비스형 AI 도구로 제공","반복 업무 1주를 측정하고 한 흐름을 4주간 대신 처리하는 유료 파일럿","월 40만~250만원 + 온보딩·운영 대행비","반복 문서·승인·후속조치가 많은 특정 업종의 대표와 운영 책임자","업종 협회·전문가 파트너·창업자의 직접 고객 인터뷰와 유료 파일럿","업종 템플릿, 고객 수정·완료 데이터, 업무 연동과 판매 채널","회사별 유사 사업을 다시 확인하고 범용 도구보다 좁은 업무의 완료율로 차별화","업종 전체보다 지불 의사가 높은 한 업무를 국내 문서·채널에 맞게 제공","한국에서 결과 데이터를 만든 뒤 규제와 업무가 비슷한 한 국가로 확장","공식 제품 설명이 짧아 고객 인터뷰 전 제품 범위 확인 필요","공식 제품 설명이 짧아 고객 인터뷰 전 제품 범위 확인 필요","6~8주 MVP","https://landlordtech.com/","https://www.sec.gov/Archives/edgar/data/2088108/000208810825000001/0002088108-25-000001-index.html"
"431","비추천","관찰","C","58","direct","TruHealth, LLC/FA","2025-07-10","MA","Other Health Care","기타 헬스케어","2500000","1100000","10","기타 수직 운영","72","18","12","16","11","8","7","14","1~3개월","truHealth는 의료기관을 위한 기술 컨설팅과 맞춤형 소프트웨어 구축 서비스를 제공하며 구체 제품 기능은 공식 페이지에서 추가 확인이 필요하다.","Healthcare | Homecare | SaaS","특정 업종의 문서·승인·후속조치가 범용 SaaS에 맞지 않아 엑셀과 사람에게 남는 문제","고객이 매주 반복하는 문서·승인·후속조치 한 개를 서비스형 AI 도구로 제공","반복 업무 1주를 측정하고 한 흐름을 4주간 대신 처리하는 유료 파일럿","월 40만~250만원 + 온보딩·운영 대행비","반복 문서·승인·후속조치가 많은 특정 업종의 대표와 운영 책임자","업종 협회·전문가 파트너·창업자의 직접 고객 인터뷰와 유료 파일럿","업종 템플릿, 고객 수정·완료 데이터, 업무 연동과 판매 채널","회사별 유사 사업을 다시 확인하고 범용 도구보다 좁은 업무의 완료율로 차별화","업종 전체보다 지불 의사가 높은 한 업무를 국내 문서·채널에 맞게 제공","한국에서 결과 데이터를 만든 뒤 규제와 업무가 비슷한 한 국가로 확장","공식 제품 설명이 짧아 고객 인터뷰 전 제품 범위 확인 필요","공식 제품 설명이 짧아 고객 인터뷰 전 제품 범위 확인 필요","6~8주 MVP","https://truhealth.io/","https://www.sec.gov/Archives/edgar/data/2076716/000207671625000001/0002076716-25-000001-index.html"
"432","조건부","응용","B","58","direct","Estimate AI Solutions, LLC","2025-02-04","GA","Business Services","기업 서비스","300000","100000","2","기타 수직 운영","72","18","12","16","11","8","7","14","1~3개월","Estimate.com은 주택 판매자의 조건을 100개 이상의 직접매입업체·중개인과 연결해 여러 매각 제안을 무료로 비교하게 하는 부동산 플랫폼이다.","Estimate.com - Real Estate Platform","특정 업종의 문서·승인·후속조치가 범용 SaaS에 맞지 않아 엑셀과 사람에게 남는 문제","고객이 매주 반복하는 문서·승인·후속조치 한 개를 서비스형 AI 도구로 제공","반복 업무 1주를 측정하고 한 흐름을 4주간 대신 처리하는 유료 파일럿","월 40만~250만원 + 온보딩·운영 대행비","반복 문서·승인·후속조치가 많은 특정 업종의 대표와 운영 책임자","업종 협회·전문가 파트너·창업자의 직접 고객 인터뷰와 유료 파일럿","업종 템플릿, 고객 수정·완료 데이터, 업무 연동과 판매 채널","회사별 유사 사업을 다시 확인하고 범용 도구보다 좁은 업무의 완료율로 차별화","업종 전체보다 지불 의사가 높은 한 업무를 국내 문서·채널에 맞게 제공","한국에서 결과 데이터를 만든 뒤 규제와 업무가 비슷한 한 국가로 확장","공식 제품 설명이 짧아 고객 인터뷰 전 제품 범위 확인 필요","공식 제품 설명이 짧아 고객 인터뷰 전 제품 범위 확인 필요","6~8주 MVP","https://estimate.com/","https://www.sec.gov/Archives/edgar/data/2054815/000205481525000002/0002054815-25-000002-index.html"
"433","비추천","관찰","C","58","direct","Lumus AI, Inc.","2025-08-14","FL","Other Technology","기타 기술","5000000","100000","1","기타 수직 운영","72","18","12","16","11","8","7","11","1~3개월","Lumus AI는 자본시장 데이터를 분석해 투자·리서치 조직의 의사결정을 지원하는 금융 인텔리전스 플랫폼이다.","Lumus.AI - An Emerging Leader In The Application Of Applied Intelligence To Capital Market Analysis","특정 업종의 문서·승인·후속조치가 범용 SaaS에 맞지 않아 엑셀과 사람에게 남는 문제","고객이 매주 반복하는 문서·승인·후속조치 한 개를 서비스형 AI 도구로 제공","반복 업무 1주를 측정하고 한 흐름을 4주간 대신 처리하는 유료 파일럿","월 40만~250만원 + 온보딩·운영 대행비","반복 문서·승인·후속조치가 많은 특정 업종의 대표와 운영 책임자","업종 협회·전문가 파트너·창업자의 직접 고객 인터뷰와 유료 파일럿","업종 템플릿, 고객 수정·완료 데이터, 업무 연동과 판매 채널","회사별 유사 사업을 다시 확인하고 범용 도구보다 좁은 업무의 완료율로 차별화","업종 전체보다 지불 의사가 높은 한 업무를 국내 문서·채널에 맞게 제공","한국에서 결과 데이터를 만든 뒤 규제와 업무가 비슷한 한 국가로 확장","공식 제품 설명이 짧아 고객 인터뷰 전 제품 범위 확인 필요","공식 제품 설명이 짧아 고객 인터뷰 전 제품 범위 확인 필요","6~8주 MVP","https://lumus.ai/","https://www.sec.gov/Archives/edgar/data/2006630/000164117225023626/0001641172-25-023626-index.html"
"434","조건부","응용","B","65","direct","Siensmetrica, Inc.","2026-06-18","AZ","Other Technology","기타 기술","4000000","700000","6","의료·돌봄 운영","72","17","11","17","12","7","8","16","3~6개월+","Siensmetrica의 Tessa 플랫폼은 편견 없는 AI 기반 분석을 사용하여 의학 및 과학 연구, 데이터 및 정보를 지속적으로 업데이트하고 구성하며 순위를 매깁니다.","Siensmetrica's Tessa platform continually updates, organizes, and ranks medical and scientific research, data, and information using unbiased, AI-powered analysis.","의료·돌봄 인력이 기록·예약·안내·사후관리 같은 행정업무에 시간을 빼앗기는 문제","진단 대신 예약·기록 정리·환자 안내·사후관리 중 한 흐름을 한 진료과에 맞춰 자동화","직원 업무 1주를 측정하고 반복 안내·기록 한 흐름을 4주간 자동화하는 유료 파일럿","기관당 월 50만~300만원 + 처리 건수 + 초기 연동비","한 진료과의 병·의원, 돌봄기관, 동물병원 운영 책임자","진료과 협회·EMR/PIMS 파트너·원장 커뮤니티와 소개 영업","진료과별 비임상 워크플로, 시스템 연동, 사람 수정·완료 결과 데이터","국내 EMR·예약·환자관리 사업자가 많아 진료과별 비임상 운영 웨지가 필요","개인정보를 최소 수집하고 진단을 제외한 예약·안내·재방문 흐름부터 시작","국내 한 진료과에서 결과를 만든 뒤 일본·싱가포르의 유사 비임상 업무로 확장","","공식 제품과 고객 인터뷰로 수요·가격·도입권한을 다시 검증","8~12주 또는 파트너","https://siensmetrica.com/","https://www.sec.gov/Archives/edgar/data/2059453/000205945326000002/0002059453-26-000002-index.html"
"435","조건부","응용","B","65","direct","BuilderPad, Inc.","2025-08-12","NC","Other Technology","기타 기술","525000","525000","8","현장·건설·산업 운영","72","14","9","20","12","8","9","14","3~6개월+","BuilderPad is all-in-one construction management software for custom home builders and remodelers — scheduling, client selections, a client portal, jobsite docs, and an AI financial suite. 건축업자의 94%가 예산에 맞춰 정시에 배송합니다.","BuilderPad is all-in-one construction management software for custom home builders and remodelers — scheduling, client selections, a client portal, jobsite docs, and an AI financial suite. 94% of builders ship on-time and on-budget.","현장 사진·완료서·견적·규정 증빙이 흩어져 청구와 공정 결정이 늦어지는 문제","작업사진·완료서·자재·견적을 청구와 규정 증빙으로 바꾸는 공종 하나의 도구","한 현장의 사진·작업일보를 기성·청구 증빙으로 변환하는 4주 유료 파일럿","업체당 월 70만~350만원 + 현장 수 + 초기 문서설정비","전문건설사·설비사·정비업체의 현장소장과 공무·청구 담당자","공종 협회, 세무·ERP·장비 파트너, 현장 사례 기반 직접 영업","공종별 문서·사진 판정, 청구 결과, 현장 시스템 연동과 예외 규칙","건설 공무·적산·견적 자동화가 인접하므로 전 공종 ERP보다 작업→청구 흐름에 집중","카카오톡 사진·HWP·세금계산서·공종 용어를 연결해 작업 완료→청구 한 공종으로 제한","한국 공종에서 검증한 뒤 일본·호주의 유사 현장 문서와 청구 흐름으로 확장","규제 판단을 제외하고 사람 승인형 운영 보조로 제한 | 범용 플랫폼 전체가 아니라 한 업무와 한 구매자만 선택","규제 판단을 제외하고 사람 승인형 운영 보조로 제한","8~12주 또는 파트너","https://builderpad.com/","https://www.sec.gov/Archives/edgar/data/2081257/000208125725000001/0002081257-25-000001-index.html"
"436","조건부","응용","B","65","adjacent","SitePulse AI Inc","2026-06-03","MO","Other Technology","기타 기술","1000000","1000000","1","보안·AI 거버넌스","72","13","9","19","12","10","9","13","3~6개월+","SitePulse helps digital agencies run automated SEO audits and send branded white-label PDF reports to clients. 모든 감사를 영업 대화로 전환하세요. 14일 무료 평가판. 신용 카드가 필요하지 않습니다.","SitePulse helps digital agencies run automated SEO audits and send branded white-label PDF reports to clients. Turn every audit into a sales conversation. Free 14-day trial. No credit card required.","AI·클라우드 도구가 늘면서 권한·정책·사고·감사 증빙을 사람이 연결하기 어려운 문제","전체 보안제품 대신 AI 에이전트·MCP 사용대장, 승인, 권한, 실행로그, 감사증빙 한 흐름에 집중","조직의 AI 도구·에이전트를 2주간 발견하고 위험·권한·감사로그를 정리하는 유료 진단","회사당 월 100만~600만원 + 규정팩 + 감사 온보딩비","AI 에이전트를 도입한 스타트업·중견기업의 보안·개발 책임자","ISMS·보안 컨설턴트, MSP, AI 구축사와 규정 대응 콘텐츠","권한 그래프, 증빙 자동수집, 정책·사고·승인 데이터와 규정 매핑","대기업용 GRC가 존재하므로 중견·스타트업의 AI 에이전트 감사증빙에 집중","AI 기본법·ISMS용 에이전트 사용대장·승인·실행로그·감사 내보내기로 진입","한국 규정팩을 검증한 뒤 EU·싱가포르 규정팩과 데이터 처리 옵션을 추가","규제 판단을 제외하고 사람 승인형 운영 보조로 제한 | 원회사는 소프트웨어 전용이 아니므로 AI 업무전환 가설을 추가 검증","규제 판단을 제외하고 사람 승인형 운영 보조로 제한","8~12주 또는 파트너","https://www.trysitepulse.com/","https://www.sec.gov/Archives/edgar/data/2137922/000213792226000001/0002137922-26-000001-index.html"
"437","조건부","응용","B","65","direct","Caju Inc.","2025-09-19","VA","Other Technology","기타 기술","1500000","1245200","4","보안·AI 거버넌스","72","15","8","18","11","10","10","14","3~6개월+","Discover how Caju AI revolutionizes customer engagement with its Generative AI-powered platform for unified communications, compliance, and CRM insights. 실행 가능한 인텔리전스를 위해 통신 및 고객 데이터를 분석하고 보안 및 개인정보 보호를 보장하며 CRM 시스템과 원활하게 통합합니다.","Discover how Caju AI revolutionizes customer engagement with its Generative AI-powered platform for unified communications, compliance, and CRM insights. Analyze communications and customer data for actionable intelligence, ensure security and privacy, and seamlessly integrate with CRM systems.","AI·클라우드 도구가 늘면서 권한·정책·사고·감사 증빙을 사람이 연결하기 어려운 문제","전체 보안제품 대신 AI 에이전트·MCP 사용대장, 승인, 권한, 실행로그, 감사증빙 한 흐름에 집중","조직의 AI 도구·에이전트를 2주간 발견하고 위험·권한·감사로그를 정리하는 유료 진단","회사당 월 100만~600만원 + 규정팩 + 감사 온보딩비","AI 에이전트를 도입한 스타트업·중견기업의 보안·개발 책임자","ISMS·보안 컨설턴트, MSP, AI 구축사와 규정 대응 콘텐츠","권한 그래프, 증빙 자동수집, 정책·사고·승인 데이터와 규정 매핑","대기업용 GRC가 존재하므로 중견·스타트업의 AI 에이전트 감사증빙에 집중","AI 기본법·ISMS용 에이전트 사용대장·승인·실행로그·감사 내보내기로 진입","한국 규정팩을 검증한 뒤 EU·싱가포르 규정팩과 데이터 처리 옵션을 추가","규제 판단을 제외하고 사람 승인형 운영 보조로 제한","규제 판단을 제외하고 사람 승인형 운영 보조로 제한","8~12주 또는 파트너","https://www.caju.ai/","https://www.sec.gov/Archives/edgar/data/2024709/000202470925000002/0002024709-25-000002-index.html"
"438","조건부","응용","B","65","direct","RIoT Technology, Inc.","2026-02-25","NM","Other Technology","기타 기술","2500000","","0","보안·AI 거버넌스","72","15","8","18","11","10","10","5","3~6개월+","Riot은 전 세계 수천 개의 보안 상태를 유지하는 최고의 직원 보안 상태 관리 플랫폼입니다.","Riot is the leading employee security posture management platform, keeping thousands of the world","AI·클라우드 도구가 늘면서 권한·정책·사고·감사 증빙을 사람이 연결하기 어려운 문제","전체 보안제품 대신 AI 에이전트·MCP 사용대장, 승인, 권한, 실행로그, 감사증빙 한 흐름에 집중","조직의 AI 도구·에이전트를 2주간 발견하고 위험·권한·감사로그를 정리하는 유료 진단","회사당 월 100만~600만원 + 규정팩 + 감사 온보딩비","AI 에이전트를 도입한 스타트업·중견기업의 보안·개발 책임자","ISMS·보안 컨설턴트, MSP, AI 구축사와 규정 대응 콘텐츠","권한 그래프, 증빙 자동수집, 정책·사고·승인 데이터와 규정 매핑","대기업용 GRC가 존재하므로 중견·스타트업의 AI 에이전트 감사증빙에 집중","AI 기본법·ISMS용 에이전트 사용대장·승인·실행로그·감사 내보내기로 진입","한국 규정팩을 검증한 뒤 EU·싱가포르 규정팩과 데이터 처리 옵션을 추가","규제 판단을 제외하고 사람 승인형 운영 보조로 제한","규제 판단을 제외하고 사람 승인형 운영 보조로 제한","8~12주 또는 파트너","https://tryriot.com/","https://www.sec.gov/Archives/edgar/data/2113241/000211324126000001/0002113241-26-000001-index.html"
"439","조건부","응용","B","74","adjacent","Cart.com, Inc.","2025-04-28","TX","Other Technology","기타 기술","30000000","14532407","3","조달·물류·공급망","72","15","7","20","13","9","8","12","3~6개월+","Cart.com은 B2C 및 B2B 기업의 발견부터 배송까지 지원하는 선도적인 통합 상거래 및 물류 솔루션 제공업체입니다.","Cart.com is the leading unified commerce and logistics solutions provider, enabling B2C and B2B companies from discovery to delivery.","RFQ·견적·발주·선적 문서가 흩어져 가격·납기·승인 예외를 놓치는 문제","RFQ·견적·발주·선적 문서를 읽고 누락·가격변경·납기 예외를 한 품목군에서 처리","최근 RFQ·견적 100건을 표준화해 누락·가격차·미응답을 찾아주는 유료 업무진단","업체당 월 80만~400만원 + 문서/거래 건수 + 온보딩비","중소 제조·수출기업의 구매·영업·물류 책임자","ERP·관세·물류 파트너, 산업단지와 품목별 직접 영업","거래처별 예외, 품목 매핑, 견적·납기 결과와 승인 데이터","ERP는 강하지만 중소 제조업의 이메일·엑셀 예외 처리는 수작업인 경우가 많음","이메일·엑셀·거래처 품목명을 국내 RFQ·발주 문서 형식에 맞게 처리","한국 수출기업에서 시작해 일본·동남아 공급사 문서와 이메일·WhatsApp으로 확장","대기업·공공 조달과 보안심사로 첫 매출이 느릴 수 있음 | 범용 플랫폼 전체가 아니라 한 업무와 한 구매자만 선택 | 원회사는 소프트웨어 전용이 아니므로 AI 업무전환 가설을 추가 검증","대기업·공공 조달과 보안심사로 첫 매출이 느릴 수 있음","8~12주 또는 파트너","https://cart.com/","https://www.sec.gov/Archives/edgar/data/1856459/000200410925000005/0002004109-25-000005-index.html"
"440","조건부","응용","A","85","direct","Simpli Scada, LLC","2026-02-17","UT","Other Technology","기타 기술","","907184","4","현장·건설·산업 운영","72","14","6","20","14","8","10","19","3~6개월+","VPN·자체 서버 없이 산업 설비를 모니터링하고 보고서·경보·제어 화면을 운영하는 클라우드 SCADA 소프트웨어다.","Best SCADA software for industrial monitoring, reporting, and control. Cloud SCADA system solutions with no VPNs, servers, or third-party software.","현장 사진·완료서·견적·규정 증빙이 흩어져 청구와 공정 결정이 늦어지는 문제","작업사진·완료서·자재·견적을 청구와 규정 증빙으로 바꾸는 공종 하나의 도구","한 현장의 사진·작업일보를 기성·청구 증빙으로 변환하는 4주 유료 파일럿","업체당 월 70만~350만원 + 현장 수 + 초기 문서설정비","전문건설사·설비사·정비업체의 현장소장과 공무·청구 담당자","공종 협회, 세무·ERP·장비 파트너, 현장 사례 기반 직접 영업","공종별 문서·사진 판정, 청구 결과, 현장 시스템 연동과 예외 규칙","건설 공무·적산·견적 자동화가 인접하므로 전 공종 ERP보다 작업→청구 흐름에 집중","카카오톡 사진·HWP·세금계산서·공종 용어를 연결해 작업 완료→청구 한 공종으로 제한","한국 공종에서 검증한 뒤 일본·호주의 유사 현장 문서와 청구 흐름으로 확장","대기업·공공 조달과 보안심사로 첫 매출이 느릴 수 있음 | 핵심 시스템 연동 전 파일·이메일 입력으로 먼저 검증 | 범용 플랫폼 전체가 아니라 한 업무와 한 구매자만 선택","대기업·공공 조달과 보안심사로 첫 매출이 느릴 수 있음","8~12주 또는 파트너","https://simpliscada.com/","https://www.sec.gov/Archives/edgar/data/2109746/000210974626000002/0002109746-26-000002-index.html"
"441","조건부","응용","B","65","direct","Autonomi LLC","2025-05-07","CA","Other","기타","500000","175000","1","기타 수직 운영","71","16","12","18","11","7","7","11","1~3개월","Autonomi의 AI 및 비즈니스 자동화 전문가는 워크플로를 간소화하고 생산성을 극대화하는 맞춤형 솔루션을 구축합니다.","AI and business automation specialists at Autonomi build custom solutions to streamline your workflow and maximize productivity.","특정 업종의 문서·승인·후속조치가 범용 SaaS에 맞지 않아 엑셀과 사람에게 남는 문제","고객이 매주 반복하는 문서·승인·후속조치 한 개를 서비스형 AI 도구로 제공","반복 업무 1주를 측정하고 한 흐름을 4주간 대신 처리하는 유료 파일럿","월 40만~250만원 + 온보딩·운영 대행비","반복 문서·승인·후속조치가 많은 특정 업종의 대표와 운영 책임자","업종 협회·전문가 파트너·창업자의 직접 고객 인터뷰와 유료 파일럿","업종 템플릿, 고객 수정·완료 데이터, 업무 연동과 판매 채널","회사별 유사 사업을 다시 확인하고 범용 도구보다 좁은 업무의 완료율로 차별화","업종 전체보다 지불 의사가 높은 한 업무를 국내 문서·채널에 맞게 제공","한국에서 결과 데이터를 만든 뒤 규제와 업무가 비슷한 한 국가로 확장","범용 플랫폼 전체가 아니라 한 업무와 한 구매자만 선택","범용 플랫폼 전체가 아니라 한 업무와 한 구매자만 선택","8~12주 또는 파트너","https://getautonomi.com/","https://www.sec.gov/Archives/edgar/data/2066884/000206688425000001/0002066884-25-000001-index.html"
"442","비추천","관찰","C","58","direct","Toolkit, Inc.","2025-01-07","CA","Other Technology","기타 기술","3354999","3354999","17","기타 수직 운영","71","18","12","16","11","7","7","14","1~3개월","Toolkit은 음성·영상 파일을 전사·요약하고 내용에 질문하거나 다른 도구와 연결된 AI 워크플로를 실행하게 하는 콘텐츠 작업 플랫폼이다.","The AI workflow engine","특정 업종의 문서·승인·후속조치가 범용 SaaS에 맞지 않아 엑셀과 사람에게 남는 문제","고객이 매주 반복하는 문서·승인·후속조치 한 개를 서비스형 AI 도구로 제공","반복 업무 1주를 측정하고 한 흐름을 4주간 대신 처리하는 유료 파일럿","월 40만~250만원 + 온보딩·운영 대행비","반복 문서·승인·후속조치가 많은 특정 업종의 대표와 운영 책임자","업종 협회·전문가 파트너·창업자의 직접 고객 인터뷰와 유료 파일럿","업종 템플릿, 고객 수정·완료 데이터, 업무 연동과 판매 채널","회사별 유사 사업을 다시 확인하고 범용 도구보다 좁은 업무의 완료율로 차별화","업종 전체보다 지불 의사가 높은 한 업무를 국내 문서·채널에 맞게 제공","한국에서 결과 데이터를 만든 뒤 규제와 업무가 비슷한 한 국가로 확장","공식 제품 설명이 짧아 고객 인터뷰 전 제품 범위 확인 필요","공식 제품 설명이 짧아 고객 인터뷰 전 제품 범위 확인 필요","6~8주 MVP","https://www.toolkit.ai/","https://www.sec.gov/Archives/edgar/data/2050622/000205062225000002/0002050622-25-000002-index.html"
"443","비추천","관찰","C","58","direct","Humera, Inc.","2025-12-22","IN","Other Technology","기타 기술","775000","775000","1","기타 수직 운영","71","18","12","16","11","7","7","11","1~3개월","Humera는 현대 기업을 위한 AI 업무 자동화 서비스로 소개되지만 대상 업무와 구체 기능은 공식 페이지에서 추가 확인이 필요하다.","Humera — AI Automation for Modern Businesses","특정 업종의 문서·승인·후속조치가 범용 SaaS에 맞지 않아 엑셀과 사람에게 남는 문제","고객이 매주 반복하는 문서·승인·후속조치 한 개를 서비스형 AI 도구로 제공","반복 업무 1주를 측정하고 한 흐름을 4주간 대신 처리하는 유료 파일럿","월 40만~250만원 + 온보딩·운영 대행비","반복 문서·승인·후속조치가 많은 특정 업종의 대표와 운영 책임자","업종 협회·전문가 파트너·창업자의 직접 고객 인터뷰와 유료 파일럿","업종 템플릿, 고객 수정·완료 데이터, 업무 연동과 판매 채널","회사별 유사 사업을 다시 확인하고 범용 도구보다 좁은 업무의 완료율로 차별화","업종 전체보다 지불 의사가 높은 한 업무를 국내 문서·채널에 맞게 제공","한국에서 결과 데이터를 만든 뒤 규제와 업무가 비슷한 한 국가로 확장","공식 제품 설명이 짧아 고객 인터뷰 전 제품 범위 확인 필요","공식 제품 설명이 짧아 고객 인터뷰 전 제품 범위 확인 필요","6~8주 MVP","https://humera.ai/","https://www.sec.gov/Archives/edgar/data/2079187/000207918725000003/0002079187-25-000003-index.html"
"444","조건부","응용","B","58","direct","EasyBee AI, Inc.","2025-09-11","MA","Other Technology","기타 기술","2000000","225000","2","기타 수직 운영","71","18","12","16","11","7","7","14","1~3개월","EasyBee는 셀프스토리지·고객서비스·숙박·전자상거래 등 기업별 업무흐름에 맞춰 상담과 후속업무를 처리하는 맞춤형 AI 에이전트를 제공한다.","Effortless Automation for Growing Businesses","특정 업종의 문서·승인·후속조치가 범용 SaaS에 맞지 않아 엑셀과 사람에게 남는 문제","고객이 매주 반복하는 문서·승인·후속조치 한 개를 서비스형 AI 도구로 제공","반복 업무 1주를 측정하고 한 흐름을 4주간 대신 처리하는 유료 파일럿","월 40만~250만원 + 온보딩·운영 대행비","반복 문서·승인·후속조치가 많은 특정 업종의 대표와 운영 책임자","업종 협회·전문가 파트너·창업자의 직접 고객 인터뷰와 유료 파일럿","업종 템플릿, 고객 수정·완료 데이터, 업무 연동과 판매 채널","회사별 유사 사업을 다시 확인하고 범용 도구보다 좁은 업무의 완료율로 차별화","업종 전체보다 지불 의사가 높은 한 업무를 국내 문서·채널에 맞게 제공","한국에서 결과 데이터를 만든 뒤 규제와 업무가 비슷한 한 국가로 확장","공식 제품 설명이 짧아 고객 인터뷰 전 제품 범위 확인 필요","공식 제품 설명이 짧아 고객 인터뷰 전 제품 범위 확인 필요","6~8주 MVP","https://www.easybee.ai/","https://www.sec.gov/Archives/edgar/data/2085298/000208529825000001/0002085298-25-000001-index.html"
"445","조건부","응용","B","65","direct","USLege, Inc.","2025-04-08","TX","Other Technology","기타 기술","2656997","2656997","9","기타 수직 운영","71","17","11","16","12","8","7","14","3~6개월+","50개 주, 연방 및 규제 기관 모두를 위한 입법 및 청구서 추적 소프트웨어입니다. 모든 청구서와 청문회를 실시간으로 추적하고, 말한 모든 단어를 몇 분 안에 간략하게 검색하세요.","Legislative and bill tracking software for all 50 states, federal, and regulatory. Track every bill and hearing live, search every word said, brief in minutes.","특정 업종의 문서·승인·후속조치가 범용 SaaS에 맞지 않아 엑셀과 사람에게 남는 문제","고객이 매주 반복하는 문서·승인·후속조치 한 개를 서비스형 AI 도구로 제공","반복 업무 1주를 측정하고 한 흐름을 4주간 대신 처리하는 유료 파일럿","월 40만~250만원 + 온보딩·운영 대행비","반복 문서·승인·후속조치가 많은 특정 업종의 대표와 운영 책임자","업종 협회·전문가 파트너·창업자의 직접 고객 인터뷰와 유료 파일럿","업종 템플릿, 고객 수정·완료 데이터, 업무 연동과 판매 채널","회사별 유사 사업을 다시 확인하고 범용 도구보다 좁은 업무의 완료율로 차별화","업종 전체보다 지불 의사가 높은 한 업무를 국내 문서·채널에 맞게 제공","한국에서 결과 데이터를 만든 뒤 규제와 업무가 비슷한 한 국가로 확장","대기업·공공 조달과 보안심사로 첫 매출이 느릴 수 있음","대기업·공공 조달과 보안심사로 첫 매출이 느릴 수 있음","8~12주 또는 파트너","https://uslege.ai/","https://www.sec.gov/Archives/edgar/data/2058811/000205881125000001/0002058811-25-000001-index.html"
"446","조건부","응용","B","65","adjacent","Intelliga Corp","2025-01-03","CA","Other Technology","기타 기술","37649978","37599975","5","의료 수익·청구 운영","71","16","10","19","12","6","8","10","3~6개월+","우리는 의료 서비스 제공자가 사전 승인 거부에 대해 즉시 항소할 수 있도록 지원하여 환자 결과를 개선하는 동시에 시간과 비용을 절약합니다.","We empower healthcare providers to instantly appeal prior authorization denials, saving time and money while improving patient outcomes.","자격확인·서류 누락·청구 거절·미수금 때문에 의료기관 매출이 새는 문제","진단을 피하고 청구 전 누락검사·거절 사유 분류·미수 후속조치 중 하나를 사람 승인 방식으로 자동화","익명화한 과거 청구 200건에서 누락·거절 원인을 찾아 회수 가능액을 제시하는 유료 진단","기관당 월 100만~500만원 + 처리 건수 또는 회수 성과수수료","치과·검사기관·중소 의료기관의 청구·원무 책임자","청구대행사·EMR 파트너·진료과 협회 소개 영업","거절·누락 사유, 수정 이력, 실제 회수 결과와 진료과별 검수 규칙","EMR·청구대행 사업이 있으므로 진단이 아닌 누락 탐지와 회수 결과 데이터로 차별화","미국 보험 구조를 복제하지 않고 국내 비임상 서류·미수·재방문·청구 전 검수로 현지화","한국에서 비임상 수익운영을 검증한 뒤 일본·싱가포르 현지 파트너와 확장","원회사는 소프트웨어 전용이 아니므로 AI 업무전환 가설을 추가 검증","원회사는 소프트웨어 전용이 아니므로 AI 업무전환 가설을 추가 검증","8~12주 또는 파트너","https://www.intelligahealth.com/","https://www.sec.gov/Archives/edgar/data/2032279/000203227925000001/0002032279-25-000001-index.html"
"447","조건부","응용","B","65","direct","Ascertain Systems, Inc.","2025-04-25","NY","Other Technology","기타 기술","9999999","9999999","3","의료·돌봄 운영","71","15","10","19","12","7","8","12","3~6개월+","자동화된 엔드투엔드 진료 관리. Acertain은 평가, 승인 및 치료 계획을 간소화하여 임상의의 업무 시간을 절약하고 관리 시간을 단축하며 감사 가능성을 보장합니다.","End-to-end care management, automated. Ascertain streamlines assessments, authorizations, and care plans, freeing clinicians, reducing admin hours, and ensuring auditability.","의료·돌봄 인력이 기록·예약·안내·사후관리 같은 행정업무에 시간을 빼앗기는 문제","진단 대신 예약·기록 정리·환자 안내·사후관리 중 한 흐름을 한 진료과에 맞춰 자동화","직원 업무 1주를 측정하고 반복 안내·기록 한 흐름을 4주간 자동화하는 유료 파일럿","기관당 월 50만~300만원 + 처리 건수 + 초기 연동비","한 진료과의 병·의원, 돌봄기관, 동물병원 운영 책임자","진료과 협회·EMR/PIMS 파트너·원장 커뮤니티와 소개 영업","진료과별 비임상 워크플로, 시스템 연동, 사람 수정·완료 결과 데이터","국내 EMR·예약·환자관리 사업자가 많아 진료과별 비임상 운영 웨지가 필요","개인정보를 최소 수집하고 진단을 제외한 예약·안내·재방문 흐름부터 시작","국내 한 진료과에서 결과를 만든 뒤 일본·싱가포르의 유사 비임상 업무로 확장","범용 플랫폼 전체가 아니라 한 업무와 한 구매자만 선택","범용 플랫폼 전체가 아니라 한 업무와 한 구매자만 선택","8~12주 또는 파트너","https://www.ascertain.com/","https://www.sec.gov/Archives/edgar/data/2017592/000201759225000001/0002017592-25-000001-index.html"
"448","조건부","응용","B","55","direct","Merge Base, Inc.","2026-04-29","DE","Computers","컴퓨터","200000","","0","기타 수직 운영","71","17","10","18","11","8","7","5","3~6개월+","MergeBase의 소프트웨어 구성 분석 플랫폼은 가장 낮은 오탐률로 알려진 취약점에 대한 공격으로부터 앱을 보호합니다.","MergeBase’s Software Composition Analysis Platform protects apps from attacks on known vulnerabilities with the lowest false positive rate.","특정 업종의 문서·승인·후속조치가 범용 SaaS에 맞지 않아 엑셀과 사람에게 남는 문제","고객이 매주 반복하는 문서·승인·후속조치 한 개를 서비스형 AI 도구로 제공","반복 업무 1주를 측정하고 한 흐름을 4주간 대신 처리하는 유료 파일럿","월 40만~250만원 + 온보딩·운영 대행비","반복 문서·승인·후속조치가 많은 특정 업종의 대표와 운영 책임자","업종 협회·전문가 파트너·창업자의 직접 고객 인터뷰와 유료 파일럿","업종 템플릿, 고객 수정·완료 데이터, 업무 연동과 판매 채널","회사별 유사 사업을 다시 확인하고 범용 도구보다 좁은 업무의 완료율로 차별화","업종 전체보다 지불 의사가 높은 한 업무를 국내 문서·채널에 맞게 제공","한국에서 결과 데이터를 만든 뒤 규제와 업무가 비슷한 한 국가로 확장","대기업·공공 조달과 보안심사로 첫 매출이 느릴 수 있음","대기업·공공 조달과 보안심사로 첫 매출이 느릴 수 있음","8~12주 또는 파트너","https://mergebase.com/","https://www.sec.gov/Archives/edgar/data/2132454/000213245426000001/0002132454-26-000001-index.html"
"449","조건부","응용","B","65","direct","KeyCare, Inc.","2025-04-17","IL","Other Health Care","기타 헬스케어","21808151","12747472","13","의료·돌봄 운영","71","14","8","19","13","7","10","12","3~6개월+","KeyCare®는 Epic 통합 원격 의료 솔루션을 제공하여 공급자가 원활한 가상 진료를 제공할 수 있도록 지원합니다. 우리 플랫폼이 어떻게 환자 결과를 향상하는지 알아보세요.","KeyCare® offers Epic-integrated telehealth solutions, empowering providers to deliver seamless virtual care. Explore how our platform enhances patient outcomes.","의료·돌봄 인력이 기록·예약·안내·사후관리 같은 행정업무에 시간을 빼앗기는 문제","진단 대신 예약·기록 정리·환자 안내·사후관리 중 한 흐름을 한 진료과에 맞춰 자동화","직원 업무 1주를 측정하고 반복 안내·기록 한 흐름을 4주간 자동화하는 유료 파일럿","기관당 월 50만~300만원 + 처리 건수 + 초기 연동비","한 진료과의 병·의원, 돌봄기관, 동물병원 운영 책임자","진료과 협회·EMR/PIMS 파트너·원장 커뮤니티와 소개 영업","진료과별 비임상 워크플로, 시스템 연동, 사람 수정·완료 결과 데이터","국내 EMR·예약·환자관리 사업자가 많아 진료과별 비임상 운영 웨지가 필요","개인정보를 최소 수집하고 진단을 제외한 예약·안내·재방문 흐름부터 시작","국내 한 진료과에서 결과를 만든 뒤 일본·싱가포르의 유사 비임상 업무로 확장","대기업·공공 조달과 보안심사로 첫 매출이 느릴 수 있음 | 핵심 시스템 연동 전 파일·이메일 입력으로 먼저 검증","대기업·공공 조달과 보안심사로 첫 매출이 느릴 수 있음","8~12주 또는 파트너","https://www.keycare.org/","https://www.sec.gov/Archives/edgar/data/1898572/000189857225000002/0001898572-25-000002-index.html"
"450","조건부","응용","B","65","direct","Arqitech, Inc.","2026-02-09","NY","Other Technology","기타 기술","25000000","7956020","38","보안·AI 거버넌스","71","15","8","18","11","9","10","14","3~6개월+","규제 기관을 위해 Canton 및 Ethereum Networks에 기본적으로 구축된 비수탁형 원자 결제 인프라 및 Agentic AI 규정 준수.","Non-custodial atomic settlement infrastructure and Agentic AI compliance built natively on Canton and Ethereum Networks for regulated institutions.","AI·클라우드 도구가 늘면서 권한·정책·사고·감사 증빙을 사람이 연결하기 어려운 문제","전체 보안제품 대신 AI 에이전트·MCP 사용대장, 승인, 권한, 실행로그, 감사증빙 한 흐름에 집중","조직의 AI 도구·에이전트를 2주간 발견하고 위험·권한·감사로그를 정리하는 유료 진단","회사당 월 100만~600만원 + 규정팩 + 감사 온보딩비","AI 에이전트를 도입한 스타트업·중견기업의 보안·개발 책임자","ISMS·보안 컨설턴트, MSP, AI 구축사와 규정 대응 콘텐츠","권한 그래프, 증빙 자동수집, 정책·사고·승인 데이터와 규정 매핑","대기업용 GRC가 존재하므로 중견·스타트업의 AI 에이전트 감사증빙에 집중","AI 기본법·ISMS용 에이전트 사용대장·승인·실행로그·감사 내보내기로 진입","한국 규정팩을 검증한 뒤 EU·싱가포르 규정팩과 데이터 처리 옵션을 추가","규제 판단을 제외하고 사람 승인형 운영 보조로 제한","규제 판단을 제외하고 사람 승인형 운영 보조로 제한","8~12주 또는 파트너","https://arqitech.com/","https://www.sec.gov/Archives/edgar/data/2109268/000210926826000001/0002109268-26-000001-index.html"
"451","조건부","응용","B","65","direct","Crossmint, Inc.","2025-08-13","FL","Other Technology","기타 기술","22999998","18178224","5","보안·AI 거버넌스","71","13","7","20","11","10","10","10","3~6개월+","기업을 위한 올인원 스테이블코인 인프라입니다. 지갑, 결제, 진입로, 조정 및 규정 준수. 몇 달이 아닌 몇 주 만에 출시됩니다.","All-in-one stablecoin infrastructure for enterprises. Wallets, payments, onramps, orchestration & compliance. Launch in weeks, not months.","AI·클라우드 도구가 늘면서 권한·정책·사고·감사 증빙을 사람이 연결하기 어려운 문제","전체 보안제품 대신 AI 에이전트·MCP 사용대장, 승인, 권한, 실행로그, 감사증빙 한 흐름에 집중","조직의 AI 도구·에이전트를 2주간 발견하고 위험·권한·감사로그를 정리하는 유료 진단","회사당 월 100만~600만원 + 규정팩 + 감사 온보딩비","AI 에이전트를 도입한 스타트업·중견기업의 보안·개발 책임자","ISMS·보안 컨설턴트, MSP, AI 구축사와 규정 대응 콘텐츠","권한 그래프, 증빙 자동수집, 정책·사고·승인 데이터와 규정 매핑","대기업용 GRC가 존재하므로 중견·스타트업의 AI 에이전트 감사증빙에 집중","AI 기본법·ISMS용 에이전트 사용대장·승인·실행로그·감사 내보내기로 진입","한국 규정팩을 검증한 뒤 EU·싱가포르 규정팩과 데이터 처리 옵션을 추가","규제 판단을 제외하고 사람 승인형 운영 보조로 제한 | 범용 플랫폼 전체가 아니라 한 업무와 한 구매자만 선택","규제 판단을 제외하고 사람 승인형 운영 보조로 제한","8~12주 또는 파트너","https://www.crossmint.com/","https://www.sec.gov/Archives/edgar/data/1952654/000195265425000003/0001952654-25-000003-index.html"
"452","조건부","응용","B","65","direct","Armor Solutions, Inc.","2025-09-12","DE","Other Technology","기타 기술","5000","5000","10","보안·AI 거버넌스","71","15","5","18","13","10","10","6","3~6개월+","Armor는 선도적인 사이버 보안, 규정 준수 클라우드 솔루션 및 위험 관리 회사입니다. 1,700개 이상의 조직에서 Armor를 신뢰하는 이유를 알아보세요.","Armor is a leading cybersecurity, compliant cloud solutions, and risk management company. Explore why more than 1,700 organizations trust Armor.","AI·클라우드 도구가 늘면서 권한·정책·사고·감사 증빙을 사람이 연결하기 어려운 문제","전체 보안제품 대신 AI 에이전트·MCP 사용대장, 승인, 권한, 실행로그, 감사증빙 한 흐름에 집중","조직의 AI 도구·에이전트를 2주간 발견하고 위험·권한·감사로그를 정리하는 유료 진단","회사당 월 100만~600만원 + 규정팩 + 감사 온보딩비","AI 에이전트를 도입한 스타트업·중견기업의 보안·개발 책임자","ISMS·보안 컨설턴트, MSP, AI 구축사와 규정 대응 콘텐츠","권한 그래프, 증빙 자동수집, 정책·사고·승인 데이터와 규정 매핑","대기업용 GRC가 존재하므로 중견·스타트업의 AI 에이전트 감사증빙에 집중","AI 기본법·ISMS용 에이전트 사용대장·승인·실행로그·감사 내보내기로 진입","한국 규정팩을 검증한 뒤 EU·싱가포르 규정팩과 데이터 처리 옵션을 추가","대기업·공공 조달과 보안심사로 첫 매출이 느릴 수 있음 | 범용 플랫폼 전체가 아니라 한 업무와 한 구매자만 선택","대기업·공공 조달과 보안심사로 첫 매출이 느릴 수 있음","8~12주 또는 파트너","https://www.armor.com/","https://www.sec.gov/Archives/edgar/data/2085864/000208586425000001/0002085864-25-000001-index.html"
"453","조건부","응용","B","60","direct","CAMPAIGN PULSE GROUP INC","2025-07-14","NE","Business Services","기업 서비스","10000000","","0","보안·AI 거버넌스","71","15","5","18","13","10","10","3","3~6개월+","완전 자동화, 실시간 분석 및 감사 준비 규정 준수를 통해 정치, 옹호 및 규제 캠페인을 실행하세요.","Run political, advocacy, and regulated campaigns with full automation, real-time analytics, and audit-ready compliance.","AI·클라우드 도구가 늘면서 권한·정책·사고·감사 증빙을 사람이 연결하기 어려운 문제","전체 보안제품 대신 AI 에이전트·MCP 사용대장, 승인, 권한, 실행로그, 감사증빙 한 흐름에 집중","조직의 AI 도구·에이전트를 2주간 발견하고 위험·권한·감사로그를 정리하는 유료 진단","회사당 월 100만~600만원 + 규정팩 + 감사 온보딩비","AI 에이전트를 도입한 스타트업·중견기업의 보안·개발 책임자","ISMS·보안 컨설턴트, MSP, AI 구축사와 규정 대응 콘텐츠","권한 그래프, 증빙 자동수집, 정책·사고·승인 데이터와 규정 매핑","대기업용 GRC가 존재하므로 중견·스타트업의 AI 에이전트 감사증빙에 집중","AI 기본법·ISMS용 에이전트 사용대장·승인·실행로그·감사 내보내기로 진입","한국 규정팩을 검증한 뒤 EU·싱가포르 규정팩과 데이터 처리 옵션을 추가","대기업·공공 조달과 보안심사로 첫 매출이 느릴 수 있음 | 범용 플랫폼 전체가 아니라 한 업무와 한 구매자만 선택","대기업·공공 조달과 보안심사로 첫 매출이 느릴 수 있음","8~12주 또는 파트너","https://campaignpulse.ai/","https://www.sec.gov/Archives/edgar/data/2063540/000121390025063769/0001213900-25-063769-index.html"
"454","조건부","응용","B","65","adjacent","Centari, Inc.","2025-10-24","NY","Other Technology","기타 기술","8459987","8459987","15","기타 수직 운영","70","16","13","15","12","8","6","12","1~3개월","Centari는 로펌과 투자회사의 거래 문서에서 조항·협상 맥락·위험정보를 추출해 구조화된 사내 거래 데이터베이스로 만드는 AI 플랫폼이다.","Purpose-built for complex transactions, Centari converts deal documents into structured data for your entire team to access and act on.","특정 업종의 문서·승인·후속조치가 범용 SaaS에 맞지 않아 엑셀과 사람에게 남는 문제","고객이 매주 반복하는 문서·승인·후속조치 한 개를 서비스형 AI 도구로 제공","반복 업무 1주를 측정하고 한 흐름을 4주간 대신 처리하는 유료 파일럿","월 40만~250만원 + 온보딩·운영 대행비","반복 문서·승인·후속조치가 많은 특정 업종의 대표와 운영 책임자","업종 협회·전문가 파트너·창업자의 직접 고객 인터뷰와 유료 파일럿","업종 템플릿, 고객 수정·완료 데이터, 업무 연동과 판매 채널","회사별 유사 사업을 다시 확인하고 범용 도구보다 좁은 업무의 완료율로 차별화","업종 전체보다 지불 의사가 높은 한 업무를 국내 문서·채널에 맞게 제공","한국에서 결과 데이터를 만든 뒤 규제와 업무가 비슷한 한 국가로 확장","원회사는 소프트웨어 전용이 아니므로 AI 업무전환 가설을 추가 검증","원회사는 소프트웨어 전용이 아니므로 AI 업무전환 가설을 추가 검증","8~12주 또는 파트너","https://www.centari.com/","https://www.sec.gov/Archives/edgar/data/2093487/000209348725000001/0002093487-25-000001-index.html"
"455","조건부","응용","B","65","adjacent","Alaffia Technology Solutions, Inc.","2025-12-17","NY","Other Technology","기타 기술","35999996","35999996","5","기타 수직 운영","70","16","12","17","11","8","6","10","1~3개월","Alaffia는 의료보험사의 진료기록과 청구를 임상의와 AI 에이전트가 검토해 부적정 지급과 행정 낭비를 줄이는 청구 운영 플랫폼이다.","Supercharge your claims operations with Alaffia. Every year, health plans lose billions to improper payments and administrative waste. We’re using expert clinicians and transparent AI to change that.","특정 업종의 문서·승인·후속조치가 범용 SaaS에 맞지 않아 엑셀과 사람에게 남는 문제","고객이 매주 반복하는 문서·승인·후속조치 한 개를 서비스형 AI 도구로 제공","반복 업무 1주를 측정하고 한 흐름을 4주간 대신 처리하는 유료 파일럿","월 40만~250만원 + 온보딩·운영 대행비","반복 문서·승인·후속조치가 많은 특정 업종의 대표와 운영 책임자","업종 협회·전문가 파트너·창업자의 직접 고객 인터뷰와 유료 파일럿","업종 템플릿, 고객 수정·완료 데이터, 업무 연동과 판매 채널","회사별 유사 사업을 다시 확인하고 범용 도구보다 좁은 업무의 완료율로 차별화","업종 전체보다 지불 의사가 높은 한 업무를 국내 문서·채널에 맞게 제공","한국에서 결과 데이터를 만든 뒤 규제와 업무가 비슷한 한 국가로 확장","원회사는 소프트웨어 전용이 아니므로 AI 업무전환 가설을 추가 검증","원회사는 소프트웨어 전용이 아니므로 AI 업무전환 가설을 추가 검증","8~12주 또는 파트너","https://www.alaffiahealth.com/","https://www.sec.gov/Archives/edgar/data/1892723/000189272325000002/0001892723-25-000002-index.html"
"456","조건부","응용","B","65","adjacent","PreciseDx, Inc.","2025-06-06","NY","Other Health Care","기타 헬스케어","15000000","11230074","9","기타 수직 운영","70","16","12","17","11","8","6","12","1~3개월","현재 종양학 치료 표준은 주관적일 수 있어 중간 등급을 받는 종양의 비율이 높습니다. 그 결과, 많은 환자들이 한 달 넘게 유전자 발현 검사 결과를 초조하게 기다리며 치료 계획에 대한 중요한 결정을 지연시켜야 합니다.","Current standards of care in oncology can be subjective, leading to a high percentage of tumors receiving intermediate grading. As a result, many patients are forced to anxiously await the results of gene expression testing for over a month, delaying vital decisions regarding their care plan.","특정 업종의 문서·승인·후속조치가 범용 SaaS에 맞지 않아 엑셀과 사람에게 남는 문제","고객이 매주 반복하는 문서·승인·후속조치 한 개를 서비스형 AI 도구로 제공","반복 업무 1주를 측정하고 한 흐름을 4주간 대신 처리하는 유료 파일럿","월 40만~250만원 + 온보딩·운영 대행비","반복 문서·승인·후속조치가 많은 특정 업종의 대표와 운영 책임자","업종 협회·전문가 파트너·창업자의 직접 고객 인터뷰와 유료 파일럿","업종 템플릿, 고객 수정·완료 데이터, 업무 연동과 판매 채널","회사별 유사 사업을 다시 확인하고 범용 도구보다 좁은 업무의 완료율로 차별화","업종 전체보다 지불 의사가 높은 한 업무를 국내 문서·채널에 맞게 제공","한국에서 결과 데이터를 만든 뒤 규제와 업무가 비슷한 한 국가로 확장","원회사는 소프트웨어 전용이 아니므로 AI 업무전환 가설을 추가 검증","원회사는 소프트웨어 전용이 아니므로 AI 업무전환 가설을 추가 검증","8~12주 또는 파트너","https://www.precisedx.ai/","https://www.sec.gov/Archives/edgar/data/2013833/000201383325000002/0002013833-25-000002-index.html"
"457","조건부","응용","B","65","adjacent","Fairly Inc./WY","2026-06-22","OR","Other Technology","기타 기술","726871","726871","9","기타 수직 운영","70","16","12","17","11","8","6","16","1~3개월","더 나은 관리는 더 나은 리뷰와 더 나은 예약을 의미합니다. Fairly를 사용하면 업계 최고의 기술을 활용하는 전담 현지 팀이 고객사의 집을 관리하여 귀하와 고객사의 집, 그리고 고객사의 손님에게 합당한 관심과 보살핌을 제공합니다.","Better care means better reviews and better bookings. With Fairly, your home is looked after by a dedicated local team, powered by the best technology in the industry, to deliver the attention and care you, your home, and your guests deserve.","특정 업종의 문서·승인·후속조치가 범용 SaaS에 맞지 않아 엑셀과 사람에게 남는 문제","고객이 매주 반복하는 문서·승인·후속조치 한 개를 서비스형 AI 도구로 제공","반복 업무 1주를 측정하고 한 흐름을 4주간 대신 처리하는 유료 파일럿","월 40만~250만원 + 온보딩·운영 대행비","반복 문서·승인·후속조치가 많은 특정 업종의 대표와 운영 책임자","업종 협회·전문가 파트너·창업자의 직접 고객 인터뷰와 유료 파일럿","업종 템플릿, 고객 수정·완료 데이터, 업무 연동과 판매 채널","회사별 유사 사업을 다시 확인하고 범용 도구보다 좁은 업무의 완료율로 차별화","업종 전체보다 지불 의사가 높은 한 업무를 국내 문서·채널에 맞게 제공","한국에서 결과 데이터를 만든 뒤 규제와 업무가 비슷한 한 국가로 확장","원회사는 소프트웨어 전용이 아니므로 AI 업무전환 가설을 추가 검증","원회사는 소프트웨어 전용이 아니므로 AI 업무전환 가설을 추가 검증","8~12주 또는 파트너","https://www.fairly.com/","https://www.sec.gov/Archives/edgar/data/2028927/000202892726000003/0002028927-26-000003-index.html"
"458","조건부","응용","B","65","direct","Clinasyst LLC","2026-02-09","FL","Other Technology","기타 기술","800000","","0","의료·돌봄 운영","70","14","11","19","11","7","8","5","3~6개월+","연구 기관 및 SMO를 위한 CTMS는 직관적인 임상 시험 소프트웨어, 실시간 통찰력 및 뛰어난 고객 지원을 제공합니다.","Our CTMS for research sites and SMOs delivers intuitive clinical trial software, real-time insights, and exceptional customer support.","의료·돌봄 인력이 기록·예약·안내·사후관리 같은 행정업무에 시간을 빼앗기는 문제","진단 대신 예약·기록 정리·환자 안내·사후관리 중 한 흐름을 한 진료과에 맞춰 자동화","직원 업무 1주를 측정하고 반복 안내·기록 한 흐름을 4주간 자동화하는 유료 파일럿","기관당 월 50만~300만원 + 처리 건수 + 초기 연동비","한 진료과의 병·의원, 돌봄기관, 동물병원 운영 책임자","진료과 협회·EMR/PIMS 파트너·원장 커뮤니티와 소개 영업","진료과별 비임상 워크플로, 시스템 연동, 사람 수정·완료 결과 데이터","국내 EMR·예약·환자관리 사업자가 많아 진료과별 비임상 운영 웨지가 필요","개인정보를 최소 수집하고 진단을 제외한 예약·안내·재방문 흐름부터 시작","국내 한 진료과에서 결과를 만든 뒤 일본·싱가포르의 유사 비임상 업무로 확장","규제 판단을 제외하고 사람 승인형 운영 보조로 제한","규제 판단을 제외하고 사람 승인형 운영 보조로 제한","8~12주 또는 파트너","https://clinasyst.com/","https://www.sec.gov/Archives/edgar/data/2108026/000210802626000001/0002108026-26-000001-index.html"
"459","조건부","응용","B","65","direct","ACURI INC.","2025-08-21","CA","Other Technology","기타 기술","200000","200000","1","의료 수익·청구 운영","70","15","10","20","10","6","9","11","3~6개월+","청구 오류를 줄이고 전문 간호 시설에 대한 정확한 Medicare 환급을 보장합니다. AI로 구동되는 자동화된 TripleCheck 감사 및 환급 무결성 검토.","Reduce billing errors and ensure accurate Medicare reimbursement for Skilled Nursing Facilities. Automated TripleCheck audits and Reimbursement Integrity Review powered by AI.","자격확인·서류 누락·청구 거절·미수금 때문에 의료기관 매출이 새는 문제","진단을 피하고 청구 전 누락검사·거절 사유 분류·미수 후속조치 중 하나를 사람 승인 방식으로 자동화","익명화한 과거 청구 200건에서 누락·거절 원인을 찾아 회수 가능액을 제시하는 유료 진단","기관당 월 100만~500만원 + 처리 건수 또는 회수 성과수수료","치과·검사기관·중소 의료기관의 청구·원무 책임자","청구대행사·EMR 파트너·진료과 협회 소개 영업","거절·누락 사유, 수정 이력, 실제 회수 결과와 진료과별 검수 규칙","EMR·청구대행 사업이 있으므로 진단이 아닌 누락 탐지와 회수 결과 데이터로 차별화","미국 보험 구조를 복제하지 않고 국내 비임상 서류·미수·재방문·청구 전 검수로 현지화","한국에서 비임상 수익운영을 검증한 뒤 일본·싱가포르 현지 파트너와 확장","규제 판단을 제외하고 사람 승인형 운영 보조로 제한","규제 판단을 제외하고 사람 승인형 운영 보조로 제한","8~12주 또는 파트너","https://acuri.ai/","https://www.sec.gov/Archives/edgar/data/2077443/000207744325000001/0002077443-25-000001-index.html"
"460","조건부","응용","B","65","direct","Graici Inc.","2025-04-02","OH","Other","기타","9500000","3500000","16","기타 수직 운영","70","17","10","18","11","7","7","14","3~6개월+","Graici는 AI 기반 적응형 참여 기술을 통해 개인과 조직이 개인 데이터의 힘을 활용하도록 돕습니다. 사람들의 역량을 강화하고 결과를 개선하며 포용적인 번영을 주도하세요.","Graici helps individuals and organizations unlock the power of personal data through AI-driven Adaptive Engagement Technology. Empower people, improve outcomes, and drive inclusive prosperity.","특정 업종의 문서·승인·후속조치가 범용 SaaS에 맞지 않아 엑셀과 사람에게 남는 문제","고객이 매주 반복하는 문서·승인·후속조치 한 개를 서비스형 AI 도구로 제공","반복 업무 1주를 측정하고 한 흐름을 4주간 대신 처리하는 유료 파일럿","월 40만~250만원 + 온보딩·운영 대행비","반복 문서·승인·후속조치가 많은 특정 업종의 대표와 운영 책임자","업종 협회·전문가 파트너·창업자의 직접 고객 인터뷰와 유료 파일럿","업종 템플릿, 고객 수정·완료 데이터, 업무 연동과 판매 채널","회사별 유사 사업을 다시 확인하고 범용 도구보다 좁은 업무의 완료율로 차별화","업종 전체보다 지불 의사가 높은 한 업무를 국내 문서·채널에 맞게 제공","한국에서 결과 데이터를 만든 뒤 규제와 업무가 비슷한 한 국가로 확장","대기업·공공 조달과 보안심사로 첫 매출이 느릴 수 있음","대기업·공공 조달과 보안심사로 첫 매출이 느릴 수 있음","8~12주 또는 파트너","https://graici.com/","https://www.sec.gov/Archives/edgar/data/2060965/000206096525000001/0002060965-25-000001-index.html"
"461","조건부","응용","B","65","direct","Assemblia Inc.","2025-05-30","WA","Other Technology","기타 기술","154950","154950","1","기타 수직 운영","70","17","10","18","11","7","7","11","3~6개월+","Assemblia AI는 대관팀의 모니터링, 입법 분석, 보고를 자동화하여 생산성과 통찰력을 높이는 맞춤형 AI 솔루션을 제공합니다.","Assemblia AI delivers custom AI solutions to automate monitoring, legislative analysis, and reporting for government relations teams—boosting productivity and insights.","특정 업종의 문서·승인·후속조치가 범용 SaaS에 맞지 않아 엑셀과 사람에게 남는 문제","고객이 매주 반복하는 문서·승인·후속조치 한 개를 서비스형 AI 도구로 제공","반복 업무 1주를 측정하고 한 흐름을 4주간 대신 처리하는 유료 파일럿","월 40만~250만원 + 온보딩·운영 대행비","반복 문서·승인·후속조치가 많은 특정 업종의 대표와 운영 책임자","업종 협회·전문가 파트너·창업자의 직접 고객 인터뷰와 유료 파일럿","업종 템플릿, 고객 수정·완료 데이터, 업무 연동과 판매 채널","회사별 유사 사업을 다시 확인하고 범용 도구보다 좁은 업무의 완료율로 차별화","업종 전체보다 지불 의사가 높은 한 업무를 국내 문서·채널에 맞게 제공","한국에서 결과 데이터를 만든 뒤 규제와 업무가 비슷한 한 국가로 확장","대기업·공공 조달과 보안심사로 첫 매출이 느릴 수 있음","대기업·공공 조달과 보안심사로 첫 매출이 느릴 수 있음","8~12주 또는 파트너","https://www.assemblia.ai/","https://www.sec.gov/Archives/edgar/data/2070904/000204156525000002/0002041565-25-000002-index.html"
"462","조건부","응용","B","65","adjacent","Narratize, Inc.","2026-06-23","KY","Other Technology","기타 기술","5000000","3797558","13","현장·건설·산업 운영","70","13","7","18","14","8","10","16","3~6개월+","Narratize는 기록 시스템과 전문가의 지식을 모든 주기에 결합되는 실행 가능한 포트폴리오 인텔리전스로 조정합니다. 고급 제조 분야의 R&D 및 엔지니어링 팀을 위해 특별히 제작되었습니다.","Narratize orchestrates knowledge from your systems of record and your experts into actionable portfolio intelligence that compounds with every cycle. Purpose-built for R&D and engineering teams in advanced manufacturing.","현장 사진·완료서·견적·규정 증빙이 흩어져 청구와 공정 결정이 늦어지는 문제","작업사진·완료서·자재·견적을 청구와 규정 증빙으로 바꾸는 공종 하나의 도구","한 현장의 사진·작업일보를 기성·청구 증빙으로 변환하는 4주 유료 파일럿","업체당 월 70만~350만원 + 현장 수 + 초기 문서설정비","전문건설사·설비사·정비업체의 현장소장과 공무·청구 담당자","공종 협회, 세무·ERP·장비 파트너, 현장 사례 기반 직접 영업","공종별 문서·사진 판정, 청구 결과, 현장 시스템 연동과 예외 규칙","건설 공무·적산·견적 자동화가 인접하므로 전 공종 ERP보다 작업→청구 흐름에 집중","카카오톡 사진·HWP·세금계산서·공종 용어를 연결해 작업 완료→청구 한 공종으로 제한","한국 공종에서 검증한 뒤 일본·호주의 유사 현장 문서와 청구 흐름으로 확장","핵심 시스템 연동 전 파일·이메일 입력으로 먼저 검증 | 범용 플랫폼 전체가 아니라 한 업무와 한 구매자만 선택 | 원회사는 소프트웨어 전용이 아니므로 AI 업무전환 가설을 추가 검증","핵심 시스템 연동 전 파일·이메일 입력으로 먼저 검증","8~12주 또는 파트너","https://narratize.com/","https://www.sec.gov/Archives/edgar/data/2007449/000200744926000003/0002007449-26-000003-index.html"
"463","조건부","응용","B","65","direct","Transtek Industries Inc","2025-06-03","WA","Retailing","기타","","100","2","조달·물류·공급망","70","14","6","20","11","9","10","6","3~6개월+","AWS Marketplace Mojodat는 AWS에서 조달 가능 — 고정 자산, 재고]","AWS Marketplace Mojodat is available to procure on AWS — Fixed Assets, Inventory ]","RFQ·견적·발주·선적 문서가 흩어져 가격·납기·승인 예외를 놓치는 문제","RFQ·견적·발주·선적 문서를 읽고 누락·가격변경·납기 예외를 한 품목군에서 처리","최근 RFQ·견적 100건을 표준화해 누락·가격차·미응답을 찾아주는 유료 업무진단","업체당 월 80만~400만원 + 문서/거래 건수 + 온보딩비","중소 제조·수출기업의 구매·영업·물류 책임자","ERP·관세·물류 파트너, 산업단지와 품목별 직접 영업","거래처별 예외, 품목 매핑, 견적·납기 결과와 승인 데이터","ERP는 강하지만 중소 제조업의 이메일·엑셀 예외 처리는 수작업인 경우가 많음","이메일·엑셀·거래처 품목명을 국내 RFQ·발주 문서 형식에 맞게 처리","한국 수출기업에서 시작해 일본·동남아 공급사 문서와 이메일·WhatsApp으로 확장","대기업·공공 조달과 보안심사로 첫 매출이 느릴 수 있음 | 규제 판단을 제외하고 사람 승인형 운영 보조로 제한 | 핵심 시스템 연동 전 파일·이메일 입력으로 먼저 검증","대기업·공공 조달과 보안심사로 첫 매출이 느릴 수 있음","8~12주 또는 파트너","https://www.transtek.com/","https://www.sec.gov/Archives/edgar/data/2069163/000121390025050430/0001213900-25-050430-index.html"
"464","조건부","응용","B","65","direct","DataXtrax Inc.","2025-06-23","FL","Other Technology","기타 기술","150000","150000","1","보안·AI 거버넌스","70","14","5","20","11","10","10","11","3~6개월+","DataXtrax는 PDF·스캔 이미지·레거시 문서에서 데이터를 추출하고 여러 AI 모델로 교차검증해 규정준수 문서와 감사기록까지 자동화한다.","AI-Powered Data Extraction and Continuous Compliance Extract. Transform. Insight. Schedule a Demo Intelligent Document Processing Format Agnostic Process any document type including PDFs, scanned images, and legacy formats without reconfiguration. Adaptive AI Learning Our system continuously learns from every document Read More","AI·클라우드 도구가 늘면서 권한·정책·사고·감사 증빙을 사람이 연결하기 어려운 문제","전체 보안제품 대신 AI 에이전트·MCP 사용대장, 승인, 권한, 실행로그, 감사증빙 한 흐름에 집중","조직의 AI 도구·에이전트를 2주간 발견하고 위험·권한·감사로그를 정리하는 유료 진단","회사당 월 100만~600만원 + 규정팩 + 감사 온보딩비","AI 에이전트를 도입한 스타트업·중견기업의 보안·개발 책임자","ISMS·보안 컨설턴트, MSP, AI 구축사와 규정 대응 콘텐츠","권한 그래프, 증빙 자동수집, 정책·사고·승인 데이터와 규정 매핑","대기업용 GRC가 존재하므로 중견·스타트업의 AI 에이전트 감사증빙에 집중","AI 기본법·ISMS용 에이전트 사용대장·승인·실행로그·감사 내보내기로 진입","한국 규정팩을 검증한 뒤 EU·싱가포르 규정팩과 데이터 처리 옵션을 추가","대기업·공공 조달과 보안심사로 첫 매출이 느릴 수 있음 | 규제 판단을 제외하고 사람 승인형 운영 보조로 제한","대기업·공공 조달과 보안심사로 첫 매출이 느릴 수 있음","8~12주 또는 파트너","https://dataxtrax.com/","https://www.sec.gov/Archives/edgar/data/2060143/000206014325000002/0002060143-25-000002-index.html"
"465","조건부","응용","B","65","direct","iDox.ai Corp.","2025-04-29","CA","Other Technology","기타 기술","19016","19016","3","보안·AI 거버넌스","70","14","5","20","11","10","10","6","3~6개월+","AI 기반 편집 소프트웨어 및 AI 보안 플랫폼. 자동화된 수정 및 AI 가드레일을 통해 PII, PHI 및 민감한 데이터를 보호하세요.","AI-powered redaction software and AI security platform. Protect PII, PHI, and sensitive data with automated redaction and AI guardrails.","AI·클라우드 도구가 늘면서 권한·정책·사고·감사 증빙을 사람이 연결하기 어려운 문제","전체 보안제품 대신 AI 에이전트·MCP 사용대장, 승인, 권한, 실행로그, 감사증빙 한 흐름에 집중","조직의 AI 도구·에이전트를 2주간 발견하고 위험·권한·감사로그를 정리하는 유료 진단","회사당 월 100만~600만원 + 규정팩 + 감사 온보딩비","AI 에이전트를 도입한 스타트업·중견기업의 보안·개발 책임자","ISMS·보안 컨설턴트, MSP, AI 구축사와 규정 대응 콘텐츠","권한 그래프, 증빙 자동수집, 정책·사고·승인 데이터와 규정 매핑","대기업용 GRC가 존재하므로 중견·스타트업의 AI 에이전트 감사증빙에 집중","AI 기본법·ISMS용 에이전트 사용대장·승인·실행로그·감사 내보내기로 진입","한국 규정팩을 검증한 뒤 EU·싱가포르 규정팩과 데이터 처리 옵션을 추가","대기업·공공 조달과 보안심사로 첫 매출이 느릴 수 있음 | 규제 판단을 제외하고 사람 승인형 운영 보조로 제한","대기업·공공 조달과 보안심사로 첫 매출이 느릴 수 있음","8~12주 또는 파트너","https://www.idox.ai/","https://www.sec.gov/Archives/edgar/data/2049664/000204966425000001/0002049664-25-000001-index.html"
"466","조건부","응용","B","73","adjacent","Doro Mind Inc.","2026-03-17","NY","Other Technology","기타 기술","4674990","4674990","14","기타 수직 운영","69","16","13","15","12","7","6","16","1~3개월","Doro Mind는 가족과 협력하여 정신분열증, 정신병, 양극성 장애 및 관련 심각한 정신 질환을 치료합니다. NY, NJ, CT, CA의 전문 정신과 치료와 전국적인 가상 지원.","Doro Mind partners with families to treat schizophrenia, psychosis, bipolar disorder, and related serious mental illnesses. Expert psychiatric care in NY, NJ, CT, and CA, plus nationwide virtual support.","특정 업종의 문서·승인·후속조치가 범용 SaaS에 맞지 않아 엑셀과 사람에게 남는 문제","고객이 매주 반복하는 문서·승인·후속조치 한 개를 서비스형 AI 도구로 제공","반복 업무 1주를 측정하고 한 흐름을 4주간 대신 처리하는 유료 파일럿","월 40만~250만원 + 온보딩·운영 대행비","반복 문서·승인·후속조치가 많은 특정 업종의 대표와 운영 책임자","업종 협회·전문가 파트너·창업자의 직접 고객 인터뷰와 유료 파일럿","업종 템플릿, 고객 수정·완료 데이터, 업무 연동과 판매 채널","회사별 유사 사업을 다시 확인하고 범용 도구보다 좁은 업무의 완료율로 차별화","업종 전체보다 지불 의사가 높은 한 업무를 국내 문서·채널에 맞게 제공","한국에서 결과 데이터를 만든 뒤 규제와 업무가 비슷한 한 국가로 확장","원회사는 소프트웨어 전용이 아니므로 AI 업무전환 가설을 추가 검증","원회사는 소프트웨어 전용이 아니므로 AI 업무전환 가설을 추가 검증","8~12주 또는 파트너","https://doromind.com/","https://www.sec.gov/Archives/edgar/data/2008487/000200848726000003/0002008487-26-000003-index.html"
"467","조건부","응용","B","65","adjacent","VentureCare Partners Inc.","2025-11-04","MA","Other Technology","기타 기술","2000000","500000","1","기타 수직 운영","69","16","13","15","12","7","6","11","1~3개월","의료 업무 전환을 위한 금융 OS 및 프라이빗 마켓플레이스입니다. 일일 가치 평가, 출처 검증 금융, NDA 규제 구매자 — 소유자와 인수자를 위해 구축되었습니다.","The financial OS and private marketplace for healthcare practice transitions. Daily valuation, source-verified financials, NDA-gated buyers — built for owners and acquirers.","특정 업종의 문서·승인·후속조치가 범용 SaaS에 맞지 않아 엑셀과 사람에게 남는 문제","고객이 매주 반복하는 문서·승인·후속조치 한 개를 서비스형 AI 도구로 제공","반복 업무 1주를 측정하고 한 흐름을 4주간 대신 처리하는 유료 파일럿","월 40만~250만원 + 온보딩·운영 대행비","반복 문서·승인·후속조치가 많은 특정 업종의 대표와 운영 책임자","업종 협회·전문가 파트너·창업자의 직접 고객 인터뷰와 유료 파일럿","업종 템플릿, 고객 수정·완료 데이터, 업무 연동과 판매 채널","회사별 유사 사업을 다시 확인하고 범용 도구보다 좁은 업무의 완료율로 차별화","업종 전체보다 지불 의사가 높은 한 업무를 국내 문서·채널에 맞게 제공","한국에서 결과 데이터를 만든 뒤 규제와 업무가 비슷한 한 국가로 확장","원회사는 소프트웨어 전용이 아니므로 AI 업무전환 가설을 추가 검증","원회사는 소프트웨어 전용이 아니므로 AI 업무전환 가설을 추가 검증","8~12주 또는 파트너","https://www.venturecare.com/","https://www.sec.gov/Archives/edgar/data/2092321/000209232125000001/0002092321-25-000001-index.html"
"468","조건부","응용","B","65","adjacent","Taxably, Inc.","2026-04-02","DE","Other Technology","기타 기술","","4000","2","기타 수직 운영","69","16","13","15","12","7","6","8","1~3개월","Taxable은 독립적인 CPA 및 소규모 세무 회사가 고객이 보내는 모든 문서를 과세 연도별로 고객별로 북마크가 지정된 단일 PDF 준비 시트로 변환할 수 있도록 돕는 세무 기술 회사입니다.","Taxably is a tax technology company that helps independent CPAs and small tax firms turn every document a client sends in into a single bookmarked PDF prep sheet per client per tax year.","특정 업종의 문서·승인·후속조치가 범용 SaaS에 맞지 않아 엑셀과 사람에게 남는 문제","고객이 매주 반복하는 문서·승인·후속조치 한 개를 서비스형 AI 도구로 제공","반복 업무 1주를 측정하고 한 흐름을 4주간 대신 처리하는 유료 파일럿","월 40만~250만원 + 온보딩·운영 대행비","반복 문서·승인·후속조치가 많은 특정 업종의 대표와 운영 책임자","업종 협회·전문가 파트너·창업자의 직접 고객 인터뷰와 유료 파일럿","업종 템플릿, 고객 수정·완료 데이터, 업무 연동과 판매 채널","회사별 유사 사업을 다시 확인하고 범용 도구보다 좁은 업무의 완료율로 차별화","업종 전체보다 지불 의사가 높은 한 업무를 국내 문서·채널에 맞게 제공","한국에서 결과 데이터를 만든 뒤 규제와 업무가 비슷한 한 국가로 확장","원회사는 소프트웨어 전용이 아니므로 AI 업무전환 가설을 추가 검증","원회사는 소프트웨어 전용이 아니므로 AI 업무전환 가설을 추가 검증","8~12주 또는 파트너","https://www.taxably.ai/","https://www.sec.gov/Archives/edgar/data/2124666/000212466626000001/0002124666-26-000001-index.html"
"469","조건부","응용","A","87","adjacent","Patriot Disability Advocates, Inc.","2025-10-21","LA","Other","기타","225500","200000","1","기타 수직 운영","69","16","12","17","11","7","6","14","1~3개월","신뢰할 수 있는 VA 청구 옹호자들과 함께 VA 장애 혜택에 대한 도움을 받으세요. 우리는 거부된 VA 청구, 등급 인상 및 VA 장애 청구 지원을 지원합니다.","Get VA disability benefits help with trusted VA claim advocates. We assist with denied VA claims, rating increases, and VA disability claim support.","특정 업종의 문서·승인·후속조치가 범용 SaaS에 맞지 않아 엑셀과 사람에게 남는 문제","고객이 매주 반복하는 문서·승인·후속조치 한 개를 서비스형 AI 도구로 제공","반복 업무 1주를 측정하고 한 흐름을 4주간 대신 처리하는 유료 파일럿","월 40만~250만원 + 온보딩·운영 대행비","반복 문서·승인·후속조치가 많은 특정 업종의 대표와 운영 책임자","업종 협회·전문가 파트너·창업자의 직접 고객 인터뷰와 유료 파일럿","업종 템플릿, 고객 수정·완료 데이터, 업무 연동과 판매 채널","회사별 유사 사업을 다시 확인하고 범용 도구보다 좁은 업무의 완료율로 차별화","업종 전체보다 지불 의사가 높은 한 업무를 국내 문서·채널에 맞게 제공","한국에서 결과 데이터를 만든 뒤 규제와 업무가 비슷한 한 국가로 확장","원회사는 소프트웨어 전용이 아니므로 AI 업무전환 가설을 추가 검증","원회사는 소프트웨어 전용이 아니므로 AI 업무전환 가설을 추가 검증","8~12주 또는 파트너","https://patriotdisabilityadvocates.com/","https://www.sec.gov/Archives/edgar/data/2092083/000209208325000001/0002092083-25-000001-index.html"
"470","조건부","응용","B","73","adjacent","Integrative Charging LLC","2025-12-18","CA","Other Energy","기타","2500000","650000","4","기타 수직 운영","69","16","12","17","11","7","6","14","1~3개월","통합 충전은 고객의 요구에 맞는 안정적이고 비용 효율적인 EV 충전 솔루션을 제공합니다. 이 필수 편의 시설로 고객사의 자산을 향상시킬 수 있는 무료 충전 옵션을 알아보세요.","Integrative Charging provides reliable, cost-effective EV charging solutions tailored to your needs. Discover our zero-cost charging options to enhance your property with this essential amenity.","특정 업종의 문서·승인·후속조치가 범용 SaaS에 맞지 않아 엑셀과 사람에게 남는 문제","고객이 매주 반복하는 문서·승인·후속조치 한 개를 서비스형 AI 도구로 제공","반복 업무 1주를 측정하고 한 흐름을 4주간 대신 처리하는 유료 파일럿","월 40만~250만원 + 온보딩·운영 대행비","반복 문서·승인·후속조치가 많은 특정 업종의 대표와 운영 책임자","업종 협회·전문가 파트너·창업자의 직접 고객 인터뷰와 유료 파일럿","업종 템플릿, 고객 수정·완료 데이터, 업무 연동과 판매 채널","회사별 유사 사업을 다시 확인하고 범용 도구보다 좁은 업무의 완료율로 차별화","업종 전체보다 지불 의사가 높은 한 업무를 국내 문서·채널에 맞게 제공","한국에서 결과 데이터를 만든 뒤 규제와 업무가 비슷한 한 국가로 확장","원회사는 소프트웨어 전용이 아니므로 AI 업무전환 가설을 추가 검증","원회사는 소프트웨어 전용이 아니므로 AI 업무전환 가설을 추가 검증","8~12주 또는 파트너","https://integrativecharging.com/","https://www.sec.gov/Archives/edgar/data/2100437/000210043725000001/0002100437-25-000001-index.html"
"471","조건부","응용","B","70","adjacent","Allora Health Inc.","2025-03-10","NY","Other","기타","10000000","","0","기타 수직 운영","69","16","12","17","11","7","6","3","1~3개월","투명한 가격으로 의료 약속을 찾고 예약하세요. 서비스 제공자를 비교하고, 리뷰를 읽고, 고객사의 치료에 대해 정보에 입각한 선택을 하십시오.","Find and book healthcare appointments with transparent pricing. Compare providers, read reviews, and make informed choices about your care.","특정 업종의 문서·승인·후속조치가 범용 SaaS에 맞지 않아 엑셀과 사람에게 남는 문제","고객이 매주 반복하는 문서·승인·후속조치 한 개를 서비스형 AI 도구로 제공","반복 업무 1주를 측정하고 한 흐름을 4주간 대신 처리하는 유료 파일럿","월 40만~250만원 + 온보딩·운영 대행비","반복 문서·승인·후속조치가 많은 특정 업종의 대표와 운영 책임자","업종 협회·전문가 파트너·창업자의 직접 고객 인터뷰와 유료 파일럿","업종 템플릿, 고객 수정·완료 데이터, 업무 연동과 판매 채널","회사별 유사 사업을 다시 확인하고 범용 도구보다 좁은 업무의 완료율로 차별화","업종 전체보다 지불 의사가 높은 한 업무를 국내 문서·채널에 맞게 제공","한국에서 결과 데이터를 만든 뒤 규제와 업무가 비슷한 한 국가로 확장","원회사는 소프트웨어 전용이 아니므로 AI 업무전환 가설을 추가 검증","원회사는 소프트웨어 전용이 아니므로 AI 업무전환 가설을 추가 검증","8~12주 또는 파트너","https://allora.health/","https://www.sec.gov/Archives/edgar/data/1876548/000187654825000001/0001876548-25-000001-index.html"
"472","조건부","응용","B","65","adjacent","WellTheory Technologies, Inc.","2026-02-03","CA","Other Technology","기타 기술","19049978","19049978","20","기타 수직 운영","69","16","12","17","11","7","6","12","1~3개월","우리 프로그램은 귀하가 자가면역 여정의 어느 단계에 있든 실행 가능하고 지원적인 멤버십 경험을 통해 자가면역 생활 방식의 변화를 지원합니다.","Our programs support autoimmune lifestyle changes with an actionable and supportive membership experience, no matter where you are in your autoimmune journey.","특정 업종의 문서·승인·후속조치가 범용 SaaS에 맞지 않아 엑셀과 사람에게 남는 문제","고객이 매주 반복하는 문서·승인·후속조치 한 개를 서비스형 AI 도구로 제공","반복 업무 1주를 측정하고 한 흐름을 4주간 대신 처리하는 유료 파일럿","월 40만~250만원 + 온보딩·운영 대행비","반복 문서·승인·후속조치가 많은 특정 업종의 대표와 운영 책임자","업종 협회·전문가 파트너·창업자의 직접 고객 인터뷰와 유료 파일럿","업종 템플릿, 고객 수정·완료 데이터, 업무 연동과 판매 채널","회사별 유사 사업을 다시 확인하고 범용 도구보다 좁은 업무의 완료율로 차별화","업종 전체보다 지불 의사가 높은 한 업무를 국내 문서·채널에 맞게 제공","한국에서 결과 데이터를 만든 뒤 규제와 업무가 비슷한 한 국가로 확장","원회사는 소프트웨어 전용이 아니므로 AI 업무전환 가설을 추가 검증","원회사는 소프트웨어 전용이 아니므로 AI 업무전환 가설을 추가 검증","8~12주 또는 파트너","https://www.welltheory.com/","https://www.sec.gov/Archives/edgar/data/1936126/000193612626000001/0001936126-26-000001-index.html"
"473","조건부","응용","B","65","adjacent","Nerveli Inc.","2025-09-16","TX","Other Health Care","기타 헬스케어","430000","430000","1","기타 수직 운영","69","16","12","17","11","7","6","11","1~3개월","만성 통증 관리를 간단하게 만들어주는 과학 기반의 맞춤형 통증 완화 앱입니다. 증상을 추적하고, CBT 정보 지원을 받고, 입증된 완화책을 찾으세요.","A personalized, science-based pain relief app that makes managing chronic pain simple. Track symptoms, get CBT-informed support, and find proven relief.","특정 업종의 문서·승인·후속조치가 범용 SaaS에 맞지 않아 엑셀과 사람에게 남는 문제","고객이 매주 반복하는 문서·승인·후속조치 한 개를 서비스형 AI 도구로 제공","반복 업무 1주를 측정하고 한 흐름을 4주간 대신 처리하는 유료 파일럿","월 40만~250만원 + 온보딩·운영 대행비","반복 문서·승인·후속조치가 많은 특정 업종의 대표와 운영 책임자","업종 협회·전문가 파트너·창업자의 직접 고객 인터뷰와 유료 파일럿","업종 템플릿, 고객 수정·완료 데이터, 업무 연동과 판매 채널","회사별 유사 사업을 다시 확인하고 범용 도구보다 좁은 업무의 완료율로 차별화","업종 전체보다 지불 의사가 높은 한 업무를 국내 문서·채널에 맞게 제공","한국에서 결과 데이터를 만든 뒤 규제와 업무가 비슷한 한 국가로 확장","원회사는 소프트웨어 전용이 아니므로 AI 업무전환 가설을 추가 검증","원회사는 소프트웨어 전용이 아니므로 AI 업무전환 가설을 추가 검증","8~12주 또는 파트너","https://getnerveli.com/","https://www.sec.gov/Archives/edgar/data/2084682/000208468225000001/0002084682-25-000001-index.html"
"474","조건부","응용","B","65","adjacent","LIQURE INC","2026-02-23","IL","Other","기타","500000","250000","1","기타 수직 운영","69","16","12","17","11","7","6","13","1~3개월","마시면서 드세요 - 좋은 기분을 즐긴 후 좋은 기분을 유지하기 위한 구미 보충제입니다. DHM, 밀크시슬, 비타민 B, 전해질이 함유되어 간을 지원하고 음주 후 기분이 좋아집니다.","Take While Drinking - Gummy supplements for staying in good spirits after enjoying good spirits. Infused with DHM, Milk Thistle, B-Vitamins, and electrolytes for liver support and feeling great after drinking.","특정 업종의 문서·승인·후속조치가 범용 SaaS에 맞지 않아 엑셀과 사람에게 남는 문제","고객이 매주 반복하는 문서·승인·후속조치 한 개를 서비스형 AI 도구로 제공","반복 업무 1주를 측정하고 한 흐름을 4주간 대신 처리하는 유료 파일럿","월 40만~250만원 + 온보딩·운영 대행비","반복 문서·승인·후속조치가 많은 특정 업종의 대표와 운영 책임자","업종 협회·전문가 파트너·창업자의 직접 고객 인터뷰와 유료 파일럿","업종 템플릿, 고객 수정·완료 데이터, 업무 연동과 판매 채널","회사별 유사 사업을 다시 확인하고 범용 도구보다 좁은 업무의 완료율로 차별화","업종 전체보다 지불 의사가 높은 한 업무를 국내 문서·채널에 맞게 제공","한국에서 결과 데이터를 만든 뒤 규제와 업무가 비슷한 한 국가로 확장","원회사는 소프트웨어 전용이 아니므로 AI 업무전환 가설을 추가 검증","원회사는 소프트웨어 전용이 아니므로 AI 업무전환 가설을 추가 검증","8~12주 또는 파트너","https://liqure.com/","https://www.sec.gov/Archives/edgar/data/2110399/000211039926000001/0002110399-26-000001-index.html"
"475","조건부","응용","B","65","adjacent","oper8r, Inc.","2025-12-17","CA","Other Technology","기타 기술","100000","100000","1","기타 수직 운영","69","16","12","17","11","7","6","11","1~3개월","수익 팀이 GTM 엔지니어를 고용하여 만들려고 하는 계정 메모리, AI 워크플로 및 GTM 운영 체제를 구축하세요.","Build the account memory, AI workflows, and GTM operating systems your revenue team is trying to hire GTM Engineers to create.","특정 업종의 문서·승인·후속조치가 범용 SaaS에 맞지 않아 엑셀과 사람에게 남는 문제","고객이 매주 반복하는 문서·승인·후속조치 한 개를 서비스형 AI 도구로 제공","반복 업무 1주를 측정하고 한 흐름을 4주간 대신 처리하는 유료 파일럿","월 40만~250만원 + 온보딩·운영 대행비","반복 문서·승인·후속조치가 많은 특정 업종의 대표와 운영 책임자","업종 협회·전문가 파트너·창업자의 직접 고객 인터뷰와 유료 파일럿","업종 템플릿, 고객 수정·완료 데이터, 업무 연동과 판매 채널","회사별 유사 사업을 다시 확인하고 범용 도구보다 좁은 업무의 완료율로 차별화","업종 전체보다 지불 의사가 높은 한 업무를 국내 문서·채널에 맞게 제공","한국에서 결과 데이터를 만든 뒤 규제와 업무가 비슷한 한 국가로 확장","원회사는 소프트웨어 전용이 아니므로 AI 업무전환 가설을 추가 검증","원회사는 소프트웨어 전용이 아니므로 AI 업무전환 가설을 추가 검증","8~12주 또는 파트너","https://oper8r.io/","https://www.sec.gov/Archives/edgar/data/2101668/000210166825000001/0002101668-25-000001-index.html"
"476","조건부","응용","B","65","adjacent","PlugOp Technologies Inc.","2025-06-25","OH","Energy Conservation","기타","750000","70000","2","기타 수직 운영","69","16","12","17","11","7","6","6","1~3개월","PlugOp는 다세대 소유자가 포트폴리오 전략, 부하 관리, 인센티브 지원 및 장기 현장 운영 지침을 통해 EV 충전을 계획, 배포 및 운영하는 데 도움을 줍니다.","PlugOp helps multifamily owners plan, deploy, and operate EV charging with portfolio strategy, load management, incentive support, and long-term site operations guidance.","특정 업종의 문서·승인·후속조치가 범용 SaaS에 맞지 않아 엑셀과 사람에게 남는 문제","고객이 매주 반복하는 문서·승인·후속조치 한 개를 서비스형 AI 도구로 제공","반복 업무 1주를 측정하고 한 흐름을 4주간 대신 처리하는 유료 파일럿","월 40만~250만원 + 온보딩·운영 대행비","반복 문서·승인·후속조치가 많은 특정 업종의 대표와 운영 책임자","업종 협회·전문가 파트너·창업자의 직접 고객 인터뷰와 유료 파일럿","업종 템플릿, 고객 수정·완료 데이터, 업무 연동과 판매 채널","회사별 유사 사업을 다시 확인하고 범용 도구보다 좁은 업무의 완료율로 차별화","업종 전체보다 지불 의사가 높은 한 업무를 국내 문서·채널에 맞게 제공","한국에서 결과 데이터를 만든 뒤 규제와 업무가 비슷한 한 국가로 확장","원회사는 소프트웨어 전용이 아니므로 AI 업무전환 가설을 추가 검증","원회사는 소프트웨어 전용이 아니므로 AI 업무전환 가설을 추가 검증","8~12주 또는 파트너","https://www.plugop.com/","https://www.sec.gov/Archives/edgar/data/2001788/000200178825000002/0002001788-25-000002-index.html"
"477","조건부","응용","B","64","adjacent","APLUS BERRY INC","2025-07-09","NE","Manufacturing","제조","250000","63158","1","기타 수직 운영","69","16","12","17","11","7","6","3","1~3개월","A+ Berry는 장 건강, 면역력, 스포츠 회복 및 심장 건강을 지원하기 위해 항산화 성분이 풍부한 슈퍼베리로 와인처럼 제조된 AroJuice, AroPowder 및 AroBoost와 같은 프리미엄 아로니아 기반 웰니스 제품을 제공합니다. 자연적으로 강력하고 지속 가능한 방식으로 공급되며 매일 최고의 기분을 느낄 수 있도록 만들어졌습니다. 미국산","A+ Berry delivers premium aronia-based wellness products - AroJuice, AroPowder, and AroBoost, crafted like wine from antioxidant-rich superberries to support gut health, immunity, sports recovery, and heart wellness. Naturally powerful, sustainably sourced, and made to help you feel your best every day. Made in USA","특정 업종의 문서·승인·후속조치가 범용 SaaS에 맞지 않아 엑셀과 사람에게 남는 문제","고객이 매주 반복하는 문서·승인·후속조치 한 개를 서비스형 AI 도구로 제공","반복 업무 1주를 측정하고 한 흐름을 4주간 대신 처리하는 유료 파일럿","월 40만~250만원 + 온보딩·운영 대행비","반복 문서·승인·후속조치가 많은 특정 업종의 대표와 운영 책임자","업종 협회·전문가 파트너·창업자의 직접 고객 인터뷰와 유료 파일럿","업종 템플릿, 고객 수정·완료 데이터, 업무 연동과 판매 채널","회사별 유사 사업을 다시 확인하고 범용 도구보다 좁은 업무의 완료율로 차별화","업종 전체보다 지불 의사가 높은 한 업무를 국내 문서·채널에 맞게 제공","한국에서 결과 데이터를 만든 뒤 규제와 업무가 비슷한 한 국가로 확장","원회사는 소프트웨어 전용이 아니므로 AI 업무전환 가설을 추가 검증","원회사는 소프트웨어 전용이 아니므로 AI 업무전환 가설을 추가 검증","8~12주 또는 파트너","https://aplusberry.com/","https://www.sec.gov/Archives/edgar/data/2075033/000207503325000004/0002075033-25-000004-index.html"
"478","조건부","응용","B","65","adjacent","ClearChartAI, Inc.","2025-10-08","AZ","Other Technology","기타 기술","500000","50000","1","의료·돌봄 운영","69","15","11","16","13","7","7","3","3~6개월+","고객사의 의료 기록을 쉬운 언어로 이해하십시오. TEFCA를 통해 모든 공급자로부터 기록을 검색합니다. 가족과 안전하게 공유하세요. HIPAA를 준수합니다.","Understand your medical records in plain language. Retrieve records from any provider via TEFCA. Share securely with family. HIPAA compliant.","의료·돌봄 인력이 기록·예약·안내·사후관리 같은 행정업무에 시간을 빼앗기는 문제","진단 대신 예약·기록 정리·환자 안내·사후관리 중 한 흐름을 한 진료과에 맞춰 자동화","직원 업무 1주를 측정하고 반복 안내·기록 한 흐름을 4주간 자동화하는 유료 파일럿","기관당 월 50만~300만원 + 처리 건수 + 초기 연동비","한 진료과의 병·의원, 돌봄기관, 동물병원 운영 책임자","진료과 협회·EMR/PIMS 파트너·원장 커뮤니티와 소개 영업","진료과별 비임상 워크플로, 시스템 연동, 사람 수정·완료 결과 데이터","국내 EMR·예약·환자관리 사업자가 많아 진료과별 비임상 운영 웨지가 필요","개인정보를 최소 수집하고 진단을 제외한 예약·안내·재방문 흐름부터 시작","국내 한 진료과에서 결과를 만든 뒤 일본·싱가포르의 유사 비임상 업무로 확장","원회사는 소프트웨어 전용이 아니므로 AI 업무전환 가설을 추가 검증","원회사는 소프트웨어 전용이 아니므로 AI 업무전환 가설을 추가 검증","8~12주 또는 파트너","https://clearchartai.io/","https://www.sec.gov/Archives/edgar/data/2090597/000209059725000001/0002090597-25-000001-index.html"
"479","조건부","응용","B","55","adjacent","Milly Books, Inc.","2025-06-17","IN","Other","기타","5775877","3775876","10","보험 운영","69","13","10","20","11","7","8","14","3~6개월+","판매용 보험 사업장, 판매용 보험 대행사를 찾고 보험 대행사를 판매하는 방법을 알아보세요. 신뢰할 수 있는 비즈니스 도서 마켓플레이스.","Find Insurance Book Of Business For Sale, Insurance Agencies For Sale, and learn How To Sell Your Insurance Agency. The trusted Book of Business Marketplace.","보험 서류·갱신·담보·청구 예외가 상품과 포털마다 달라 반복 작업이 커지는 문제","보험 판단 대신 서류 접수·증빙 누락·갱신 후속조치처럼 브로커 운영을 자동화","갱신·청구 파일 100건의 누락·미응답을 찾아 우선순위와 후속문안을 제공하는 유료 진단","브로커/지점당 월 80만~400만원 + 처리 건수","GA·보험 브로커·대리점의 운영·갱신·청구 담당자","보험대리점 네트워크, GA 시스템 파트너, 갱신·누락 사례 기반 영업","보험사별 포털·서류·예외, 갱신·완료 결과와 사람 승인 데이터","보험사·GA 솔루션이 존재하므로 자문·심사보다 서류와 갱신 운영으로 제한","보험 판단은 제외하고 서류 접수·증빙 누락·갱신 후속조치에 집중","현지 브로커 파트너 방식으로 한 국가의 포털·문서부터 확장","규제 판단을 제외하고 사람 승인형 운영 보조로 제한 | 원회사는 소프트웨어 전용이 아니므로 AI 업무전환 가설을 추가 검증","규제 판단을 제외하고 사람 승인형 운영 보조로 제한","8~12주 또는 파트너","https://www.millybooks.com/","https://www.sec.gov/Archives/edgar/data/1942494/000194249425000002/0001942494-25-000002-index.html"
"480","조건부","응용","B","65","adjacent","Ilant Health, Inc.","2026-04-09","DE","Other","기타","22427979","22352981","63","의료·돌봄 운영","69","15","10","18","12","7","7","10","3~6개월+","Ilant는 고용주가 지원하는 포괄적인 대사 관리를 제공합니다. 전문적인 임상 지침, 치료 팀, 관리형 GLP-1 계획을 통해 의미 있는 건강 결과를 이끌어냅니다.","Ilant provides comprehensive, employer-backed metabolic care. Drive meaningful health outcomes with expert clinical guidance, care teams, and managed GLP-1 plans.","의료·돌봄 인력이 기록·예약·안내·사후관리 같은 행정업무에 시간을 빼앗기는 문제","진단 대신 예약·기록 정리·환자 안내·사후관리 중 한 흐름을 한 진료과에 맞춰 자동화","직원 업무 1주를 측정하고 반복 안내·기록 한 흐름을 4주간 자동화하는 유료 파일럿","기관당 월 50만~300만원 + 처리 건수 + 초기 연동비","한 진료과의 병·의원, 돌봄기관, 동물병원 운영 책임자","진료과 협회·EMR/PIMS 파트너·원장 커뮤니티와 소개 영업","진료과별 비임상 워크플로, 시스템 연동, 사람 수정·완료 결과 데이터","국내 EMR·예약·환자관리 사업자가 많아 진료과별 비임상 운영 웨지가 필요","개인정보를 최소 수집하고 진단을 제외한 예약·안내·재방문 흐름부터 시작","국내 한 진료과에서 결과를 만든 뒤 일본·싱가포르의 유사 비임상 업무로 확장","원회사는 소프트웨어 전용이 아니므로 AI 업무전환 가설을 추가 검증","원회사는 소프트웨어 전용이 아니므로 AI 업무전환 가설을 추가 검증","8~12주 또는 파트너","https://ilanthealth.com/","https://www.sec.gov/Archives/edgar/data/2123111/000212311126000001/0002123111-26-000001-index.html"
"481","조건부","응용","B","65","direct","DataBahn, Inc. \DE","2025-07-01","TX","Other Technology","기타 기술","16999999","16499998","7","마케팅·영업·고객운영","69","15","8","18","12","9","7","10","3~6개월+","Databahn은 AI를 활용하여 Fortune 500 및 Global 2000 기업에 대한 맞춤형 심층 영업 인텔리전스 및 조직도 보고서를 구축합니다. Databahn 보고서는 비용이 많이 드는 조사 시간을 없애고 새로운 판매 수익을 창출하는 데 도움이 됩니다. Databahn은 전략적 계정 판매 및 계정 기반 마케팅(ABM) 분야에서 고객을 지원합니다.","Databahn utilizes AI to build customized deep dive sales intelligence and org chart reports on Fortune 500 and Global 2000 companies. Databahn reports help eliminate costly research time and drive new sales revenues. Databahn assists its clients in the areas of strategic account sales and account based marketing (ABM).","콘텐츠·문의·고객대화가 매출 행동으로 연결되지 않고 사람이 채널마다 반복 처리하는 문제","문의·리뷰·콘텐츠를 예약·구매·재방문 행동까지 연결하는 업종 특화 도구","최근 문의·리뷰 200건을 매출 행동으로 분류하고 2주간 후속메시지를 실행하는 유료 파일럿","브랜드/지점당 월 30만~200만원 + 채널·전환 건수","예약·상담·반복구매가 중요한 중소 브랜드와 서비스업체","네이버·카카오·스마트스토어 대행사, 업종 커뮤니티, 매출 사례 직접 영업","채널 연동, 업종별 콘텐츠·대화 성과와 실제 예약·구매 전환 데이터","CRM·채널 상담 도구가 많으므로 업종별 예약·매출 귀속까지 완료해야 차별화","네이버·카카오·인스타그램·스마트스토어 문의를 예약·구매·재방문 결과까지 연결","한국 업종별 전환 데이터를 쌓은 뒤 일본 LINE과 동남아 WhatsApp으로 확장","대기업·공공 조달과 보안심사로 첫 매출이 느릴 수 있음 | 규제 판단을 제외하고 사람 승인형 운영 보조로 제한 | 물리·자본 요소를 제외한 주변 운영 소프트웨어만 참고","대기업·공공 조달과 보안심사로 첫 매출이 느릴 수 있음","8~12주 또는 파트너","https://www.databahn.com/","https://www.sec.gov/Archives/edgar/data/2070269/000187864625000015/0001878646-25-000015-index.html"
"482","조건부","응용","A","85","adjacent","Prism Layer AI, Inc.","2026-05-15","DE","Other Technology","기타 기술","1000000","1000000","8","보안·AI 거버넌스","69","14","7","17","13","9","9","19","3~6개월+","기업의 위험관리 기준을 실행 가능한 규칙과 워크플로로 바꾸고, 판단 과정 전체를 추적·감사할 수 있게 한다.","Prism Layer turns your risk framework into an execution layer: structured, auditable risk decisions in seconds, grounded in your data and governed by your guardrails.","AI·클라우드 도구가 늘면서 권한·정책·사고·감사 증빙을 사람이 연결하기 어려운 문제","전체 보안제품 대신 AI 에이전트·MCP 사용대장, 승인, 권한, 실행로그, 감사증빙 한 흐름에 집중","조직의 AI 도구·에이전트를 2주간 발견하고 위험·권한·감사로그를 정리하는 유료 진단","회사당 월 100만~600만원 + 규정팩 + 감사 온보딩비","AI 에이전트를 도입한 스타트업·중견기업의 보안·개발 책임자","ISMS·보안 컨설턴트, MSP, AI 구축사와 규정 대응 콘텐츠","권한 그래프, 증빙 자동수집, 정책·사고·승인 데이터와 규정 매핑","대기업용 GRC가 존재하므로 중견·스타트업의 AI 에이전트 감사증빙에 집중","AI 기본법·ISMS용 에이전트 사용대장·승인·실행로그·감사 내보내기로 진입","한국 규정팩을 검증한 뒤 EU·싱가포르 규정팩과 데이터 처리 옵션을 추가","범용 플랫폼 전체가 아니라 한 업무와 한 구매자만 선택 | 원회사는 소프트웨어 전용이 아니므로 AI 업무전환 가설을 추가 검증","범용 플랫폼 전체가 아니라 한 업무와 한 구매자만 선택","8~12주 또는 파트너","https://www.prismlayer.ai/","https://www.sec.gov/Archives/edgar/data/2133683/000213368326000001/0002133683-26-000001-index.html"
"483","비추천","관찰","B","65","adjacent","SecondAppraisal Inc","2026-05-19","UT","Other","기타","50000","50000","1","보험 운영","68","13","10","20","11","6","8","5","3~6개월+","총 손실 제안이 너무 낮았나요? 독립 감정평가사가 보험사의 가치 평가를 무료로 확인합니다. 고객은 평균 $3,260 이상입니다. 최소 $1,000를 지불하지 않으면 아무것도 지불하지 않습니다.","Was your total-loss offer too low? Independent appraisers check the insurer s valuation for free. Clients average $3,260 more — $1,000 minimum or you pay nothing.","보험 서류·갱신·담보·청구 예외가 상품과 포털마다 달라 반복 작업이 커지는 문제","보험 판단 대신 서류 접수·증빙 누락·갱신 후속조치처럼 브로커 운영을 자동화","갱신·청구 파일 100건의 누락·미응답을 찾아 우선순위와 후속문안을 제공하는 유료 진단","브로커/지점당 월 80만~400만원 + 처리 건수","GA·보험 브로커·대리점의 운영·갱신·청구 담당자","보험대리점 네트워크, GA 시스템 파트너, 갱신·누락 사례 기반 영업","보험사별 포털·서류·예외, 갱신·완료 결과와 사람 승인 데이터","보험사·GA 솔루션이 존재하므로 자문·심사보다 서류와 갱신 운영으로 제한","보험 판단은 제외하고 서류 접수·증빙 누락·갱신 후속조치에 집중","현지 브로커 파트너 방식으로 한 국가의 포털·문서부터 확장","규제 판단을 제외하고 사람 승인형 운영 보조로 제한 | 원회사는 소프트웨어 전용이 아니므로 AI 업무전환 가설을 추가 검증","규제 판단을 제외하고 사람 승인형 운영 보조로 제한","8~12주 또는 파트너","https://secondappraisal.com/","https://www.sec.gov/Archives/edgar/data/2116264/000211626426000002/0002116264-26-000002-index.html"
"484","비추천","관찰","B","65","adjacent","Multikor.ai, Inc.","2025-12-15","MA","Other Technology","기타 기술","500000","500000","1","보험 운영","68","15","7","20","12","6","8","11","3~6개월+","대부분의 AI 조종사는 생산에 도달하지 않습니다. Multikor는 AI 파일럿을 검증된 자가 치유 비즈니스 운영으로 전환하는 생산 계층입니다. 의료, 보험, 금융 서비스 및 정부 분야의 운영자를 위해 구축되었습니다. ~30일 후에 살 수 있습니다. AI 팀이 필요하지 않습니다. 파일럿에서 수익까지 AI.","Most AI pilots never reach production. Multikor is the production layer that turns AI pilots into validated, self-healing business operations. Built for operators in healthcare, insurance, financial services, and government. Live in ~30 days. No AI team required. AI from Pilot to Profit.","보험 서류·갱신·담보·청구 예외가 상품과 포털마다 달라 반복 작업이 커지는 문제","보험 판단 대신 서류 접수·증빙 누락·갱신 후속조치처럼 브로커 운영을 자동화","갱신·청구 파일 100건의 누락·미응답을 찾아 우선순위와 후속문안을 제공하는 유료 진단","브로커/지점당 월 80만~400만원 + 처리 건수","GA·보험 브로커·대리점의 운영·갱신·청구 담당자","보험대리점 네트워크, GA 시스템 파트너, 갱신·누락 사례 기반 영업","보험사별 포털·서류·예외, 갱신·완료 결과와 사람 승인 데이터","보험사·GA 솔루션이 존재하므로 자문·심사보다 서류와 갱신 운영으로 제한","보험 판단은 제외하고 서류 접수·증빙 누락·갱신 후속조치에 집중","현지 브로커 파트너 방식으로 한 국가의 포털·문서부터 확장","대기업·공공 조달과 보안심사로 첫 매출이 느릴 수 있음 | 원회사는 소프트웨어 전용이 아니므로 AI 업무전환 가설을 추가 검증","대기업·공공 조달과 보안심사로 첫 매출이 느릴 수 있음","8~12주 또는 파트너","https://multikor.ai/","https://www.sec.gov/Archives/edgar/data/2100580/000210058025000001/0002100580-25-000001-index.html"
"485","비추천","관찰","A","87","direct","Double Blind Bio Inc.","2025-12-29","CA","Other Technology","기타 기술","5619999","5619999","6","의료·돌봄 운영","67","14","9","19","10","7","8","15","3~6개월+","시험 수명 주기 전반에 걸쳐 사이트 및 스폰서 워크플로를 자동화하는 AI 에이전트 - 인원을 추가하지 않고도 시험이 더 빠르게 진행됩니다.","AI agents that automate site and sponsor workflows across the trial lifecycle - so trials move faster without adding headcount.","의료·돌봄 인력이 기록·예약·안내·사후관리 같은 행정업무에 시간을 빼앗기는 문제","진단 대신 예약·기록 정리·환자 안내·사후관리 중 한 흐름을 한 진료과에 맞춰 자동화","직원 업무 1주를 측정하고 반복 안내·기록 한 흐름을 4주간 자동화하는 유료 파일럿","기관당 월 50만~300만원 + 처리 건수 + 초기 연동비","한 진료과의 병·의원, 돌봄기관, 동물병원 운영 책임자","진료과 협회·EMR/PIMS 파트너·원장 커뮤니티와 소개 영업","진료과별 비임상 워크플로, 시스템 연동, 사람 수정·완료 결과 데이터","국내 EMR·예약·환자관리 사업자가 많아 진료과별 비임상 운영 웨지가 필요","개인정보를 최소 수집하고 진단을 제외한 예약·안내·재방문 흐름부터 시작","국내 한 진료과에서 결과를 만든 뒤 일본·싱가포르의 유사 비임상 업무로 확장","규제 판단을 제외하고 사람 승인형 운영 보조로 제한","규제 판단을 제외하고 사람 승인형 운영 보조로 제한","8~12주 또는 파트너","https://www.doubleblindbio.co/","https://www.sec.gov/Archives/edgar/data/2102510/000210251025000001/0002102510-25-000001-index.html"
"486","비추천","관찰","B","65","direct","Beaconcure Inc.","2025-01-08","MA","Other Technology","기타 기술","14989997","14989997","5","의료·돌봄 운영","67","14","9","19","10","7","8","12","3~6개월+","검증을 사용하여 TLF 검증 프로세스를 가속화하고 임상 검토 워크플로우를 간소화하며 가시성을 향상시킵니다.","Use Verify to accelerate TLF validation processes, streamline clinical review workflows, and enhance visibility","의료·돌봄 인력이 기록·예약·안내·사후관리 같은 행정업무에 시간을 빼앗기는 문제","진단 대신 예약·기록 정리·환자 안내·사후관리 중 한 흐름을 한 진료과에 맞춰 자동화","직원 업무 1주를 측정하고 반복 안내·기록 한 흐름을 4주간 자동화하는 유료 파일럿","기관당 월 50만~300만원 + 처리 건수 + 초기 연동비","한 진료과의 병·의원, 돌봄기관, 동물병원 운영 책임자","진료과 협회·EMR/PIMS 파트너·원장 커뮤니티와 소개 영업","진료과별 비임상 워크플로, 시스템 연동, 사람 수정·완료 결과 데이터","국내 EMR·예약·환자관리 사업자가 많아 진료과별 비임상 운영 웨지가 필요","개인정보를 최소 수집하고 진단을 제외한 예약·안내·재방문 흐름부터 시작","국내 한 진료과에서 결과를 만든 뒤 일본·싱가포르의 유사 비임상 업무로 확장","규제 판단을 제외하고 사람 승인형 운영 보조로 제한","규제 판단을 제외하고 사람 승인형 운영 보조로 제한","8~12주 또는 파트너","https://beaconcure.com/","https://www.sec.gov/Archives/edgar/data/1894780/000189478025000002/0001894780-25-000002-index.html"
"487","비추천","관찰","B","65","adjacent","FleetHD Inc.","2025-08-22","CA","Other Technology","기타 기술","1254008","1254008","3","현장·건설·산업 운영","67","10","7","19","15","8","8","14","3~6개월+","FleetHD는 차량의 진단·점검·운영 데이터를 통합해 정비팀이 먼저 처리할 고장 위험, 경보와 조치 우선순위를 알려주는 차량정비 플랫폼이다.","FleetHD turns raw diagnostic, inspection, and operational data into the alerts, priorities, and insights your maintenance team runs on.","현장 사진·완료서·견적·규정 증빙이 흩어져 청구와 공정 결정이 늦어지는 문제","작업사진·완료서·자재·견적을 청구와 규정 증빙으로 바꾸는 공종 하나의 도구","한 현장의 사진·작업일보를 기성·청구 증빙으로 변환하는 4주 유료 파일럿","업체당 월 70만~350만원 + 현장 수 + 초기 문서설정비","전문건설사·설비사·정비업체의 현장소장과 공무·청구 담당자","공종 협회, 세무·ERP·장비 파트너, 현장 사례 기반 직접 영업","공종별 문서·사진 판정, 청구 결과, 현장 시스템 연동과 예외 규칙","건설 공무·적산·견적 자동화가 인접하므로 전 공종 ERP보다 작업→청구 흐름에 집중","카카오톡 사진·HWP·세금계산서·공종 용어를 연결해 작업 완료→청구 한 공종으로 제한","한국 공종에서 검증한 뒤 일본·호주의 유사 현장 문서와 청구 흐름으로 확장","물리·자본 요소를 제외한 주변 운영 소프트웨어만 참고 | 범용 플랫폼 전체가 아니라 한 업무와 한 구매자만 선택 | 원회사는 소프트웨어 전용이 아니므로 AI 업무전환 가설을 추가 검증","물리·자본 요소를 제외한 주변 운영 소프트웨어만 참고","8~12주 또는 파트너","https://fleethd.com/","https://www.sec.gov/Archives/edgar/data/2082163/000208216325000002/0002082163-25-000002-index.html"
"488","비추천","관찰","B","65","adjacent","Remoasset Corp","2026-05-26","TX","Computers","컴퓨터","","100000","1","조달·물류·공급망","67","13","7","17","13","9","8","13","3~6개월+","80개 이상의 국가에서 글로벌 노트북 운영을 관리하세요. 국경을 넘는 지연이나 공급업체 조정 없이 현지에서 장치를 조달, 배송 및 회수합니다.","Manage global laptop operations across 80+ countries. Procure, deliver, and retrieve devices locally—without cross-border delays or vendor coordination.","RFQ·견적·발주·선적 문서가 흩어져 가격·납기·승인 예외를 놓치는 문제","RFQ·견적·발주·선적 문서를 읽고 누락·가격변경·납기 예외를 한 품목군에서 처리","최근 RFQ·견적 100건을 표준화해 누락·가격차·미응답을 찾아주는 유료 업무진단","업체당 월 80만~400만원 + 문서/거래 건수 + 온보딩비","중소 제조·수출기업의 구매·영업·물류 책임자","ERP·관세·물류 파트너, 산업단지와 품목별 직접 영업","거래처별 예외, 품목 매핑, 견적·납기 결과와 승인 데이터","ERP는 강하지만 중소 제조업의 이메일·엑셀 예외 처리는 수작업인 경우가 많음","이메일·엑셀·거래처 품목명을 국내 RFQ·발주 문서 형식에 맞게 처리","한국 수출기업에서 시작해 일본·동남아 공급사 문서와 이메일·WhatsApp으로 확장","물리·자본 요소를 제외한 주변 운영 소프트웨어만 참고 | 원회사는 소프트웨어 전용이 아니므로 AI 업무전환 가설을 추가 검증","물리·자본 요소를 제외한 주변 운영 소프트웨어만 참고","8~12주 또는 파트너","https://remoasset.com/","https://www.sec.gov/Archives/edgar/data/2128742/000212874226000001/0002128742-26-000001-index.html"
"489","비추천","관찰","B","65","adjacent","MATIUM INC.","2025-09-29","MD","Other Technology","기타 기술","2500000","500000","1","조달·물류·공급망","67","11","6","20","11","9","10","11","3~6개월+","플라스틱을 위한 무료 시장. PE, PP, PET, HDPE, rPET, 재분쇄 및 스크랩을 수수료 없이 사고 팔 수 있습니다. 950개 이상의 검증된 회사. AI 중매, 실시간 가격 책정, 화물 관리.","The free marketplace for plastics. Buy and sell PE, PP, PET, HDPE, rPET, regrind, and scrap with zero fees. 950+ verified companies. AI matchmaking, real-time pricing, and managed freight.","RFQ·견적·발주·선적 문서가 흩어져 가격·납기·승인 예외를 놓치는 문제","RFQ·견적·발주·선적 문서를 읽고 누락·가격변경·납기 예외를 한 품목군에서 처리","최근 RFQ·견적 100건을 표준화해 누락·가격차·미응답을 찾아주는 유료 업무진단","업체당 월 80만~400만원 + 문서/거래 건수 + 온보딩비","중소 제조·수출기업의 구매·영업·물류 책임자","ERP·관세·물류 파트너, 산업단지와 품목별 직접 영업","거래처별 예외, 품목 매핑, 견적·납기 결과와 승인 데이터","ERP는 강하지만 중소 제조업의 이메일·엑셀 예외 처리는 수작업인 경우가 많음","이메일·엑셀·거래처 품목명을 국내 RFQ·발주 문서 형식에 맞게 처리","한국 수출기업에서 시작해 일본·동남아 공급사 문서와 이메일·WhatsApp으로 확장","규제 판단을 제외하고 사람 승인형 운영 보조로 제한 | 핵심 시스템 연동 전 파일·이메일 입력으로 먼저 검증 | 범용 플랫폼 전체가 아니라 한 업무와 한 구매자만 선택 | 원회사는 소프트웨어 전용이 아니므로 AI 업무전환 가설을 추가 검증","규제 판단을 제외하고 사람 승인형 운영 보조로 제한","8~12주 또는 파트너","https://matium.com/","https://www.sec.gov/Archives/edgar/data/1964202/000196420225000002/0001964202-25-000002-index.html"
"490","비추천","관찰","B","65","direct","Nominal, Inc.","2025-06-16","TX","Other","기타","23710000","23709943","18","현장·건설·산업 운영","67","12","6","18","14","8","9","10","3~6개월+","Nominal은 고급 데이터 인프라, 실시간 관찰 및 분석 도구를 모두 갖춘 하나의 협업 플랫폼으로 미션 크리티컬 엔지니어링을 강화합니다.","Nominal powers mission-critical engineering with advanced data infrastructure, real-time observability, and analysis tools — all in one collaborative platform.","현장 사진·완료서·견적·규정 증빙이 흩어져 청구와 공정 결정이 늦어지는 문제","작업사진·완료서·자재·견적을 청구와 규정 증빙으로 바꾸는 공종 하나의 도구","한 현장의 사진·작업일보를 기성·청구 증빙으로 변환하는 4주 유료 파일럿","업체당 월 70만~350만원 + 현장 수 + 초기 문서설정비","전문건설사·설비사·정비업체의 현장소장과 공무·청구 담당자","공종 협회, 세무·ERP·장비 파트너, 현장 사례 기반 직접 영업","공종별 문서·사진 판정, 청구 결과, 현장 시스템 연동과 예외 규칙","건설 공무·적산·견적 자동화가 인접하므로 전 공종 ERP보다 작업→청구 흐름에 집중","카카오톡 사진·HWP·세금계산서·공종 용어를 연결해 작업 완료→청구 한 공종으로 제한","한국 공종에서 검증한 뒤 일본·호주의 유사 현장 문서와 청구 흐름으로 확장","물리·자본 요소를 제외한 주변 운영 소프트웨어만 참고 | 범용 플랫폼 전체가 아니라 한 업무와 한 구매자만 선택","물리·자본 요소를 제외한 주변 운영 소프트웨어만 참고","8~12주 또는 파트너","https://nominal.io/","https://www.sec.gov/Archives/edgar/data/1956231/000195623125000002/0001956231-25-000002-index.html"
"491","비추천","관찰","A","85","adjacent","Alvee Health Inc.","2026-05-04","FL","Other Health Care","기타 헬스케어","2500023","2500023","3","의료 수익·청구 운영","67","13","5","20","12","7","10","19","3~6개월+","진료기록에서 환자의 사회적 필요를 찾아 지원 서비스와 연결하고, 관련 의료비 보상까지 받을 수 있도록 돕는다.","Alvee activates SDOH and whole-person care: surface social needs in your charts, connect patients to real help, and capture reimbursement you already earn.","자격확인·서류 누락·청구 거절·미수금 때문에 의료기관 매출이 새는 문제","진단을 피하고 청구 전 누락검사·거절 사유 분류·미수 후속조치 중 하나를 사람 승인 방식으로 자동화","익명화한 과거 청구 200건에서 누락·거절 원인을 찾아 회수 가능액을 제시하는 유료 진단","기관당 월 100만~500만원 + 처리 건수 또는 회수 성과수수료","치과·검사기관·중소 의료기관의 청구·원무 책임자","청구대행사·EMR 파트너·진료과 협회 소개 영업","거절·누락 사유, 수정 이력, 실제 회수 결과와 진료과별 검수 규칙","EMR·청구대행 사업이 있으므로 진단이 아닌 누락 탐지와 회수 결과 데이터로 차별화","미국 보험 구조를 복제하지 않고 국내 비임상 서류·미수·재방문·청구 전 검수로 현지화","한국에서 비임상 수익운영을 검증한 뒤 일본·싱가포르 현지 파트너와 확장","대기업·공공 조달과 보안심사로 첫 매출이 느릴 수 있음 | 핵심 시스템 연동 전 파일·이메일 입력으로 먼저 검증 | 원회사는 소프트웨어 전용이 아니므로 AI 업무전환 가설을 추가 검증","대기업·공공 조달과 보안심사로 첫 매출이 느릴 수 있음","8~12주 또는 파트너","https://alvee.ai/","https://www.sec.gov/Archives/edgar/data/2132348/000213234826000001/0002132348-26-000001-index.html"
"492","비추천","관찰","B","70","adjacent","RIVR Health AI, Inc.","2026-02-25","DE","Other Technology","기타 기술","10000000","1175000","7","의료·돌봄 운영","65","15","9","16","12","6","7","16","3~6개월+","RIVR Health는 고객사의 의료 기록을 하나의 명확한 연대순 타임라인으로 안전하게 연결하고 정리합니다. 사적인. 안전한. 환자를 위해 제작되었습니다.","RIVR Health securely connects and organizes your medical records into one clear chronological timeline. Private. Secure. Built for patients.","의료·돌봄 인력이 기록·예약·안내·사후관리 같은 행정업무에 시간을 빼앗기는 문제","진단 대신 예약·기록 정리·환자 안내·사후관리 중 한 흐름을 한 진료과에 맞춰 자동화","직원 업무 1주를 측정하고 반복 안내·기록 한 흐름을 4주간 자동화하는 유료 파일럿","기관당 월 50만~300만원 + 처리 건수 + 초기 연동비","한 진료과의 병·의원, 돌봄기관, 동물병원 운영 책임자","진료과 협회·EMR/PIMS 파트너·원장 커뮤니티와 소개 영업","진료과별 비임상 워크플로, 시스템 연동, 사람 수정·완료 결과 데이터","국내 EMR·예약·환자관리 사업자가 많아 진료과별 비임상 운영 웨지가 필요","개인정보를 최소 수집하고 진단을 제외한 예약·안내·재방문 흐름부터 시작","국내 한 진료과에서 결과를 만든 뒤 일본·싱가포르의 유사 비임상 업무로 확장","원회사는 소프트웨어 전용이 아니므로 AI 업무전환 가설을 추가 검증","원회사는 소프트웨어 전용이 아니므로 AI 업무전환 가설을 추가 검증","8~12주 또는 파트너","https://rivrhealth.com/","https://www.sec.gov/Archives/edgar/data/2108621/000210862126000001/0002108621-26-000001-index.html"
"493","비추천","관찰","B","65","adjacent","Atbash Labs, Inc.","2025-04-25","CA","Other Technology","기타 기술","4000000","4000000","4","의료·돌봄 운영","65","15","9","16","12","6","7","14","3~6개월+","민감한 에이전트 작업에 대한 결정 및 책임 계층. 자금이 재무부를 떠나기 전에. 에이전트가 프로덕션에 푸시하기 전입니다. 주문이 환자에게 도달하기 전에.","The decision and accountability layer for sensitive agent actions. Before the funds leave your treasury. Before the agent pushes to production. Before the order reaches the patient.","의료·돌봄 인력이 기록·예약·안내·사후관리 같은 행정업무에 시간을 빼앗기는 문제","진단 대신 예약·기록 정리·환자 안내·사후관리 중 한 흐름을 한 진료과에 맞춰 자동화","직원 업무 1주를 측정하고 반복 안내·기록 한 흐름을 4주간 자동화하는 유료 파일럿","기관당 월 50만~300만원 + 처리 건수 + 초기 연동비","한 진료과의 병·의원, 돌봄기관, 동물병원 운영 책임자","진료과 협회·EMR/PIMS 파트너·원장 커뮤니티와 소개 영업","진료과별 비임상 워크플로, 시스템 연동, 사람 수정·완료 결과 데이터","국내 EMR·예약·환자관리 사업자가 많아 진료과별 비임상 운영 웨지가 필요","개인정보를 최소 수집하고 진단을 제외한 예약·안내·재방문 흐름부터 시작","국내 한 진료과에서 결과를 만든 뒤 일본·싱가포르의 유사 비임상 업무로 확장","원회사는 소프트웨어 전용이 아니므로 AI 업무전환 가설을 추가 검증","원회사는 소프트웨어 전용이 아니므로 AI 업무전환 가설을 추가 검증","8~12주 또는 파트너","https://atbash.ai/","https://www.sec.gov/Archives/edgar/data/1933039/000137647425000388/0001376474-25-000388-index.html"
"494","비추천","관찰","B","65","direct","Senca Inc","2026-02-20","DE","Other Technology","기타 기술","","40000","1","의료·돌봄 운영","63","14","8","17","10","6","8","5","3~6개월+","근로자 보상, 상업 지급인 및 TPA를 위해 구축된 AI 기반 임상 의사 결정 지원입니다. 지능형 자동화로 활용도 검토를 간소화합니다.","AI-powered clinical decision support built for workers comp, commercial payers, and TPAs. Streamline utilization review with intelligent automation.","의료·돌봄 인력이 기록·예약·안내·사후관리 같은 행정업무에 시간을 빼앗기는 문제","진단 대신 예약·기록 정리·환자 안내·사후관리 중 한 흐름을 한 진료과에 맞춰 자동화","직원 업무 1주를 측정하고 반복 안내·기록 한 흐름을 4주간 자동화하는 유료 파일럿","기관당 월 50만~300만원 + 처리 건수 + 초기 연동비","한 진료과의 병·의원, 돌봄기관, 동물병원 운영 책임자","진료과 협회·EMR/PIMS 파트너·원장 커뮤니티와 소개 영업","진료과별 비임상 워크플로, 시스템 연동, 사람 수정·완료 결과 데이터","국내 EMR·예약·환자관리 사업자가 많아 진료과별 비임상 운영 웨지가 필요","개인정보를 최소 수집하고 진단을 제외한 예약·안내·재방문 흐름부터 시작","국내 한 진료과에서 결과를 만든 뒤 일본·싱가포르의 유사 비임상 업무로 확장","규제 판단을 제외하고 사람 승인형 운영 보조로 제한","규제 판단을 제외하고 사람 승인형 운영 보조로 제한","8~12주 또는 파트너","https://www.senca.ai/","https://www.sec.gov/Archives/edgar/data/2093170/000209317026000001/0002093170-26-000001-index.html"
"495","비추천","관찰","B","65","adjacent","Marvix AI, Inc.","2026-02-27","MA","Computers","컴퓨터","2800000","2800000","3","의료·돌봄 운영","62","11","6","18","12","6","9","16","3~6개월+","맞춤형 임상 기록을 작성하고, 이전 환자 기록을 요약하고, ICD-10 코딩을 자동화하고, 문서를 EHR과 직접 동기화하는 전문 치료용으로 제작된 Ambient AI 의료 서기입니다. 30일 무료 평가판으로 Marvix AI를 사용해 보세요","Ambient AI medical scribe built for specialty care that creates custom clinical notes, summarizes prior patient history, automates ICD-10 coding and syncs documentation directly with EHRs. Try Marvix AI with a 30-day free trial","의료·돌봄 인력이 기록·예약·안내·사후관리 같은 행정업무에 시간을 빼앗기는 문제","진단 대신 예약·기록 정리·환자 안내·사후관리 중 한 흐름을 한 진료과에 맞춰 자동화","직원 업무 1주를 측정하고 반복 안내·기록 한 흐름을 4주간 자동화하는 유료 파일럿","기관당 월 50만~300만원 + 처리 건수 + 초기 연동비","한 진료과의 병·의원, 돌봄기관, 동물병원 운영 책임자","진료과 협회·EMR/PIMS 파트너·원장 커뮤니티와 소개 영업","진료과별 비임상 워크플로, 시스템 연동, 사람 수정·완료 결과 데이터","국내 EMR·예약·환자관리 사업자가 많아 진료과별 비임상 운영 웨지가 필요","개인정보를 최소 수집하고 진단을 제외한 예약·안내·재방문 흐름부터 시작","국내 한 진료과에서 결과를 만든 뒤 일본·싱가포르의 유사 비임상 업무로 확장","핵심 시스템 연동 전 파일·이메일 입력으로 먼저 검증 | 범용 플랫폼 전체가 아니라 한 업무와 한 구매자만 선택 | 원회사는 소프트웨어 전용이 아니므로 AI 업무전환 가설을 추가 검증","핵심 시스템 연동 전 파일·이메일 입력으로 먼저 검증","8~12주 또는 파트너","https://www.marvix.ai/","https://www.sec.gov/Archives/edgar/data/2113219/000211321926000001/0002113219-26-000001-index.html"
"496","비추천","관찰","A","78","direct","Swipe Savvy Inc.","2026-05-04","FL","Other Technology","기타 기술","10000000","1800000","0","개발도구·데이터","62","11","6","16","9","10","10","16","3~6개월+","Swipe Savvy는 레스토랑, 소매업, 식료품점, 의료 및 25개 이상의 산업을 위해 구축된 클라우드 POS, 고객 보상, 충성도 프로그램 및 AI 기반 분석을 통합합니다.","Swipe Savvy unifies cloud POS, customer rewards, loyalty programs, and AI-driven analytics — built for restaurants, retail, grocery, healthcare, and 25+ industries.","코드·데이터·클라우드 맥락이 파편화돼 개발·분석·AI 배포의 오류와 대기시간이 늘어나는 문제","코드·티켓·문서 맥락, 생성코드 QA, 데이터 품질 중 평가 가능한 한 문제를 해결","고객 저장소·데이터셋 한 곳에서 오류 20건을 재현·분류하는 2주 유료 파일럿","개발자/데이터 사용자당 월 3만~20만원 + 기업 온보딩비","AI 기능을 운영하는 국내외 개발·데이터 팀과 소프트웨어 회사","오픈소스·기술 콘텐츠, 개발자 커뮤니티, 클라우드·SI 파트너","저장소·티켓 연동, 조직별 평가셋, 오류·수정·배포 결과 데이터","글로벌 개발도구와 국내 MSP가 강하므로 특정 평가셋이나 레거시 연동이 필요","한국 레거시·SI 스택의 코드·티켓·문서와 생성코드 QA처럼 현지 맥락이 필요한 문제로 진입","영문 제품과 API를 먼저 제공하고 평가셋·연동팩을 산업별로 확장","규제 판단을 제외하고 사람 승인형 운영 보조로 제한 | 핵심 시스템 연동 전 파일·이메일 입력으로 먼저 검증 | 물리·자본 요소를 제외한 주변 운영 소프트웨어만 참고","규제 판단을 제외하고 사람 승인형 운영 보조로 제한","8~12주 또는 파트너","https://swipesavvy.com/","https://www.sec.gov/Archives/edgar/data/2096035/000209603526000004/0002096035-26-000004-index.html"
"497","비추천","관찰","B","65","direct","Clinware Solutions, Inc.","2025-05-27","NC","Computers","컴퓨터","2000000","2000000","1","의료·돌봄 운영","62","10","5","18","12","7","10","11","3~6개월+","Clinware는 환자 치료를 혁신하고 의료 운영을 간소화하며 의료 결과를 향상시키는 포괄적인 의료 AI 소프트웨어입니다.","Clinware is a comprehensive healthcare AI software that revolutionizes patient care, streamlines medical operations, and enhances healthcare outcomes.","의료·돌봄 인력이 기록·예약·안내·사후관리 같은 행정업무에 시간을 빼앗기는 문제","진단 대신 예약·기록 정리·환자 안내·사후관리 중 한 흐름을 한 진료과에 맞춰 자동화","직원 업무 1주를 측정하고 반복 안내·기록 한 흐름을 4주간 자동화하는 유료 파일럿","기관당 월 50만~300만원 + 처리 건수 + 초기 연동비","한 진료과의 병·의원, 돌봄기관, 동물병원 운영 책임자","진료과 협회·EMR/PIMS 파트너·원장 커뮤니티와 소개 영업","진료과별 비임상 워크플로, 시스템 연동, 사람 수정·완료 결과 데이터","국내 EMR·예약·환자관리 사업자가 많아 진료과별 비임상 운영 웨지가 필요","개인정보를 최소 수집하고 진단을 제외한 예약·안내·재방문 흐름부터 시작","국내 한 진료과에서 결과를 만든 뒤 일본·싱가포르의 유사 비임상 업무로 확장","핵심 시스템 연동 전 파일·이메일 입력으로 먼저 검증 | 물리·자본 요소를 제외한 주변 운영 소프트웨어만 참고","핵심 시스템 연동 전 파일·이메일 입력으로 먼저 검증","8~12주 또는 파트너","https://clinware.com/","https://www.sec.gov/Archives/edgar/data/2069594/000206959425000001/0002069594-25-000001-index.html"
"498","비추천","관찰","B","65","adjacent","Carethink, Inc.","2025-09-22","MA","Other Technology","기타 기술","","120000","2","의료·돌봄 운영","61","13","7","16","12","6","7","14","3~6개월+","Carethink는 진료 의뢰, 팩스, 전화, 음성 메일 및 후속 작업을 자동화하여 의료 관행이 환자를 접수에서 완료 방문으로 이동시킵니다.","Carethink automates referrals, faxes, calls, voicemails, and follow-up work so medical practices move patients from intake to completed visits.","의료·돌봄 인력이 기록·예약·안내·사후관리 같은 행정업무에 시간을 빼앗기는 문제","진단 대신 예약·기록 정리·환자 안내·사후관리 중 한 흐름을 한 진료과에 맞춰 자동화","직원 업무 1주를 측정하고 반복 안내·기록 한 흐름을 4주간 자동화하는 유료 파일럿","기관당 월 50만~300만원 + 처리 건수 + 초기 연동비","한 진료과의 병·의원, 돌봄기관, 동물병원 운영 책임자","진료과 협회·EMR/PIMS 파트너·원장 커뮤니티와 소개 영업","진료과별 비임상 워크플로, 시스템 연동, 사람 수정·완료 결과 데이터","국내 EMR·예약·환자관리 사업자가 많아 진료과별 비임상 운영 웨지가 필요","개인정보를 최소 수집하고 진단을 제외한 예약·안내·재방문 흐름부터 시작","국내 한 진료과에서 결과를 만든 뒤 일본·싱가포르의 유사 비임상 업무로 확장","범용 플랫폼 전체가 아니라 한 업무와 한 구매자만 선택 | 원회사는 소프트웨어 전용이 아니므로 AI 업무전환 가설을 추가 검증","범용 플랫폼 전체가 아니라 한 업무와 한 구매자만 선택","8~12주 또는 파트너","https://www.carethink.com/","https://www.sec.gov/Archives/edgar/data/2087118/000208711825000001/0002087118-25-000001-index.html"
"499","비추천","관찰","B","65","adjacent","Billy Co","2026-06-05","CA","Other Technology","기타 기술","10000000","100000","1","보험 운영","60","12","4","20","10","6","8","13","3~6개월+","Billy.com을 통해 전문가를 쉽게 고용하세요. 이사, 보험, 홈 서비스, 변호사, 모기지 및 태양광 분야에서 최고 수준의 신뢰할 수 있는 전문가가 제공하는 무료 전문 서비스 견적을 받아보세요.","Hire pros the easy way with Billy.com. Free professional service quotes from our top-rated trusted pros in moving, insurance, home service, attorneys, mortgage and solar","보험 서류·갱신·담보·청구 예외가 상품과 포털마다 달라 반복 작업이 커지는 문제","보험 판단 대신 서류 접수·증빙 누락·갱신 후속조치처럼 브로커 운영을 자동화","갱신·청구 파일 100건의 누락·미응답을 찾아 우선순위와 후속문안을 제공하는 유료 진단","브로커/지점당 월 80만~400만원 + 처리 건수","GA·보험 브로커·대리점의 운영·갱신·청구 담당자","보험대리점 네트워크, GA 시스템 파트너, 갱신·누락 사례 기반 영업","보험사별 포털·서류·예외, 갱신·완료 결과와 사람 승인 데이터","보험사·GA 솔루션이 존재하므로 자문·심사보다 서류와 갱신 운영으로 제한","보험 판단은 제외하고 서류 접수·증빙 누락·갱신 후속조치에 집중","현지 브로커 파트너 방식으로 한 국가의 포털·문서부터 확장","대기업·공공 조달과 보안심사로 첫 매출이 느릴 수 있음 | 규제 판단을 제외하고 사람 승인형 운영 보조로 제한 | 원회사는 소프트웨어 전용이 아니므로 AI 업무전환 가설을 추가 검증","대기업·공공 조달과 보안심사로 첫 매출이 느릴 수 있음","8~12주 또는 파트너","https://www.billy.com/","https://www.sec.gov/Archives/edgar/data/2139005/000213900526000001/0002139005-26-000001-index.html"
"500","비추천","관찰","B","65","adjacent","ColigoMed Inc.","2026-02-10","CA","Other Technology","기타 기술","2000000","1840000","35","의료·돌봄 운영","49","5","3","15","10","7","9","16","3~6개월+","ColigoMed™가 EMR의 상호 운용성을 높이고 AI를 사용하여 수동 작업을 자동화하여 환자 치료를 개선하는 방법을 알아보세요.","Learn how ColigoMed™ makes EMRs interoperable and uses AI to automate manual tasks to improve patient care.","의료·돌봄 인력이 기록·예약·안내·사후관리 같은 행정업무에 시간을 빼앗기는 문제","진단 대신 예약·기록 정리·환자 안내·사후관리 중 한 흐름을 한 진료과에 맞춰 자동화","직원 업무 1주를 측정하고 반복 안내·기록 한 흐름을 4주간 자동화하는 유료 파일럿","기관당 월 50만~300만원 + 처리 건수 + 초기 연동비","한 진료과의 병·의원, 돌봄기관, 동물병원 운영 책임자","진료과 협회·EMR/PIMS 파트너·원장 커뮤니티와 소개 영업","진료과별 비임상 워크플로, 시스템 연동, 사람 수정·완료 결과 데이터","국내 EMR·예약·환자관리 사업자가 많아 진료과별 비임상 운영 웨지가 필요","개인정보를 최소 수집하고 진단을 제외한 예약·안내·재방문 흐름부터 시작","국내 한 진료과에서 결과를 만든 뒤 일본·싱가포르의 유사 비임상 업무로 확장","규제 판단을 제외하고 사람 승인형 운영 보조로 제한 | 핵심 시스템 연동 전 파일·이메일 입력으로 먼저 검증 | 물리·자본 요소를 제외한 주변 운영 소프트웨어만 참고 | 원회사는 소프트웨어 전용이 아니므로 AI 업무전환 가설을 추가 검증","규제 판단을 제외하고 사람 승인형 운영 보조로 제한","8~12주 또는 파트너","https://www.coligomed.com/","https://www.sec.gov/Archives/edgar/data/2079732/000207973226000001/0002079732-26-000001-index.html"
